name,Average RR
DLIR,2.082554602202366
BNST,2.174336247475576
FIFO,2.5917377952981866
OYST,2.0840762486803093
PARALLEL,2.850571495958072
