name,Std. Deviation of RR
DLIR,0.8303587403074422
BNST,1.6628555870686335
FIFO,2.220257203827591
OYST,0.8566170303102909
PARALLEL,2.5407666598149174
