name,Max RR
DLIR,5.073397871993906
BNST,8.475201902957304
FIFO,12.057670563505097
OYST,4.9318024589467555
PARALLEL,15.121785136360332
