name,Average RR, Max RR
DLIR,2.082554602202366,5.073397871993906
BNST,2.174336247475576,8.475201902957304
FIFO,2.5917377952981866,12.057670563505097
OYST,2.0840762486803093,4.9318024589467555
PARALLEL,2.850571495958072,15.121785136360332
