{
    "child_model_execute_cost_by_ms": [
        9.932000160217285
    ],
    "child_model_run_time": [
        [
            10848937,
            10858869
        ]
    ],
    "execute_cost": 9.932000160217285,
    "finish_time": 10858883,
    "limit_cost_by_ms": 8.814666748046875,
    "model_name": "googlenet",
    "recv_time": 10848917,
    "tag": "117",
    "total_cost_by_ms": 9.965999603271484,
    "wait_cost": 0.03399944305419922
}
