{
    "child_model_execute_cost_by_ms": [
        45.07600021362305
    ],
    "child_model_run_time": [
        [
            10858986,
            10904062
        ]
    ],
    "execute_cost": 45.07600021362305,
    "finish_time": 10904071,
    "limit_cost_by_ms": 46.37633514404297,
    "model_name": "vgg19",
    "recv_time": 10849042,
    "tag": "118",
    "total_cost_by_ms": 55.02899932861328,
    "wait_cost": 9.952999114990234
}
