{
    "child_model_execute_cost_by_ms": [
        8.281999588012695
    ],
    "child_model_run_time": [
        [
            11189747,
            11198029
        ]
    ],
    "execute_cost": 8.281999588012695,
    "finish_time": 11198033,
    "limit_cost_by_ms": 7.427333354949951,
    "model_name": "squeezenetv1",
    "recv_time": 11181550,
    "tag": "135",
    "total_cost_by_ms": 16.482999801635742,
    "wait_cost": 8.201000213623047
}
