{
    "child_model_execute_cost_by_ms": [
        7.267000198364258
    ],
    "child_model_run_time": [
        [
            11367037,
            11374304
        ]
    ],
    "execute_cost": 7.267000198364258,
    "finish_time": 11374318,
    "limit_cost_by_ms": 6.103333473205566,
    "model_name": "yolov2",
    "recv_time": 11329461,
    "tag": "144",
    "total_cost_by_ms": 44.856998443603516,
    "wait_cost": 37.589996337890625
}
