{
    "child_model_execute_cost_by_ms": [
        8.494000434875488
    ],
    "child_model_run_time": [
        [
            11778132,
            11786626
        ]
    ],
    "execute_cost": 8.494000434875488,
    "finish_time": 11786637,
    "limit_cost_by_ms": 7.427333354949951,
    "model_name": "squeezenetv1",
    "recv_time": 11776049,
    "tag": "168",
    "total_cost_by_ms": 10.588000297546387,
    "wait_cost": 2.0939998626708984
}
