{
    "child_model_execute_cost_by_ms": [
        19.18199920654297
    ],
    "child_model_run_time": [
        [
            11841880,
            11861062
        ]
    ],
    "execute_cost": 19.18199920654297,
    "finish_time": 11861071,
    "limit_cost_by_ms": 18.825666427612305,
    "model_name": "resnet50",
    "recv_time": 11841867,
    "tag": "171",
    "total_cost_by_ms": 19.20400047302246,
    "wait_cost": 0.022001266479492188
}
