{
    "child_model_execute_cost_by_ms": [
        8.166999816894531
    ],
    "child_model_run_time": [
        [
            12056414,
            12064581
        ]
    ],
    "execute_cost": 8.166999816894531,
    "finish_time": 12064589,
    "limit_cost_by_ms": 7.427333354949951,
    "model_name": "squeezenetv1",
    "recv_time": 12056400,
    "tag": "184",
    "total_cost_by_ms": 8.189000129699707,
    "wait_cost": 0.02200031280517578
}
