{
    "child_model_execute_cost_by_ms": [
        6.443999767303467
    ],
    "child_model_run_time": [
        [
            12138282,
            12144726
        ]
    ],
    "execute_cost": 6.443999767303467,
    "finish_time": 12144735,
    "limit_cost_by_ms": 6.103333473205566,
    "model_name": "yolov2",
    "recv_time": 12128402,
    "tag": "188",
    "total_cost_by_ms": 16.33300018310547,
    "wait_cost": 9.888999938964844
}
