{
    "child_model_execute_cost_by_ms": [
        6.4019999504089355
    ],
    "child_model_run_time": [
        [
            12227199,
            12233601
        ]
    ],
    "execute_cost": 6.4019999504089355,
    "finish_time": 12233611,
    "limit_cost_by_ms": 6.103333473205566,
    "model_name": "yolov2",
    "recv_time": 12203383,
    "tag": "193",
    "total_cost_by_ms": 30.22800064086914,
    "wait_cost": 23.826000213623047
}
