{
    "child_model_execute_cost_by_ms": [
        6.501999855041504
    ],
    "child_model_run_time": [
        [
            12376142,
            12382644
        ]
    ],
    "execute_cost": 6.501999855041504,
    "finish_time": 12382656,
    "limit_cost_by_ms": 6.103333473205566,
    "model_name": "yolov2",
    "recv_time": 12376058,
    "tag": "201",
    "total_cost_by_ms": 6.5980000495910645,
    "wait_cost": 0.09600019454956055
}
