{
    "child_model_execute_cost_by_ms": [
        20.52400016784668
    ],
    "child_model_run_time": [
        [
            12913912,
            12934436
        ]
    ],
    "execute_cost": 20.52400016784668,
    "finish_time": 12934448,
    "limit_cost_by_ms": 18.825666427612305,
    "model_name": "resnet50",
    "recv_time": 12913856,
    "tag": "231",
    "total_cost_by_ms": 20.591999053955078,
    "wait_cost": 0.06799888610839844
}
