{
    "child_model_execute_cost_by_ms": [
        8.449999809265137
    ],
    "child_model_run_time": [
        [
            9167625,
            9176075
        ]
    ],
    "execute_cost": 8.449999809265137,
    "finish_time": 9176083,
    "limit_cost_by_ms": 7.427333354949951,
    "model_name": "squeezenetv1",
    "recv_time": 9157852,
    "tag": "25",
    "total_cost_by_ms": 18.231000900268555,
    "wait_cost": 9.781001091003418
}
