{
    "child_model_execute_cost_by_ms": [
        44.00199890136719
    ],
    "child_model_run_time": [
        [
            13141724,
            13185726
        ]
    ],
    "execute_cost": 44.00199890136719,
    "finish_time": 13185733,
    "limit_cost_by_ms": 46.37633514404297,
    "model_name": "vgg19",
    "recv_time": 13141702,
    "tag": "245",
    "total_cost_by_ms": 44.03099822998047,
    "wait_cost": 0.02899932861328125
}
