{
    "child_model_execute_cost_by_ms": [
        43.611000061035156
    ],
    "child_model_run_time": [
        [
            13417753,
            13461364
        ]
    ],
    "execute_cost": 43.611000061035156,
    "finish_time": 13461368,
    "limit_cost_by_ms": 46.37633514404297,
    "model_name": "vgg19",
    "recv_time": 13417646,
    "tag": "260",
    "total_cost_by_ms": 43.72200012207031,
    "wait_cost": 0.11100006103515625
}
