{
    "child_model_execute_cost_by_ms": [
        7.7779998779296875
    ],
    "child_model_run_time": [
        [
            14049765,
            14057543
        ]
    ],
    "execute_cost": 7.7779998779296875,
    "finish_time": 14057549,
    "limit_cost_by_ms": 7.427333354949951,
    "model_name": "squeezenetv1",
    "recv_time": 14041768,
    "tag": "294",
    "total_cost_by_ms": 15.781000137329102,
    "wait_cost": 8.003000259399414
}
