{
    "child_model_execute_cost_by_ms": [
        44.18000030517578
    ],
    "child_model_run_time": [
        [
            14058265,
            14102445
        ]
    ],
    "execute_cost": 44.18000030517578,
    "finish_time": 14102451,
    "limit_cost_by_ms": 46.37633514404297,
    "model_name": "vgg19",
    "recv_time": 14058170,
    "tag": "295",
    "total_cost_by_ms": 44.28099822998047,
    "wait_cost": 0.1009979248046875
}
