{
    "child_model_execute_cost_by_ms": [
        7.918000221252441
    ],
    "child_model_run_time": [
        [
            14131421,
            14139339
        ]
    ],
    "execute_cost": 7.918000221252441,
    "finish_time": 14139346,
    "limit_cost_by_ms": 7.427333354949951,
    "model_name": "squeezenetv1",
    "recv_time": 14131414,
    "tag": "298",
    "total_cost_by_ms": 7.932000160217285,
    "wait_cost": 0.01399993896484375
}
