{
    "child_model_execute_cost_by_ms": [
        7.743000030517578
    ],
    "child_model_run_time": [
        [
            14559324,
            14567067
        ]
    ],
    "execute_cost": 7.743000030517578,
    "finish_time": 14567079,
    "limit_cost_by_ms": 6.103333473205566,
    "model_name": "yolov2",
    "recv_time": 14548186,
    "tag": "321",
    "total_cost_by_ms": 18.89299964904785,
    "wait_cost": 11.149999618530273
}
