{
    "child_model_execute_cost_by_ms": [
        7.920000076293945
    ],
    "child_model_run_time": [
        [
            14588349,
            14596269
        ]
    ],
    "execute_cost": 7.920000076293945,
    "finish_time": 14596277,
    "limit_cost_by_ms": 7.427333354949951,
    "model_name": "squeezenetv1",
    "recv_time": 14588341,
    "tag": "323",
    "total_cost_by_ms": 7.935999870300293,
    "wait_cost": 0.015999794006347656
}
