{
    "child_model_execute_cost_by_ms": [
        20.841999053955078
    ],
    "child_model_run_time": [
        [
            14659118,
            14679960
        ]
    ],
    "execute_cost": 20.841999053955078,
    "finish_time": 14679969,
    "limit_cost_by_ms": 18.825666427612305,
    "model_name": "resnet50",
    "recv_time": 14645919,
    "tag": "327",
    "total_cost_by_ms": 34.04999923706055,
    "wait_cost": 13.208000183105469
}
