{
    "child_model_execute_cost_by_ms": [
        9.937000274658203
    ],
    "child_model_run_time": [
        [
            14680399,
            14690336
        ]
    ],
    "execute_cost": 9.937000274658203,
    "finish_time": 14690347,
    "limit_cost_by_ms": 8.814666748046875,
    "model_name": "googlenet",
    "recv_time": 14680386,
    "tag": "328",
    "total_cost_by_ms": 9.961000442504883,
    "wait_cost": 0.024000167846679688
}
