{
    "child_model_execute_cost_by_ms": [
        7.34499979019165
    ],
    "child_model_run_time": [
        [
            9361679,
            9369024
        ]
    ],
    "execute_cost": 7.34499979019165,
    "finish_time": 9369037,
    "limit_cost_by_ms": 6.103333473205566,
    "model_name": "yolov2",
    "recv_time": 9361558,
    "tag": "36",
    "total_cost_by_ms": 7.479000091552734,
    "wait_cost": 0.13400030136108398
}
