{
    "child_model_execute_cost_by_ms": [
        43.57699966430664
    ],
    "child_model_run_time": [
        [
            15435563,
            15479140
        ]
    ],
    "execute_cost": 43.57699966430664,
    "finish_time": 15479151,
    "limit_cost_by_ms": 46.37633514404297,
    "model_name": "vgg19",
    "recv_time": 15435546,
    "tag": "370",
    "total_cost_by_ms": 43.60499954223633,
    "wait_cost": 0.0279998779296875
}
