{
    "child_model_execute_cost_by_ms": [
        7.25
    ],
    "child_model_run_time": [
        [
            15500206,
            15507456
        ]
    ],
    "execute_cost": 7.25,
    "finish_time": 15507465,
    "limit_cost_by_ms": 6.103333473205566,
    "model_name": "yolov2",
    "recv_time": 15479750,
    "tag": "372",
    "total_cost_by_ms": 27.71500015258789,
    "wait_cost": 20.46500015258789
}
