{
    "child_model_execute_cost_by_ms": [
        7.258999824523926
    ],
    "child_model_run_time": [
        [
            15592180,
            15599439
        ]
    ],
    "execute_cost": 7.258999824523926,
    "finish_time": 15599446,
    "limit_cost_by_ms": 6.103333473205566,
    "model_name": "yolov2",
    "recv_time": 15567253,
    "tag": "377",
    "total_cost_by_ms": 32.19300079345703,
    "wait_cost": 24.934001922607422
}
