{
    "child_model_execute_cost_by_ms": [
        20.351999282836914
    ],
    "child_model_run_time": [
        [
            9424597,
            9444949
        ]
    ],
    "execute_cost": 20.351999282836914,
    "finish_time": 9444960,
    "limit_cost_by_ms": 18.825666427612305,
    "model_name": "resnet50",
    "recv_time": 9390461,
    "tag": "39",
    "total_cost_by_ms": 54.499000549316406,
    "wait_cost": 34.147003173828125
}
