{
    "child_model_execute_cost_by_ms": [
        45.83700180053711
    ],
    "child_model_run_time": [
        [
            15638028,
            15683865
        ]
    ],
    "execute_cost": 45.83700180053711,
    "finish_time": 15683876,
    "limit_cost_by_ms": 46.37633514404297,
    "model_name": "vgg19",
    "recv_time": 15618879,
    "tag": "381",
    "total_cost_by_ms": 64.99700164794922,
    "wait_cost": 19.15999984741211
}
