{
    "child_model_execute_cost_by_ms": [
        7.636000156402588
    ],
    "child_model_run_time": [
        [
            15684001,
            15691637
        ]
    ],
    "execute_cost": 7.636000156402588,
    "finish_time": 15691646,
    "limit_cost_by_ms": 6.103333473205566,
    "model_name": "yolov2",
    "recv_time": 15642549,
    "tag": "382",
    "total_cost_by_ms": 49.09700012207031,
    "wait_cost": 41.46099853515625
}
