{
    "child_model_execute_cost_by_ms": [
        9.746000289916992
    ],
    "child_model_run_time": [
        [
            15700789,
            15710535
        ]
    ],
    "execute_cost": 9.746000289916992,
    "finish_time": 15710542,
    "limit_cost_by_ms": 8.814666748046875,
    "model_name": "googlenet",
    "recv_time": 15700688,
    "tag": "384",
    "total_cost_by_ms": 9.854000091552734,
    "wait_cost": 0.10799980163574219
}
