{
    "child_model_execute_cost_by_ms": [
        8.222999572753906
    ],
    "child_model_run_time": [
        [
            15782973,
            15791196
        ]
    ],
    "execute_cost": 8.222999572753906,
    "finish_time": 15791203,
    "limit_cost_by_ms": 7.427333354949951,
    "model_name": "squeezenetv1",
    "recv_time": 15782965,
    "tag": "388",
    "total_cost_by_ms": 8.23799991607666,
    "wait_cost": 0.015000343322753906
}
