{
    "child_model_execute_cost_by_ms": [
        54.14799880981445
    ],
    "child_model_run_time": [
        [
            8751731,
            8805879
        ]
    ],
    "execute_cost": 54.14799880981445,
    "finish_time": 8805888,
    "limit_cost_by_ms": 46.37633514404297,
    "model_name": "vgg19",
    "recv_time": 8714949,
    "tag": "5",
    "total_cost_by_ms": 90.93900299072266,
    "wait_cost": 36.7910041809082
}
