{
    "child_model_execute_cost_by_ms": [
        44.56700134277344
    ],
    "child_model_run_time": [
        [
            16187285,
            16231852
        ]
    ],
    "execute_cost": 44.56700134277344,
    "finish_time": 16231860,
    "limit_cost_by_ms": 46.37633514404297,
    "model_name": "vgg19",
    "recv_time": 16187262,
    "tag": "411",
    "total_cost_by_ms": 44.597999572753906,
    "wait_cost": 0.03099822998046875
}
