{
    "child_model_execute_cost_by_ms": [
        6.355999946594238
    ],
    "child_model_run_time": [
        [
            16278826,
            16285182
        ]
    ],
    "execute_cost": 6.355999946594238,
    "finish_time": 16285189,
    "limit_cost_by_ms": 6.103333473205566,
    "model_name": "yolov2",
    "recv_time": 16278675,
    "tag": "416",
    "total_cost_by_ms": 6.513999938964844,
    "wait_cost": 0.15799999237060547
}
