{
    "child_model_execute_cost_by_ms": [
        44.57600021362305
    ],
    "child_model_run_time": [
        [
            16285661,
            16330237
        ]
    ],
    "execute_cost": 44.57600021362305,
    "finish_time": 16330245,
    "limit_cost_by_ms": 46.37633514404297,
    "model_name": "vgg19",
    "recv_time": 16285641,
    "tag": "417",
    "total_cost_by_ms": 44.604000091552734,
    "wait_cost": 0.0279998779296875
}
