{
    "child_model_execute_cost_by_ms": [
        10.182999610900879
    ],
    "child_model_run_time": [
        [
            16448683,
            16458866
        ]
    ],
    "execute_cost": 10.182999610900879,
    "finish_time": 16458882,
    "limit_cost_by_ms": 8.814666748046875,
    "model_name": "googlenet",
    "recv_time": 16429108,
    "tag": "425",
    "total_cost_by_ms": 29.77400016784668,
    "wait_cost": 19.590999603271484
}
