{
    "child_model_execute_cost_by_ms": [
        8.331999778747559
    ],
    "child_model_run_time": [
        [
            16510312,
            16518644
        ]
    ],
    "execute_cost": 8.331999778747559,
    "finish_time": 16518652,
    "limit_cost_by_ms": 7.427333354949951,
    "model_name": "squeezenetv1",
    "recv_time": 16485578,
    "tag": "428",
    "total_cost_by_ms": 33.07400131225586,
    "wait_cost": 24.742000579833984
}
