{
    "child_model_execute_cost_by_ms": [
        8.04699993133545
    ],
    "child_model_run_time": [
        [
            16556530,
            16564577
        ]
    ],
    "execute_cost": 8.04699993133545,
    "finish_time": 16564585,
    "limit_cost_by_ms": 7.427333354949951,
    "model_name": "squeezenetv1",
    "recv_time": 16556408,
    "tag": "432",
    "total_cost_by_ms": 8.177000045776367,
    "wait_cost": 0.13000011444091797
}
