{
    "child_model_execute_cost_by_ms": [
        43.46900177001953
    ],
    "child_model_run_time": [
        [
            16745345,
            16788814
        ]
    ],
    "execute_cost": 43.46900177001953,
    "finish_time": 16788822,
    "limit_cost_by_ms": 46.37633514404297,
    "model_name": "vgg19",
    "recv_time": 16745325,
    "tag": "443",
    "total_cost_by_ms": 43.49700164794922,
    "wait_cost": 0.0279998779296875
}
