{
    "child_model_execute_cost_by_ms": [
        43.566001892089844
    ],
    "child_model_run_time": [
        [
            9544564,
            9588130
        ]
    ],
    "execute_cost": 43.566001892089844,
    "finish_time": 9588140,
    "limit_cost_by_ms": 46.37633514404297,
    "model_name": "vgg19",
    "recv_time": 9544416,
    "tag": "46",
    "total_cost_by_ms": 43.7239990234375,
    "wait_cost": 0.15799713134765625
}
