{
    "child_model_execute_cost_by_ms": [
        9.970000267028809
    ],
    "child_model_run_time": [
        [
            17056256,
            17066226
        ]
    ],
    "execute_cost": 9.970000267028809,
    "finish_time": 17066234,
    "limit_cost_by_ms": 8.814666748046875,
    "model_name": "googlenet",
    "recv_time": 17056247,
    "tag": "459",
    "total_cost_by_ms": 9.987000465393066,
    "wait_cost": 0.017000198364257813
}
