{
    "child_model_execute_cost_by_ms": [
        19.708999633789063
    ],
    "child_model_run_time": [
        [
            17336089,
            17355798
        ]
    ],
    "execute_cost": 19.708999633789063,
    "finish_time": 17355812,
    "limit_cost_by_ms": 18.825666427612305,
    "model_name": "resnet50",
    "recv_time": 17326132,
    "tag": "475",
    "total_cost_by_ms": 29.68000030517578,
    "wait_cost": 9.971000671386719
}
