{
    "child_model_execute_cost_by_ms": [
        20.097000122070313
    ],
    "child_model_run_time": [
        [
            9606401,
            9626498
        ]
    ],
    "execute_cost": 20.097000122070313,
    "finish_time": 9626507,
    "limit_cost_by_ms": 18.825666427612305,
    "model_name": "resnet50",
    "recv_time": 9582242,
    "tag": "49",
    "total_cost_by_ms": 44.26499938964844,
    "wait_cost": 24.167999267578125
}
