{
    "child_model_execute_cost_by_ms": [
        19.40999984741211
    ],
    "child_model_run_time": [
        [
            17508178,
            17527588
        ]
    ],
    "execute_cost": 19.40999984741211,
    "finish_time": 17527604,
    "limit_cost_by_ms": 18.825666427612305,
    "model_name": "resnet50",
    "recv_time": 17508014,
    "tag": "484",
    "total_cost_by_ms": 19.59000015258789,
    "wait_cost": 0.18000030517578125
}
