{
    "child_model_execute_cost_by_ms": [
        43.284000396728516
    ],
    "child_model_run_time": [
        [
            17553599,
            17596883
        ]
    ],
    "execute_cost": 43.284000396728516,
    "finish_time": 17596891,
    "limit_cost_by_ms": 46.37633514404297,
    "model_name": "vgg19",
    "recv_time": 17553413,
    "tag": "488",
    "total_cost_by_ms": 43.47800064086914,
    "wait_cost": 0.194000244140625
}
