{
    "child_model_execute_cost_by_ms": [
        7.883999824523926
    ],
    "child_model_run_time": [
        [
            9626964,
            9634848
        ]
    ],
    "execute_cost": 7.883999824523926,
    "finish_time": 9634855,
    "limit_cost_by_ms": 7.427333354949951,
    "model_name": "squeezenetv1",
    "recv_time": 9626876,
    "tag": "50",
    "total_cost_by_ms": 7.979000091552734,
    "wait_cost": 0.0950002670288086
}
