{
    "child_model_execute_cost_by_ms": [
        6.494999885559082
    ],
    "child_model_run_time": [
        [
            17718053,
            17724548
        ]
    ],
    "execute_cost": 6.494999885559082,
    "finish_time": 17724560,
    "limit_cost_by_ms": 6.103333473205566,
    "model_name": "yolov2",
    "recv_time": 17717987,
    "tag": "496",
    "total_cost_by_ms": 6.572999954223633,
    "wait_cost": 0.07800006866455078
}
