{
    "child_model_execute_cost_by_ms": [
        43.91299819946289
    ],
    "child_model_run_time": [
        [
            17733712,
            17777625
        ]
    ],
    "execute_cost": 43.91299819946289,
    "finish_time": 17777633,
    "limit_cost_by_ms": 46.37633514404297,
    "model_name": "vgg19",
    "recv_time": 17733557,
    "tag": "498",
    "total_cost_by_ms": 44.07600021362305,
    "wait_cost": 0.16300201416015625
}
