{
    "child_model_execute_cost_by_ms": [
        44.77399826049805
    ],
    "child_model_run_time": [
        [
            17825357,
            17870131
        ]
    ],
    "execute_cost": 44.77399826049805,
    "finish_time": 17870140,
    "limit_cost_by_ms": 46.37633514404297,
    "model_name": "vgg19",
    "recv_time": 17825341,
    "tag": "503",
    "total_cost_by_ms": 44.79899978637695,
    "wait_cost": 0.02500152587890625
}
