{
    "child_model_execute_cost_by_ms": [
        6.422999858856201
    ],
    "child_model_run_time": [
        [
            18093672,
            18100095
        ]
    ],
    "execute_cost": 6.422999858856201,
    "finish_time": 18100105,
    "limit_cost_by_ms": 6.103333473205566,
    "model_name": "yolov2",
    "recv_time": 18093658,
    "tag": "517",
    "total_cost_by_ms": 6.447000026702881,
    "wait_cost": 0.024000167846679688
}
