{
    "child_model_execute_cost_by_ms": [
        8.34000015258789
    ],
    "child_model_run_time": [
        [
            18452959,
            18461299
        ]
    ],
    "execute_cost": 8.34000015258789,
    "finish_time": 18461306,
    "limit_cost_by_ms": 7.427333354949951,
    "model_name": "squeezenetv1",
    "recv_time": 18452938,
    "tag": "536",
    "total_cost_by_ms": 8.368000030517578,
    "wait_cost": 0.0279998779296875
}
