{
    "child_model_execute_cost_by_ms": [
        8.324999809265137
    ],
    "child_model_run_time": [
        [
            18635565,
            18643890
        ]
    ],
    "execute_cost": 8.324999809265137,
    "finish_time": 18643898,
    "limit_cost_by_ms": 7.427333354949951,
    "model_name": "squeezenetv1",
    "recv_time": 18628634,
    "tag": "546",
    "total_cost_by_ms": 15.263999938964844,
    "wait_cost": 6.939000129699707
}
