{
    "child_model_execute_cost_by_ms": [
        43.74399948120117
    ],
    "child_model_run_time": [
        [
            18644311,
            18688055
        ]
    ],
    "execute_cost": 43.74399948120117,
    "finish_time": 18688064,
    "limit_cost_by_ms": 46.37633514404297,
    "model_name": "vgg19",
    "recv_time": 18644296,
    "tag": "547",
    "total_cost_by_ms": 43.768001556396484,
    "wait_cost": 0.0240020751953125
}
