{
    "child_model_execute_cost_by_ms": [
        10.428999900817871
    ],
    "child_model_run_time": [
        [
            18778776,
            18789205
        ]
    ],
    "execute_cost": 10.428999900817871,
    "finish_time": 18789213,
    "limit_cost_by_ms": 8.814666748046875,
    "model_name": "googlenet",
    "recv_time": 18768389,
    "tag": "553",
    "total_cost_by_ms": 20.823999404907227,
    "wait_cost": 10.394999504089355
}
