{
    "child_model_execute_cost_by_ms": [
        19.638999938964844
    ],
    "child_model_run_time": [
        [
            18797274,
            18816913
        ]
    ],
    "execute_cost": 19.638999938964844,
    "finish_time": 18816926,
    "limit_cost_by_ms": 18.825666427612305,
    "model_name": "resnet50",
    "recv_time": 18797263,
    "tag": "555",
    "total_cost_by_ms": 19.663000106811523,
    "wait_cost": 0.024000167846679688
}
