{
    "child_model_execute_cost_by_ms": [
        44.70100021362305
    ],
    "child_model_run_time": [
        [
            19008577,
            19053278
        ]
    ],
    "execute_cost": 44.70100021362305,
    "finish_time": 19053289,
    "limit_cost_by_ms": 46.37633514404297,
    "model_name": "vgg19",
    "recv_time": 19008426,
    "tag": "567",
    "total_cost_by_ms": 44.862998962402344,
    "wait_cost": 0.16199874877929688
}
