{
    "child_model_execute_cost_by_ms": [
        10.579000473022461
    ],
    "child_model_run_time": [
        [
            19153885,
            19164464
        ]
    ],
    "execute_cost": 10.579000473022461,
    "finish_time": 19164473,
    "limit_cost_by_ms": 8.814666748046875,
    "model_name": "googlenet",
    "recv_time": 19123710,
    "tag": "574",
    "total_cost_by_ms": 40.76300048828125,
    "wait_cost": 30.18400001525879
}
