{
    "child_model_execute_cost_by_ms": [
        44.68600082397461
    ],
    "child_model_run_time": [
        [
            19284113,
            19328799
        ]
    ],
    "execute_cost": 44.68600082397461,
    "finish_time": 19328806,
    "limit_cost_by_ms": 46.37633514404297,
    "model_name": "vgg19",
    "recv_time": 19283960,
    "tag": "582",
    "total_cost_by_ms": 44.84600067138672,
    "wait_cost": 0.15999984741210938
}
