{
    "child_model_execute_cost_by_ms": [
        44.09400177001953
    ],
    "child_model_run_time": [
        [
            19376636,
            19420730
        ]
    ],
    "execute_cost": 44.09400177001953,
    "finish_time": 19420737,
    "limit_cost_by_ms": 46.37633514404297,
    "model_name": "vgg19",
    "recv_time": 19376465,
    "tag": "587",
    "total_cost_by_ms": 44.27199935913086,
    "wait_cost": 0.17799758911132813
}
