{
    "child_model_execute_cost_by_ms": [
        8.762999534606934
    ],
    "child_model_run_time": [
        [
            19798499,
            19807262
        ]
    ],
    "execute_cost": 8.762999534606934,
    "finish_time": 19807271,
    "limit_cost_by_ms": 7.427333354949951,
    "model_name": "squeezenetv1",
    "recv_time": 19782451,
    "tag": "609",
    "total_cost_by_ms": 24.81999969482422,
    "wait_cost": 16.05699920654297
}
