{
    "child_model_execute_cost_by_ms": [
        7.210999965667725
    ],
    "child_model_run_time": [
        [
            19807365,
            19814576
        ]
    ],
    "execute_cost": 7.210999965667725,
    "finish_time": 19814580,
    "limit_cost_by_ms": 6.103333473205566,
    "model_name": "yolov2",
    "recv_time": 19803337,
    "tag": "610",
    "total_cost_by_ms": 11.243000030517578,
    "wait_cost": 4.0320000648498535
}
