{
    "child_model_execute_cost_by_ms": [
        8.670999526977539
    ],
    "child_model_run_time": [
        [
            19891266,
            19899937
        ]
    ],
    "execute_cost": 8.670999526977539,
    "finish_time": 19899943,
    "limit_cost_by_ms": 7.427333354949951,
    "model_name": "squeezenetv1",
    "recv_time": 19888300,
    "tag": "614",
    "total_cost_by_ms": 11.642999649047852,
    "wait_cost": 2.9720001220703125
}
