{
    "child_model_execute_cost_by_ms": [
        44.68899917602539
    ],
    "child_model_run_time": [
        [
            20001051,
            20045740
        ]
    ],
    "execute_cost": 44.68899917602539,
    "finish_time": 20045751,
    "limit_cost_by_ms": 46.37633514404297,
    "model_name": "vgg19",
    "recv_time": 20000916,
    "tag": "621",
    "total_cost_by_ms": 44.834999084472656,
    "wait_cost": 0.14599990844726563
}
