{
    "child_model_execute_cost_by_ms": [
        20.683000564575195
    ],
    "child_model_run_time": [
        [
            20137614,
            20158297
        ]
    ],
    "execute_cost": 20.683000564575195,
    "finish_time": 20158309,
    "limit_cost_by_ms": 18.825666427612305,
    "model_name": "resnet50",
    "recv_time": 20097207,
    "tag": "627",
    "total_cost_by_ms": 61.10200119018555,
    "wait_cost": 40.41899871826172
}
