{
    "child_model_execute_cost_by_ms": [
        7.044000148773193
    ],
    "child_model_run_time": [
        [
            9894885,
            9901929
        ]
    ],
    "execute_cost": 7.044000148773193,
    "finish_time": 9901945,
    "limit_cost_by_ms": 6.103333473205566,
    "model_name": "yolov2",
    "recv_time": 9841678,
    "tag": "64",
    "total_cost_by_ms": 60.266998291015625,
    "wait_cost": 53.222999572753906
}
