{
    "child_model_execute_cost_by_ms": [
        9.782999992370605
    ],
    "child_model_run_time": [
        [
            9910983,
            9920766
        ]
    ],
    "execute_cost": 9.782999992370605,
    "finish_time": 9920777,
    "limit_cost_by_ms": 8.814666748046875,
    "model_name": "googlenet",
    "recv_time": 9910963,
    "tag": "66",
    "total_cost_by_ms": 9.814000129699707,
    "wait_cost": 0.031000137329101563
}
