{
    "child_model_execute_cost_by_ms": [
        7.99399995803833
    ],
    "child_model_run_time": [
        [
            20728018,
            20736012
        ]
    ],
    "execute_cost": 7.99399995803833,
    "finish_time": 20736022,
    "limit_cost_by_ms": 7.427333354949951,
    "model_name": "squeezenetv1",
    "recv_time": 20728005,
    "tag": "660",
    "total_cost_by_ms": 8.017000198364258,
    "wait_cost": 0.023000240325927734
}
