{
    "child_model_execute_cost_by_ms": [
        44.676998138427734
    ],
    "child_model_run_time": [
        [
            9921206,
            9965883
        ]
    ],
    "execute_cost": 44.676998138427734,
    "finish_time": 9965892,
    "limit_cost_by_ms": 46.37633514404297,
    "model_name": "vgg19",
    "recv_time": 9921187,
    "tag": "67",
    "total_cost_by_ms": 44.70500183105469,
    "wait_cost": 0.028003692626953125
}
