{
    "child_model_execute_cost_by_ms": [
        10.241999626159668
    ],
    "child_model_run_time": [
        [
            21176092,
            21186334
        ]
    ],
    "execute_cost": 10.241999626159668,
    "finish_time": 21186340,
    "limit_cost_by_ms": 8.814666748046875,
    "model_name": "googlenet",
    "recv_time": 21168639,
    "tag": "684",
    "total_cost_by_ms": 17.701000213623047,
    "wait_cost": 7.459000587463379
}
