{
    "child_model_execute_cost_by_ms": [
        45.667999267578125
    ],
    "child_model_run_time": [
        [
            21214938,
            21260606
        ]
    ],
    "execute_cost": 45.667999267578125,
    "finish_time": 21260612,
    "limit_cost_by_ms": 46.37633514404297,
    "model_name": "vgg19",
    "recv_time": 21201106,
    "tag": "687",
    "total_cost_by_ms": 59.50600051879883,
    "wait_cost": 13.838001251220703
}
