{
    "child_model_execute_cost_by_ms": [
        6.460000038146973
    ],
    "child_model_run_time": [
        [
            21463356,
            21469816
        ]
    ],
    "execute_cost": 6.460000038146973,
    "finish_time": 21469824,
    "limit_cost_by_ms": 6.103333473205566,
    "model_name": "yolov2",
    "recv_time": 21463250,
    "tag": "700",
    "total_cost_by_ms": 6.573999881744385,
    "wait_cost": 0.11399984359741211
}
