{
    "child_model_execute_cost_by_ms": [
        8.151000022888184
    ],
    "child_model_run_time": [
        [
            21544865,
            21553016
        ]
    ],
    "execute_cost": 8.151000022888184,
    "finish_time": 21553023,
    "limit_cost_by_ms": 7.427333354949951,
    "model_name": "squeezenetv1",
    "recv_time": 21544836,
    "tag": "704",
    "total_cost_by_ms": 8.187000274658203,
    "wait_cost": 0.03600025177001953
}
