{
    "child_model_execute_cost_by_ms": [
        18.969999313354492
    ],
    "child_model_run_time": [
        [
            21652128,
            21671098
        ]
    ],
    "execute_cost": 18.969999313354492,
    "finish_time": 21671107,
    "limit_cost_by_ms": 18.825666427612305,
    "model_name": "resnet50",
    "recv_time": 21652007,
    "tag": "711",
    "total_cost_by_ms": 19.100000381469727,
    "wait_cost": 0.13000106811523438
}
