{
    "child_model_execute_cost_by_ms": [
        6.557000160217285
    ],
    "child_model_run_time": [
        [
            21825405,
            21831962
        ]
    ],
    "execute_cost": 6.557000160217285,
    "finish_time": 21831970,
    "limit_cost_by_ms": 6.103333473205566,
    "model_name": "yolov2",
    "recv_time": 21825322,
    "tag": "720",
    "total_cost_by_ms": 6.6479997634887695,
    "wait_cost": 0.09099960327148438
}
