{
    "child_model_execute_cost_by_ms": [
        8.60200023651123
    ],
    "child_model_run_time": [
        [
            21997696,
            22006298
        ]
    ],
    "execute_cost": 8.60200023651123,
    "finish_time": 22006307,
    "limit_cost_by_ms": 7.427333354949951,
    "model_name": "squeezenetv1",
    "recv_time": 21970290,
    "tag": "729",
    "total_cost_by_ms": 36.016998291015625,
    "wait_cost": 27.414997100830078
}
