{
    "child_model_execute_cost_by_ms": [
        7.640999794006348
    ],
    "child_model_run_time": [
        [
            10077857,
            10085498
        ]
    ],
    "execute_cost": 7.640999794006348,
    "finish_time": 10085507,
    "limit_cost_by_ms": 6.103333473205566,
    "model_name": "yolov2",
    "recv_time": 10052604,
    "tag": "74",
    "total_cost_by_ms": 32.90299987792969,
    "wait_cost": 25.262001037597656
}
