{
    "child_model_execute_cost_by_ms": [
        8.579000473022461
    ],
    "child_model_run_time": [
        [
            22725168,
            22733747
        ]
    ],
    "execute_cost": 8.579000473022461,
    "finish_time": 22733754,
    "limit_cost_by_ms": 7.427333354949951,
    "model_name": "squeezenetv1",
    "recv_time": 22711247,
    "tag": "769",
    "total_cost_by_ms": 22.506999969482422,
    "wait_cost": 13.927999496459961
}
