{
    "child_model_execute_cost_by_ms": [
        8.45300006866455
    ],
    "child_model_run_time": [
        [
            22987050,
            22995503
        ]
    ],
    "execute_cost": 8.45300006866455,
    "finish_time": 22995512,
    "limit_cost_by_ms": 7.427333354949951,
    "model_name": "squeezenetv1",
    "recv_time": 22976872,
    "tag": "783",
    "total_cost_by_ms": 18.639999389648438,
    "wait_cost": 10.186999320983887
}
