{
    "child_model_execute_cost_by_ms": [
        19.32200050354004
    ],
    "child_model_run_time": [
        [
            23006971,
            23026293
        ]
    ],
    "execute_cost": 19.32200050354004,
    "finish_time": 23026302,
    "limit_cost_by_ms": 18.825666427612305,
    "model_name": "resnet50",
    "recv_time": 23006864,
    "tag": "785",
    "total_cost_by_ms": 19.437999725341797,
    "wait_cost": 0.11599922180175781
}
