{
    "child_model_execute_cost_by_ms": [
        8.550000190734863
    ],
    "child_model_run_time": [
        [
            23070751,
            23079301
        ]
    ],
    "execute_cost": 8.550000190734863,
    "finish_time": 23079310,
    "limit_cost_by_ms": 7.427333354949951,
    "model_name": "squeezenetv1",
    "recv_time": 23048320,
    "tag": "787",
    "total_cost_by_ms": 30.989999771118164,
    "wait_cost": 22.439998626708984
}
