{
    "child_model_execute_cost_by_ms": [
        7.586999893188477
    ],
    "child_model_run_time": [
        [
            23253678,
            23261265
        ]
    ],
    "execute_cost": 7.586999893188477,
    "finish_time": 23261281,
    "limit_cost_by_ms": 6.103333473205566,
    "model_name": "yolov2",
    "recv_time": 23217278,
    "tag": "797",
    "total_cost_by_ms": 44.00299835205078,
    "wait_cost": 36.41600036621094
}
