{
    "child_model_execute_cost_by_ms": [
        7.235000133514404
    ],
    "child_model_run_time": [
        [
            23447042,
            23454277
        ]
    ],
    "execute_cost": 7.235000133514404,
    "finish_time": 23454287,
    "limit_cost_by_ms": 6.103333473205566,
    "model_name": "yolov2",
    "recv_time": 23405280,
    "tag": "808",
    "total_cost_by_ms": 49.00699996948242,
    "wait_cost": 41.77199935913086
}
