{
    "child_model_execute_cost_by_ms": [
        7.739999771118164
    ],
    "child_model_run_time": [
        [
            10261527,
            10269267
        ]
    ],
    "execute_cost": 7.739999771118164,
    "finish_time": 10269276,
    "limit_cost_by_ms": 6.103333473205566,
    "model_name": "yolov2",
    "recv_time": 10239411,
    "tag": "84",
    "total_cost_by_ms": 29.864999771118164,
    "wait_cost": 22.125
}
