{
    "child_model_execute_cost_by_ms": [
        19.19700050354004
    ],
    "child_model_run_time": [
        [
            24106666,
            24125863
        ]
    ],
    "execute_cost": 19.19700050354004,
    "finish_time": 24125874,
    "limit_cost_by_ms": 18.825666427612305,
    "model_name": "resnet50",
    "recv_time": 24106512,
    "tag": "845",
    "total_cost_by_ms": 19.36199951171875,
    "wait_cost": 0.16499900817871094
}
