{
    "child_model_execute_cost_by_ms": [
        9.847000122070313
    ],
    "child_model_run_time": [
        [
            10278398,
            10288245
        ]
    ],
    "execute_cost": 9.847000122070313,
    "finish_time": 10288256,
    "limit_cost_by_ms": 8.814666748046875,
    "model_name": "googlenet",
    "recv_time": 10278292,
    "tag": "86",
    "total_cost_by_ms": 9.96399974822998,
    "wait_cost": 0.11699962615966797
}
