{
    "child_model_execute_cost_by_ms": [
        8.281999588012695
    ],
    "child_model_run_time": [
        [
            24282359,
            24290641
        ]
    ],
    "execute_cost": 8.281999588012695,
    "finish_time": 24290651,
    "limit_cost_by_ms": 7.427333354949951,
    "model_name": "squeezenetv1",
    "recv_time": 24282248,
    "tag": "854",
    "total_cost_by_ms": 8.402999877929688,
    "wait_cost": 0.12100028991699219
}
