{
    "child_model_execute_cost_by_ms": [
        9.859999656677246
    ],
    "child_model_run_time": [
        [
            24668116,
            24677976
        ]
    ],
    "execute_cost": 9.859999656677246,
    "finish_time": 24677983,
    "limit_cost_by_ms": 8.814666748046875,
    "model_name": "googlenet",
    "recv_time": 24662084,
    "tag": "876",
    "total_cost_by_ms": 15.89900016784668,
    "wait_cost": 6.039000511169434
}
