{
    "child_model_execute_cost_by_ms": [
        9.494999885559082
    ],
    "child_model_run_time": [
        [
            25039390,
            25048885
        ]
    ],
    "execute_cost": 9.494999885559082,
    "finish_time": 25048892,
    "limit_cost_by_ms": 8.814666748046875,
    "model_name": "googlenet",
    "recv_time": 25039358,
    "tag": "897",
    "total_cost_by_ms": 9.534000396728516,
    "wait_cost": 0.039000511169433594
}
