{
    "child_model_execute_cost_by_ms": [
        6.392000198364258
    ],
    "child_model_run_time": [
        [
            25213216,
            25219608
        ]
    ],
    "execute_cost": 6.392000198364258,
    "finish_time": 25219618,
    "limit_cost_by_ms": 6.103333473205566,
    "model_name": "yolov2",
    "recv_time": 25213202,
    "tag": "906",
    "total_cost_by_ms": 6.415999889373779,
    "wait_cost": 0.023999691009521484
}
