{
    "child_model_execute_cost_by_ms": [
        18.959999084472656
    ],
    "child_model_run_time": [
        [
            10380050,
            10399010
        ]
    ],
    "execute_cost": 18.959999084472656,
    "finish_time": 10399020,
    "limit_cost_by_ms": 18.825666427612305,
    "model_name": "resnet50",
    "recv_time": 10379960,
    "tag": "92",
    "total_cost_by_ms": 19.059999465942383,
    "wait_cost": 0.10000038146972656
}
