{
    "child_model_execute_cost_by_ms": [
        6.599999904632568
    ],
    "child_model_run_time": [
        [
            25304001,
            25310601
        ]
    ],
    "execute_cost": 6.599999904632568,
    "finish_time": 25310614,
    "limit_cost_by_ms": 6.103333473205566,
    "model_name": "yolov2",
    "recv_time": 25291326,
    "tag": "911",
    "total_cost_by_ms": 19.288000106811523,
    "wait_cost": 12.687999725341797
}
