{
    "child_model_execute_cost_by_ms": [
        45.04399871826172
    ],
    "child_model_run_time": [
        [
            25403526,
            25448570
        ]
    ],
    "execute_cost": 45.04399871826172,
    "finish_time": 25448582,
    "limit_cost_by_ms": 46.37633514404297,
    "model_name": "vgg19",
    "recv_time": 25403419,
    "tag": "917",
    "total_cost_by_ms": 45.16299819946289,
    "wait_cost": 0.11899948120117188
}
