{
    "child_model_execute_cost_by_ms": [
        44.69200134277344
    ],
    "child_model_run_time": [
        [
            25677527,
            25722219
        ]
    ],
    "execute_cost": 44.69200134277344,
    "finish_time": 25722230,
    "limit_cost_by_ms": 46.37633514404297,
    "model_name": "vgg19",
    "recv_time": 25677420,
    "tag": "932",
    "total_cost_by_ms": 44.810001373291016,
    "wait_cost": 0.11800003051757813
}
