{
    "child_model_execute_cost_by_ms": [
        19.716999053955078
    ],
    "child_model_run_time": [
        [
            25824896,
            25844613
        ]
    ],
    "execute_cost": 19.716999053955078,
    "finish_time": 25844623,
    "limit_cost_by_ms": 18.825666427612305,
    "model_name": "resnet50",
    "recv_time": 25824726,
    "tag": "939",
    "total_cost_by_ms": 19.89699935913086,
    "wait_cost": 0.18000030517578125
}
