{
    "child_model_execute_cost_by_ms": [
        19.6560001373291
    ],
    "child_model_run_time": [
        [
            26006485,
            26026141
        ]
    ],
    "execute_cost": 19.6560001373291,
    "finish_time": 26026151,
    "limit_cost_by_ms": 18.825666427612305,
    "model_name": "resnet50",
    "recv_time": 26006339,
    "tag": "949",
    "total_cost_by_ms": 19.812000274658203,
    "wait_cost": 0.15600013732910156
}
