{
    "child_model_execute_cost_by_ms": [
        19.820999145507813
    ],
    "child_model_run_time": [
        [
            26188333,
            26208154
        ]
    ],
    "execute_cost": 19.820999145507813,
    "finish_time": 26208163,
    "limit_cost_by_ms": 18.825666427612305,
    "model_name": "resnet50",
    "recv_time": 26188216,
    "tag": "959",
    "total_cost_by_ms": 19.94700050354004,
    "wait_cost": 0.12600135803222656
}
