{
    "child_model_execute_cost_by_ms": [
        8.04800033569336
    ],
    "child_model_run_time": [
        [
            26399783,
            26407831
        ]
    ],
    "execute_cost": 8.04800033569336,
    "finish_time": 26407840,
    "limit_cost_by_ms": 7.427333354949951,
    "model_name": "squeezenetv1",
    "recv_time": 26399681,
    "tag": "971",
    "total_cost_by_ms": 8.159000396728516,
    "wait_cost": 0.11100006103515625
}
