{
    "child_model_execute_cost_by_ms": [
        7.480999946594238
    ],
    "child_model_run_time": [
        [
            26452497,
            26459978
        ]
    ],
    "execute_cost": 7.480999946594238,
    "finish_time": 26459991,
    "limit_cost_by_ms": 6.103333473205566,
    "model_name": "yolov2",
    "recv_time": 26433985,
    "tag": "973",
    "total_cost_by_ms": 26.006000518798828,
    "wait_cost": 18.525001525878906
}
