{
    "child_model_execute_cost_by_ms": [
        10.579000473022461
    ],
    "child_model_run_time": [
        [
            26460067,
            26470646
        ]
    ],
    "execute_cost": 10.579000473022461,
    "finish_time": 26470653,
    "limit_cost_by_ms": 8.814666748046875,
    "model_name": "googlenet",
    "recv_time": 26452874,
    "tag": "974",
    "total_cost_by_ms": 17.77899932861328,
    "wait_cost": 7.19999885559082
}
