{
    "child_model_execute_cost_by_ms": [
        10.217000007629395
    ],
    "child_model_run_time": [
        [
            26644377,
            26654594
        ]
    ],
    "execute_cost": 10.217000007629395,
    "finish_time": 26654603,
    "limit_cost_by_ms": 8.814666748046875,
    "model_name": "googlenet",
    "recv_time": 26644363,
    "tag": "984",
    "total_cost_by_ms": 10.239999771118164,
    "wait_cost": 0.02299976348876953
}
