{
    "child_model_execute_cost_by_ms": [
        10.503000259399414
    ],
    "child_model_run_time": [
        [
            26735430,
            26745933
        ]
    ],
    "execute_cost": 10.503000259399414,
    "finish_time": 26745941,
    "limit_cost_by_ms": 8.814666748046875,
    "model_name": "googlenet",
    "recv_time": 26704935,
    "tag": "989",
    "total_cost_by_ms": 41.00600051879883,
    "wait_cost": 30.503000259399414
}
