{
    "child_model_execute_cost_by_ms": [
        8.286999702453613
    ],
    "child_model_run_time": [
        [
            10412671,
            10420958
        ]
    ],
    "execute_cost": 8.286999702453613,
    "finish_time": 10420964,
    "limit_cost_by_ms": 7.255333423614502,
    "model_name": "squeezenetv1",
    "recv_time": 10401922,
    "tag": "103",
    "total_cost_by_ms": 19.04199981689453,
    "wait_cost": 10.755000114440918
}
