{
    "child_model_execute_cost_by_ms": [
        44.63199996948242
    ],
    "child_model_run_time": [
        [
            10451386,
            10496018
        ]
    ],
    "execute_cost": 44.63199996948242,
    "finish_time": 10496023,
    "limit_cost_by_ms": 47.28499984741211,
    "model_name": "vgg19",
    "recv_time": 10451216,
    "tag": "106",
    "total_cost_by_ms": 44.80699920654297,
    "wait_cost": 0.17499923706054688
}
