{
    "child_model_execute_cost_by_ms": [
        8.772000312805176
    ],
    "child_model_run_time": [
        [
            10503460,
            10512232
        ]
    ],
    "execute_cost": 8.772000312805176,
    "finish_time": 10512246,
    "limit_cost_by_ms": 7.255333423614502,
    "model_name": "squeezenetv1",
    "recv_time": 10460085,
    "tag": "108",
    "total_cost_by_ms": 52.1609992980957,
    "wait_cost": 43.388999938964844
}
