{
    "child_model_execute_cost_by_ms": [
        19.35300064086914
    ],
    "child_model_run_time": [
        [
            10544480,
            10563833
        ]
    ],
    "execute_cost": 19.35300064086914,
    "finish_time": 10563847,
    "limit_cost_by_ms": 19.557666778564453,
    "model_name": "resnet50",
    "recv_time": 10544365,
    "tag": "111",
    "total_cost_by_ms": 19.48200035095215,
    "wait_cost": 0.1289997100830078
}
