{
    "child_model_execute_cost_by_ms": [
        6.552999973297119
    ],
    "child_model_run_time": [
        [
            10750165,
            10756718
        ]
    ],
    "execute_cost": 6.552999973297119,
    "finish_time": 10756726,
    "limit_cost_by_ms": 6.189000129699707,
    "model_name": "yolov2",
    "recv_time": 10750155,
    "tag": "122",
    "total_cost_by_ms": 6.571000099182129,
    "wait_cost": 0.018000125885009766
}
