{
    "child_model_execute_cost_by_ms": [
        8.152000427246094
    ],
    "child_model_run_time": [
        [
            10757196,
            10765348
        ]
    ],
    "execute_cost": 8.152000427246094,
    "finish_time": 10765361,
    "limit_cost_by_ms": 7.255333423614502,
    "model_name": "squeezenetv1",
    "recv_time": 10757097,
    "tag": "123",
    "total_cost_by_ms": 8.263999938964844,
    "wait_cost": 0.11199951171875
}
