{
    "child_model_execute_cost_by_ms": [
        7.401000022888184
    ],
    "child_model_run_time": [
        [
            10840536,
            10847937
        ]
    ],
    "execute_cost": 7.401000022888184,
    "finish_time": 10847944,
    "limit_cost_by_ms": 6.189000129699707,
    "model_name": "yolov2",
    "recv_time": 10835035,
    "tag": "127",
    "total_cost_by_ms": 12.909000396728516,
    "wait_cost": 5.508000373840332
}
