{
    "child_model_execute_cost_by_ms": [
        20.729000091552734
    ],
    "child_model_run_time": [
        [
            11059582,
            11080311
        ]
    ],
    "execute_cost": 20.729000091552734,
    "finish_time": 11080321,
    "limit_cost_by_ms": 19.557666778564453,
    "model_name": "resnet50",
    "recv_time": 11038424,
    "tag": "140",
    "total_cost_by_ms": 41.89699935913086,
    "wait_cost": 21.167999267578125
}
