{
    "child_model_execute_cost_by_ms": [
        9.963000297546387
    ],
    "child_model_run_time": [
        [
            11080797,
            11090760
        ]
    ],
    "execute_cost": 9.963000297546387,
    "finish_time": 11090771,
    "limit_cost_by_ms": 8.946000099182129,
    "model_name": "googlenet",
    "recv_time": 11080661,
    "tag": "141",
    "total_cost_by_ms": 10.109999656677246,
    "wait_cost": 0.14699935913085938
}
