{
    "child_model_execute_cost_by_ms": [
        19.274999618530273
    ],
    "child_model_run_time": [
        [
            11097772,
            11117047
        ]
    ],
    "execute_cost": 19.274999618530273,
    "finish_time": 11117061,
    "limit_cost_by_ms": 19.557666778564453,
    "model_name": "resnet50",
    "recv_time": 11097714,
    "tag": "143",
    "total_cost_by_ms": 19.347000122070313,
    "wait_cost": 0.07200050354003906
}
