{
    "child_model_execute_cost_by_ms": [
        19.297000885009766
    ],
    "child_model_run_time": [
        [
            11309045,
            11328342
        ]
    ],
    "execute_cost": 19.297000885009766,
    "finish_time": 11328352,
    "limit_cost_by_ms": 19.557666778564453,
    "model_name": "resnet50",
    "recv_time": 11308944,
    "tag": "155",
    "total_cost_by_ms": 19.408000946044922,
    "wait_cost": 0.11100006103515625
}
