{
    "child_model_execute_cost_by_ms": [
        7.953000068664551
    ],
    "child_model_run_time": [
        [
            11548843,
            11556796
        ]
    ],
    "execute_cost": 7.953000068664551,
    "finish_time": 11556806,
    "limit_cost_by_ms": 7.255333423614502,
    "model_name": "squeezenetv1",
    "recv_time": 11548760,
    "tag": "169",
    "total_cost_by_ms": 8.045999526977539,
    "wait_cost": 0.09299945831298828
}
