{
    "child_model_execute_cost_by_ms": [
        6.625999927520752
    ],
    "child_model_run_time": [
        [
            11880676,
            11887302
        ]
    ],
    "execute_cost": 6.625999927520752,
    "finish_time": 11887309,
    "limit_cost_by_ms": 6.189000129699707,
    "model_name": "yolov2",
    "recv_time": 11880660,
    "tag": "188",
    "total_cost_by_ms": 6.64900016784668,
    "wait_cost": 0.023000240325927734
}
