{
    "child_model_execute_cost_by_ms": [
        43.64699935913086
    ],
    "child_model_run_time": [
        [
            12258157,
            12301804
        ]
    ],
    "execute_cost": 43.64699935913086,
    "finish_time": 12301812,
    "limit_cost_by_ms": 47.28499984741211,
    "model_name": "vgg19",
    "recv_time": 12257990,
    "tag": "211",
    "total_cost_by_ms": 43.821998596191406,
    "wait_cost": 0.17499923706054688
}
