{
    "child_model_execute_cost_by_ms": [
        7.934999942779541
    ],
    "child_model_run_time": [
        [
            12703589,
            12711524
        ]
    ],
    "execute_cost": 7.934999942779541,
    "finish_time": 12711531,
    "limit_cost_by_ms": 7.255333423614502,
    "model_name": "squeezenetv1",
    "recv_time": 12689843,
    "tag": "236",
    "total_cost_by_ms": 21.687999725341797,
    "wait_cost": 13.753000259399414
}
