{
    "child_model_execute_cost_by_ms": [
        11.008000373840332
    ],
    "child_model_run_time": [
        [
            12757857,
            12768865
        ]
    ],
    "execute_cost": 11.008000373840332,
    "finish_time": 12768878,
    "limit_cost_by_ms": 8.946000099182129,
    "model_name": "googlenet",
    "recv_time": 12757687,
    "tag": "238",
    "total_cost_by_ms": 11.190999984741211,
    "wait_cost": 0.1829996109008789
}
