{
    "child_model_execute_cost_by_ms": [
        8.371999740600586
    ],
    "child_model_run_time": [
        [
            12889535,
            12897907
        ]
    ],
    "execute_cost": 8.371999740600586,
    "finish_time": 12897914,
    "limit_cost_by_ms": 7.255333423614502,
    "model_name": "squeezenetv1",
    "recv_time": 12889521,
    "tag": "246",
    "total_cost_by_ms": 8.392999649047852,
    "wait_cost": 0.020999908447265625
}
