{
    "child_model_execute_cost_by_ms": [
        10.364999771118164
    ],
    "child_model_run_time": [
        [
            13122172,
            13132537
        ]
    ],
    "execute_cost": 10.364999771118164,
    "finish_time": 13132551,
    "limit_cost_by_ms": 8.946000099182129,
    "model_name": "googlenet",
    "recv_time": 13122118,
    "tag": "259",
    "total_cost_by_ms": 10.432999610900879,
    "wait_cost": 0.06799983978271484
}
