{
    "child_model_execute_cost_by_ms": [
        6.605999946594238
    ],
    "child_model_run_time": [
        [
            13132579,
            13139185
        ]
    ],
    "execute_cost": 6.605999946594238,
    "finish_time": 13139189,
    "limit_cost_by_ms": 6.189000129699707,
    "model_name": "yolov2",
    "recv_time": 13130301,
    "tag": "260",
    "total_cost_by_ms": 8.887999534606934,
    "wait_cost": 2.2819995880126953
}
