{
    "child_model_execute_cost_by_ms": [
        7.815999984741211
    ],
    "child_model_run_time": [
        [
            13685223,
            13693039
        ]
    ],
    "execute_cost": 7.815999984741211,
    "finish_time": 13693046,
    "limit_cost_by_ms": 7.255333423614502,
    "model_name": "squeezenetv1",
    "recv_time": 13685209,
    "tag": "292",
    "total_cost_by_ms": 7.836999893188477,
    "wait_cost": 0.020999908447265625
}
