{
    "child_model_execute_cost_by_ms": [
        6.265999794006348
    ],
    "child_model_run_time": [
        [
            13917355,
            13923621
        ]
    ],
    "execute_cost": 6.265999794006348,
    "finish_time": 13923630,
    "limit_cost_by_ms": 6.189000129699707,
    "model_name": "yolov2",
    "recv_time": 13917338,
    "tag": "305",
    "total_cost_by_ms": 6.291999816894531,
    "wait_cost": 0.026000022888183594
}
