{
    "child_model_execute_cost_by_ms": [
        8.041999816894531
    ],
    "child_model_run_time": [
        [
            13924230,
            13932272
        ]
    ],
    "execute_cost": 8.041999816894531,
    "finish_time": 13932283,
    "limit_cost_by_ms": 7.255333423614502,
    "model_name": "squeezenetv1",
    "recv_time": 13924126,
    "tag": "306",
    "total_cost_by_ms": 8.156999588012695,
    "wait_cost": 0.11499977111816406
}
