{
    "child_model_execute_cost_by_ms": [
        9.815999984741211
    ],
    "child_model_run_time": [
        [
            14043373,
            14053189
        ]
    ],
    "execute_cost": 9.815999984741211,
    "finish_time": 14053199,
    "limit_cost_by_ms": 8.946000099182129,
    "model_name": "googlenet",
    "recv_time": 14032635,
    "tag": "313",
    "total_cost_by_ms": 20.56399917602539,
    "wait_cost": 10.74799919128418
}
