{
    "child_model_execute_cost_by_ms": [
        45.069000244140625
    ],
    "child_model_run_time": [
        [
            14053599,
            14098668
        ]
    ],
    "execute_cost": 45.069000244140625,
    "finish_time": 14098680,
    "limit_cost_by_ms": 47.28499984741211,
    "model_name": "vgg19",
    "recv_time": 14053576,
    "tag": "314",
    "total_cost_by_ms": 45.104000091552734,
    "wait_cost": 0.034999847412109375
}
