{
    "child_model_execute_cost_by_ms": [
        8.694000244140625
    ],
    "child_model_run_time": [
        [
            14120565,
            14129259
        ]
    ],
    "execute_cost": 8.694000244140625,
    "finish_time": 14129268,
    "limit_cost_by_ms": 7.255333423614502,
    "model_name": "squeezenetv1",
    "recv_time": 14120439,
    "tag": "316",
    "total_cost_by_ms": 8.829000473022461,
    "wait_cost": 0.13500022888183594
}
