{
    "child_model_execute_cost_by_ms": [
        10.067999839782715
    ],
    "child_model_run_time": [
        [
            14137076,
            14147144
        ]
    ],
    "execute_cost": 10.067999839782715,
    "finish_time": 14147153,
    "limit_cost_by_ms": 8.946000099182129,
    "model_name": "googlenet",
    "recv_time": 14136914,
    "tag": "318",
    "total_cost_by_ms": 10.23900032043457,
    "wait_cost": 0.17100048065185547
}
