{
    "child_model_execute_cost_by_ms": [
        44.46200180053711
    ],
    "child_model_run_time": [
        [
            14167262,
            14211724
        ]
    ],
    "execute_cost": 44.46200180053711,
    "finish_time": 14211735,
    "limit_cost_by_ms": 47.28499984741211,
    "model_name": "vgg19",
    "recv_time": 14167147,
    "tag": "320",
    "total_cost_by_ms": 44.5880012512207,
    "wait_cost": 0.12599945068359375
}
