{
    "child_model_execute_cost_by_ms": [
        8.83899974822998
    ],
    "child_model_run_time": [
        [
            14312466,
            14321305
        ]
    ],
    "execute_cost": 8.83899974822998,
    "finish_time": 14321318,
    "limit_cost_by_ms": 7.255333423614502,
    "model_name": "squeezenetv1",
    "recv_time": 14306967,
    "tag": "329",
    "total_cost_by_ms": 14.35099983215332,
    "wait_cost": 5.51200008392334
}
