{
    "child_model_execute_cost_by_ms": [
        6.4770002365112305
    ],
    "child_model_run_time": [
        [
            14353310,
            14359787
        ]
    ],
    "execute_cost": 6.4770002365112305,
    "finish_time": 14359795,
    "limit_cost_by_ms": 6.189000129699707,
    "model_name": "yolov2",
    "recv_time": 14353294,
    "tag": "330",
    "total_cost_by_ms": 6.500999927520752,
    "wait_cost": 0.023999691009521484
}
