{
    "child_model_execute_cost_by_ms": [
        11.104000091552734
    ],
    "child_model_run_time": [
        [
            14432856,
            14443960
        ]
    ],
    "execute_cost": 11.104000091552734,
    "finish_time": 14443973,
    "limit_cost_by_ms": 8.946000099182129,
    "model_name": "googlenet",
    "recv_time": 14382231,
    "tag": "333",
    "total_cost_by_ms": 61.742000579833984,
    "wait_cost": 50.63800048828125
}
