{
    "child_model_execute_cost_by_ms": [
        8.73799991607666
    ],
    "child_model_run_time": [
        [
            14687379,
            14696117
        ]
    ],
    "execute_cost": 8.73799991607666,
    "finish_time": 14696126,
    "limit_cost_by_ms": 7.255333423614502,
    "model_name": "squeezenetv1",
    "recv_time": 14670317,
    "tag": "349",
    "total_cost_by_ms": 25.80900001525879,
    "wait_cost": 17.070999145507813
}
