{
    "child_model_execute_cost_by_ms": [
        6.611999988555908
    ],
    "child_model_run_time": [
        [
            14919409,
            14926021
        ]
    ],
    "execute_cost": 6.611999988555908,
    "finish_time": 14926028,
    "limit_cost_by_ms": 6.189000129699707,
    "model_name": "yolov2",
    "recv_time": 14919394,
    "tag": "362",
    "total_cost_by_ms": 6.633999824523926,
    "wait_cost": 0.021999835968017578
}
