{
    "child_model_execute_cost_by_ms": [
        7.994999885559082
    ],
    "child_model_run_time": [
        [
            14936803,
            14944798
        ]
    ],
    "execute_cost": 7.994999885559082,
    "finish_time": 14944808,
    "limit_cost_by_ms": 7.255333423614502,
    "model_name": "squeezenetv1",
    "recv_time": 14936697,
    "tag": "364",
    "total_cost_by_ms": 8.111000061035156,
    "wait_cost": 0.11600017547607422
}
