{
    "child_model_execute_cost_by_ms": [
        7.133999824523926
    ],
    "child_model_run_time": [
        [
            15011251,
            15018385
        ]
    ],
    "execute_cost": 7.133999824523926,
    "finish_time": 15018393,
    "limit_cost_by_ms": 6.189000129699707,
    "model_name": "yolov2",
    "recv_time": 15011161,
    "tag": "367",
    "total_cost_by_ms": 7.23199987411499,
    "wait_cost": 0.09800004959106445
}
