{
    "child_model_execute_cost_by_ms": [
        8.244000434875488
    ],
    "child_model_run_time": [
        [
            15376339,
            15384583
        ]
    ],
    "execute_cost": 8.244000434875488,
    "finish_time": 15384597,
    "limit_cost_by_ms": 7.255333423614502,
    "model_name": "squeezenetv1",
    "recv_time": 15376235,
    "tag": "389",
    "total_cost_by_ms": 8.362000465393066,
    "wait_cost": 0.11800003051757813
}
