{
    "child_model_execute_cost_by_ms": [
        7.455999851226807
    ],
    "child_model_run_time": [
        [
            15552475,
            15559931
        ]
    ],
    "execute_cost": 7.455999851226807,
    "finish_time": 15559945,
    "limit_cost_by_ms": 6.189000129699707,
    "model_name": "yolov2",
    "recv_time": 15512359,
    "tag": "399",
    "total_cost_by_ms": 47.58599853515625,
    "wait_cost": 40.12999725341797
}
