{
    "child_model_execute_cost_by_ms": [
        7.626999855041504
    ],
    "child_model_run_time": [
        [
            15831300,
            15838927
        ]
    ],
    "execute_cost": 7.626999855041504,
    "finish_time": 15838934,
    "limit_cost_by_ms": 7.255333423614502,
    "model_name": "squeezenetv1",
    "recv_time": 15831207,
    "tag": "415",
    "total_cost_by_ms": 7.7270002365112305,
    "wait_cost": 0.10000038146972656
}
