{
    "child_model_execute_cost_by_ms": [
        45.25699996948242
    ],
    "child_model_run_time": [
        [
            15967395,
            16012652
        ]
    ],
    "execute_cost": 45.25699996948242,
    "finish_time": 16012664,
    "limit_cost_by_ms": 47.28499984741211,
    "model_name": "vgg19",
    "recv_time": 15967269,
    "tag": "424",
    "total_cost_by_ms": 45.39500045776367,
    "wait_cost": 0.13800048828125
}
