{
    "child_model_execute_cost_by_ms": [
        7.460000038146973
    ],
    "child_model_run_time": [
        [
            9377176,
            9384636
        ]
    ],
    "execute_cost": 7.460000038146973,
    "finish_time": 9384646,
    "limit_cost_by_ms": 6.189000129699707,
    "model_name": "yolov2",
    "recv_time": 9367110,
    "tag": "44",
    "total_cost_by_ms": 17.535999298095703,
    "wait_cost": 10.07599925994873
}
