{
    "child_model_execute_cost_by_ms": [
        19.31100082397461
    ],
    "child_model_run_time": [
        [
            17064851,
            17084162
        ]
    ],
    "execute_cost": 19.31100082397461,
    "finish_time": 17084173,
    "limit_cost_by_ms": 19.557666778564453,
    "model_name": "resnet50",
    "recv_time": 17064729,
    "tag": "487",
    "total_cost_by_ms": 19.444000244140625,
    "wait_cost": 0.13299942016601563
}
