{
    "child_model_execute_cost_by_ms": [
        7.934000015258789
    ],
    "child_model_run_time": [
        [
            17095160,
            17103094
        ]
    ],
    "execute_cost": 7.934000015258789,
    "finish_time": 17103101,
    "limit_cost_by_ms": 7.255333423614502,
    "model_name": "squeezenetv1",
    "recv_time": 17095026,
    "tag": "489",
    "total_cost_by_ms": 8.074999809265137,
    "wait_cost": 0.14099979400634766
}
