{
    "child_model_execute_cost_by_ms": [
        6.244999885559082
    ],
    "child_model_run_time": [
        [
            17309074,
            17315319
        ]
    ],
    "execute_cost": 6.244999885559082,
    "finish_time": 17315327,
    "limit_cost_by_ms": 6.189000129699707,
    "model_name": "yolov2",
    "recv_time": 17308998,
    "tag": "501",
    "total_cost_by_ms": 6.328999996185303,
    "wait_cost": 0.0840001106262207
}
