{
    "child_model_execute_cost_by_ms": [
        44.59199905395508
    ],
    "child_model_run_time": [
        [
            17315811,
            17360403
        ]
    ],
    "execute_cost": 44.59199905395508,
    "finish_time": 17360411,
    "limit_cost_by_ms": 47.28499984741211,
    "model_name": "vgg19",
    "recv_time": 17315731,
    "tag": "502",
    "total_cost_by_ms": 44.68000030517578,
    "wait_cost": 0.08800125122070313
}
