{
    "child_model_execute_cost_by_ms": [
        7.835999965667725
    ],
    "child_model_run_time": [
        [
            17758096,
            17765932
        ]
    ],
    "execute_cost": 7.835999965667725,
    "finish_time": 17765941,
    "limit_cost_by_ms": 7.255333423614502,
    "model_name": "squeezenetv1",
    "recv_time": 17757998,
    "tag": "526",
    "total_cost_by_ms": 7.942999839782715,
    "wait_cost": 0.10699987411499023
}
