{
    "child_model_execute_cost_by_ms": [
        8.406000137329102
    ],
    "child_model_run_time": [
        [
            17850235,
            17858641
        ]
    ],
    "execute_cost": 8.406000137329102,
    "finish_time": 17858648,
    "limit_cost_by_ms": 7.255333423614502,
    "model_name": "squeezenetv1",
    "recv_time": 17850134,
    "tag": "531",
    "total_cost_by_ms": 8.513999938964844,
    "wait_cost": 0.10799980163574219
}
