{
    "child_model_execute_cost_by_ms": [
        7.0289998054504395
    ],
    "child_model_run_time": [
        [
            18277858,
            18284887
        ]
    ],
    "execute_cost": 7.0289998054504395,
    "finish_time": 18284897,
    "limit_cost_by_ms": 6.189000129699707,
    "model_name": "yolov2",
    "recv_time": 18277745,
    "tag": "555",
    "total_cost_by_ms": 7.1519999504089355,
    "wait_cost": 0.1230001449584961
}
