{
    "child_model_execute_cost_by_ms": [
        8.524999618530273
    ],
    "child_model_run_time": [
        [
            18305323,
            18313848
        ]
    ],
    "execute_cost": 8.524999618530273,
    "finish_time": 18313859,
    "limit_cost_by_ms": 7.255333423614502,
    "model_name": "squeezenetv1",
    "recv_time": 18297541,
    "tag": "557",
    "total_cost_by_ms": 16.31800079345703,
    "wait_cost": 7.793001174926758
}
