{
    "child_model_execute_cost_by_ms": [
        8.204999923706055
    ],
    "child_model_run_time": [
        [
            9611075,
            9619280
        ]
    ],
    "execute_cost": 8.204999923706055,
    "finish_time": 9619287,
    "limit_cost_by_ms": 7.255333423614502,
    "model_name": "squeezenetv1",
    "recv_time": 9610930,
    "tag": "57",
    "total_cost_by_ms": 8.357000350952148,
    "wait_cost": 0.15200042724609375
}
