{
    "child_model_execute_cost_by_ms": [
        10.456999778747559
    ],
    "child_model_run_time": [
        [
            18611473,
            18621930
        ]
    ],
    "execute_cost": 10.456999778747559,
    "finish_time": 18621939,
    "limit_cost_by_ms": 8.946000099182129,
    "model_name": "googlenet",
    "recv_time": 18611345,
    "tag": "574",
    "total_cost_by_ms": 10.593999862670898,
    "wait_cost": 0.13700008392333984
}
