{
    "child_model_execute_cost_by_ms": [
        8.321000099182129
    ],
    "child_model_run_time": [
        [
            18735578,
            18743899
        ]
    ],
    "execute_cost": 8.321000099182129,
    "finish_time": 18743907,
    "limit_cost_by_ms": 7.255333423614502,
    "model_name": "squeezenetv1",
    "recv_time": 18723271,
    "tag": "581",
    "total_cost_by_ms": 20.63599967956543,
    "wait_cost": 12.3149995803833
}
