{
    "child_model_execute_cost_by_ms": [
        6.723999977111816
    ],
    "child_model_run_time": [
        [
            18744274,
            18750998
        ]
    ],
    "execute_cost": 6.723999977111816,
    "finish_time": 18751003,
    "limit_cost_by_ms": 6.189000129699707,
    "model_name": "yolov2",
    "recv_time": 18744260,
    "tag": "582",
    "total_cost_by_ms": 6.743000030517578,
    "wait_cost": 0.01900005340576172
}
