{
    "child_model_execute_cost_by_ms": [
        7.236999988555908
    ],
    "child_model_run_time": [
        [
            18834694,
            18841931
        ]
    ],
    "execute_cost": 7.236999988555908,
    "finish_time": 18841940,
    "limit_cost_by_ms": 6.189000129699707,
    "model_name": "yolov2",
    "recv_time": 18825232,
    "tag": "587",
    "total_cost_by_ms": 16.70800018310547,
    "wait_cost": 9.471000671386719
}
