{
    "child_model_execute_cost_by_ms": [
        8.125
    ],
    "child_model_run_time": [
        [
            19067553,
            19075678
        ]
    ],
    "execute_cost": 8.125,
    "finish_time": 19075690,
    "limit_cost_by_ms": 7.255333423614502,
    "model_name": "squeezenetv1",
    "recv_time": 19057189,
    "tag": "600",
    "total_cost_by_ms": 18.500999450683594,
    "wait_cost": 10.375999450683594
}
