{
    "child_model_execute_cost_by_ms": [
        8.357000350952148
    ],
    "child_model_run_time": [
        [
            19215073,
            19223430
        ]
    ],
    "execute_cost": 8.357000350952148,
    "finish_time": 19223440,
    "limit_cost_by_ms": 7.255333423614502,
    "model_name": "squeezenetv1",
    "recv_time": 19206986,
    "tag": "610",
    "total_cost_by_ms": 16.45400047302246,
    "wait_cost": 8.097000122070313
}
