{
    "child_model_execute_cost_by_ms": [
        9.510000228881836
    ],
    "child_model_run_time": [
        [
            19326282,
            19335792
        ]
    ],
    "execute_cost": 9.510000228881836,
    "finish_time": 19335801,
    "limit_cost_by_ms": 8.946000099182129,
    "model_name": "googlenet",
    "recv_time": 19326268,
    "tag": "616",
    "total_cost_by_ms": 9.532999992370605,
    "wait_cost": 0.02299976348876953
}
