{
    "child_model_execute_cost_by_ms": [
        20.089000701904297
    ],
    "child_model_run_time": [
        [
            19387938,
            19408027
        ]
    ],
    "execute_cost": 20.089000701904297,
    "finish_time": 19408034,
    "limit_cost_by_ms": 19.557666778564453,
    "model_name": "resnet50",
    "recv_time": 19387927,
    "tag": "619",
    "total_cost_by_ms": 20.10700035095215,
    "wait_cost": 0.017999649047851563
}
