{
    "child_model_execute_cost_by_ms": [
        19.25200080871582
    ],
    "child_model_run_time": [
        [
            19434125,
            19453377
        ]
    ],
    "execute_cost": 19.25200080871582,
    "finish_time": 19453384,
    "limit_cost_by_ms": 19.557666778564453,
    "model_name": "resnet50",
    "recv_time": 19433967,
    "tag": "623",
    "total_cost_by_ms": 19.41699981689453,
    "wait_cost": 0.16499900817871094
}
