{
    "child_model_execute_cost_by_ms": [
        10.991999626159668
    ],
    "child_model_run_time": [
        [
            20043563,
            20054555
        ]
    ],
    "execute_cost": 10.991999626159668,
    "finish_time": 20054564,
    "limit_cost_by_ms": 8.946000099182129,
    "model_name": "googlenet",
    "recv_time": 20030770,
    "tag": "656",
    "total_cost_by_ms": 23.79400062561035,
    "wait_cost": 12.802000999450684
}
