{
    "child_model_execute_cost_by_ms": [
        8.305000305175781
    ],
    "child_model_run_time": [
        [
            9769827,
            9778132
        ]
    ],
    "execute_cost": 8.305000305175781,
    "finish_time": 9778141,
    "limit_cost_by_ms": 7.255333423614502,
    "model_name": "squeezenetv1",
    "recv_time": 9753418,
    "tag": "67",
    "total_cost_by_ms": 24.722999572753906,
    "wait_cost": 16.417999267578125
}
