{
    "child_model_execute_cost_by_ms": [
        8.104999542236328
    ],
    "child_model_run_time": [
        [
            20427440,
            20435545
        ]
    ],
    "execute_cost": 8.104999542236328,
    "finish_time": 20435553,
    "limit_cost_by_ms": 7.255333423614502,
    "model_name": "squeezenetv1",
    "recv_time": 20427420,
    "tag": "679",
    "total_cost_by_ms": 8.133000373840332,
    "wait_cost": 0.028000831604003906
}
