{
    "child_model_execute_cost_by_ms": [
        44.21900177001953
    ],
    "child_model_run_time": [
        [
            20435962,
            20480181
        ]
    ],
    "execute_cost": 44.21900177001953,
    "finish_time": 20480192,
    "limit_cost_by_ms": 47.28499984741211,
    "model_name": "vgg19",
    "recv_time": 20435940,
    "tag": "680",
    "total_cost_by_ms": 44.25199890136719,
    "wait_cost": 0.03299713134765625
}
