{
    "child_model_execute_cost_by_ms": [
        6.15500020980835
    ],
    "child_model_run_time": [
        [
            20761691,
            20767846
        ]
    ],
    "execute_cost": 6.15500020980835,
    "finish_time": 20767853,
    "limit_cost_by_ms": 6.189000129699707,
    "model_name": "yolov2",
    "recv_time": 20761564,
    "tag": "698",
    "total_cost_by_ms": 6.289000034332275,
    "wait_cost": 0.13399982452392578
}
