{
    "child_model_execute_cost_by_ms": [
        19.902999877929688
    ],
    "child_model_run_time": [
        [
            20843169,
            20863072
        ]
    ],
    "execute_cost": 19.902999877929688,
    "finish_time": 20863085,
    "limit_cost_by_ms": 19.557666778564453,
    "model_name": "resnet50",
    "recv_time": 20843152,
    "tag": "702",
    "total_cost_by_ms": 19.933000564575195,
    "wait_cost": 0.030000686645507813
}
