{
    "child_model_execute_cost_by_ms": [
        7.715000152587891
    ],
    "child_model_run_time": [
        [
            21047405,
            21055120
        ]
    ],
    "execute_cost": 7.715000152587891,
    "finish_time": 21055128,
    "limit_cost_by_ms": 6.189000129699707,
    "model_name": "yolov2",
    "recv_time": 21037025,
    "tag": "714",
    "total_cost_by_ms": 18.10300064086914,
    "wait_cost": 10.38800048828125
}
