{
    "child_model_execute_cost_by_ms": [
        8.784000396728516
    ],
    "child_model_run_time": [
        [
            21055297,
            21064081
        ]
    ],
    "execute_cost": 8.784000396728516,
    "finish_time": 21064092,
    "limit_cost_by_ms": 7.255333423614502,
    "model_name": "squeezenetv1",
    "recv_time": 21041149,
    "tag": "715",
    "total_cost_by_ms": 22.94300079345703,
    "wait_cost": 14.159000396728516
}
