{
    "child_model_execute_cost_by_ms": [
        10.586000442504883
    ],
    "child_model_run_time": [
        [
            21064245,
            21074831
        ]
    ],
    "execute_cost": 10.586000442504883,
    "finish_time": 21074842,
    "limit_cost_by_ms": 8.946000099182129,
    "model_name": "googlenet",
    "recv_time": 21004844,
    "tag": "713",
    "total_cost_by_ms": 69.99800109863281,
    "wait_cost": 59.41200256347656
}
