{
    "child_model_execute_cost_by_ms": [
        46.77799987792969
    ],
    "child_model_run_time": [
        [
            21140033,
            21186811
        ]
    ],
    "execute_cost": 46.77799987792969,
    "finish_time": 21186819,
    "limit_cost_by_ms": 47.28499984741211,
    "model_name": "vgg19",
    "recv_time": 21120142,
    "tag": "720",
    "total_cost_by_ms": 66.677001953125,
    "wait_cost": 19.899002075195313
}
