{
    "child_model_execute_cost_by_ms": [
        6.2729997634887695
    ],
    "child_model_run_time": [
        [
            21225767,
            21232040
        ]
    ],
    "execute_cost": 6.2729997634887695,
    "finish_time": 21232047,
    "limit_cost_by_ms": 6.189000129699707,
    "model_name": "yolov2",
    "recv_time": 21225755,
    "tag": "725",
    "total_cost_by_ms": 6.291999816894531,
    "wait_cost": 0.01900005340576172
}
