{
    "child_model_execute_cost_by_ms": [
        8.097999572753906
    ],
    "child_model_run_time": [
        [
            21309456,
            21317554
        ]
    ],
    "execute_cost": 8.097999572753906,
    "finish_time": 21317564,
    "limit_cost_by_ms": 7.255333423614502,
    "model_name": "squeezenetv1",
    "recv_time": 21309260,
    "tag": "729",
    "total_cost_by_ms": 8.303999900817871,
    "wait_cost": 0.20600032806396484
}
