{
    "child_model_execute_cost_by_ms": [
        8.85099983215332
    ],
    "child_model_run_time": [
        [
            21400958,
            21409809
        ]
    ],
    "execute_cost": 8.85099983215332,
    "finish_time": 21409824,
    "limit_cost_by_ms": 7.255333423614502,
    "model_name": "squeezenetv1",
    "recv_time": 21396002,
    "tag": "735",
    "total_cost_by_ms": 13.821999549865723,
    "wait_cost": 4.970999717712402
}
