{
    "child_model_execute_cost_by_ms": [
        19.158000946044922
    ],
    "child_model_run_time": [
        [
            21437931,
            21457089
        ]
    ],
    "execute_cost": 19.158000946044922,
    "finish_time": 21457099,
    "limit_cost_by_ms": 19.557666778564453,
    "model_name": "resnet50",
    "recv_time": 21437912,
    "tag": "737",
    "total_cost_by_ms": 19.187000274658203,
    "wait_cost": 0.02899932861328125
}
