{
    "child_model_execute_cost_by_ms": [
        19.1560001373291
    ],
    "child_model_run_time": [
        [
            21662054,
            21681210
        ]
    ],
    "execute_cost": 19.1560001373291,
    "finish_time": 21681220,
    "limit_cost_by_ms": 19.557666778564453,
    "model_name": "resnet50",
    "recv_time": 21661951,
    "tag": "750",
    "total_cost_by_ms": 19.268999099731445,
    "wait_cost": 0.11299896240234375
}
