{
    "child_model_execute_cost_by_ms": [
        11.005999565124512
    ],
    "child_model_run_time": [
        [
            21734063,
            21745069
        ]
    ],
    "execute_cost": 11.005999565124512,
    "finish_time": 21745078,
    "limit_cost_by_ms": 8.946000099182129,
    "model_name": "googlenet",
    "recv_time": 21725528,
    "tag": "754",
    "total_cost_by_ms": 19.549999237060547,
    "wait_cost": 8.543999671936035
}
