{
    "child_model_execute_cost_by_ms": [
        9.645999908447266
    ],
    "child_model_run_time": [
        [
            21893830,
            21903476
        ]
    ],
    "execute_cost": 9.645999908447266,
    "finish_time": 21903487,
    "limit_cost_by_ms": 8.946000099182129,
    "model_name": "googlenet",
    "recv_time": 21893816,
    "tag": "763",
    "total_cost_by_ms": 9.670999526977539,
    "wait_cost": 0.024999618530273438
}
