{
    "child_model_execute_cost_by_ms": [
        10.312000274658203
    ],
    "child_model_run_time": [
        [
            22101883,
            22112195
        ]
    ],
    "execute_cost": 10.312000274658203,
    "finish_time": 22112202,
    "limit_cost_by_ms": 8.946000099182129,
    "model_name": "googlenet",
    "recv_time": 22101872,
    "tag": "774",
    "total_cost_by_ms": 10.329999923706055,
    "wait_cost": 0.017999649047851563
}
