{
    "child_model_execute_cost_by_ms": [
        6.99399995803833
    ],
    "child_model_run_time": [
        [
            22185939,
            22192933
        ]
    ],
    "execute_cost": 6.99399995803833,
    "finish_time": 22192942,
    "limit_cost_by_ms": 6.189000129699707,
    "model_name": "yolov2",
    "recv_time": 22185915,
    "tag": "778",
    "total_cost_by_ms": 7.0269999504089355,
    "wait_cost": 0.03299999237060547
}
