{
    "child_model_execute_cost_by_ms": [
        6.414999961853027
    ],
    "child_model_run_time": [
        [
            22251769,
            22258184
        ]
    ],
    "execute_cost": 6.414999961853027,
    "finish_time": 22258190,
    "limit_cost_by_ms": 6.189000129699707,
    "model_name": "yolov2",
    "recv_time": 22250504,
    "tag": "783",
    "total_cost_by_ms": 7.685999870300293,
    "wait_cost": 1.2709999084472656
}
