{
    "child_model_execute_cost_by_ms": [
        6.659999847412109
    ],
    "child_model_run_time": [
        [
            22649649,
            22656309
        ]
    ],
    "execute_cost": 6.659999847412109,
    "finish_time": 22656317,
    "limit_cost_by_ms": 6.189000129699707,
    "model_name": "yolov2",
    "recv_time": 22641273,
    "tag": "805",
    "total_cost_by_ms": 15.043999671936035,
    "wait_cost": 8.383999824523926
}
