{
    "child_model_execute_cost_by_ms": [
        6.710000038146973
    ],
    "child_model_run_time": [
        [
            22807840,
            22814550
        ]
    ],
    "execute_cost": 6.710000038146973,
    "finish_time": 22814557,
    "limit_cost_by_ms": 6.189000129699707,
    "model_name": "yolov2",
    "recv_time": 22801547,
    "tag": "815",
    "total_cost_by_ms": 13.010000228881836,
    "wait_cost": 6.300000190734863
}
