{
    "child_model_execute_cost_by_ms": [
        7.510000228881836
    ],
    "child_model_run_time": [
        [
            24077889,
            24085399
        ]
    ],
    "execute_cost": 7.510000228881836,
    "finish_time": 24085410,
    "limit_cost_by_ms": 6.189000129699707,
    "model_name": "yolov2",
    "recv_time": 24064008,
    "tag": "887",
    "total_cost_by_ms": 21.402000427246094,
    "wait_cost": 13.892000198364258
}
