{
    "child_model_execute_cost_by_ms": [
        19.496000289916992
    ],
    "child_model_run_time": [
        [
            24209642,
            24229138
        ]
    ],
    "execute_cost": 19.496000289916992,
    "finish_time": 24229151,
    "limit_cost_by_ms": 19.557666778564453,
    "model_name": "resnet50",
    "recv_time": 24209514,
    "tag": "894",
    "total_cost_by_ms": 19.636999130249023,
    "wait_cost": 0.14099884033203125
}
