{
    "child_model_execute_cost_by_ms": [
        6.2230000495910645
    ],
    "child_model_run_time": [
        [
            24581419,
            24587642
        ]
    ],
    "execute_cost": 6.2230000495910645,
    "finish_time": 24587649,
    "limit_cost_by_ms": 6.189000129699707,
    "model_name": "yolov2",
    "recv_time": 24581272,
    "tag": "916",
    "total_cost_by_ms": 6.376999855041504,
    "wait_cost": 0.15399980545043945
}
