{
    "child_model_execute_cost_by_ms": [
        6.571000099182129
    ],
    "child_model_run_time": [
        [
            24703759,
            24710330
        ]
    ],
    "execute_cost": 6.571000099182129,
    "finish_time": 24710333,
    "limit_cost_by_ms": 6.189000129699707,
    "model_name": "yolov2",
    "recv_time": 24701727,
    "tag": "923",
    "total_cost_by_ms": 8.605999946594238,
    "wait_cost": 2.0349998474121094
}
