{
    "child_model_execute_cost_by_ms": [
        47.810001373291016
    ],
    "child_model_run_time": [
        [
            25282887,
            25330697
        ]
    ],
    "execute_cost": 47.810001373291016,
    "finish_time": 25330704,
    "limit_cost_by_ms": 47.28499984741211,
    "model_name": "vgg19",
    "recv_time": 25282717,
    "tag": "956",
    "total_cost_by_ms": 47.98699951171875,
    "wait_cost": 0.17699813842773438
}
