{
    "child_model_execute_cost_by_ms": [
        19.530000686645508
    ],
    "child_model_run_time": [
        [
            25387214,
            25406744
        ]
    ],
    "execute_cost": 19.530000686645508,
    "finish_time": 25406753,
    "limit_cost_by_ms": 19.557666778564453,
    "model_name": "resnet50",
    "recv_time": 25387199,
    "tag": "962",
    "total_cost_by_ms": 19.554000854492188,
    "wait_cost": 0.024000167846679688
}
