{
    "child_model_execute_cost_by_ms": [
        6.500999927520752
    ],
    "child_model_run_time": [
        [
            25406793,
            25413294
        ]
    ],
    "execute_cost": 6.500999927520752,
    "finish_time": 25413302,
    "limit_cost_by_ms": 6.189000129699707,
    "model_name": "yolov2",
    "recv_time": 25401679,
    "tag": "964",
    "total_cost_by_ms": 11.623000144958496,
    "wait_cost": 5.122000217437744
}
