{
    "child_model_execute_cost_by_ms": [
        6.328000068664551
    ],
    "child_model_run_time": [
        [
            25500375,
            25506703
        ]
    ],
    "execute_cost": 6.328000068664551,
    "finish_time": 25506710,
    "limit_cost_by_ms": 6.189000129699707,
    "model_name": "yolov2",
    "recv_time": 25500302,
    "tag": "968",
    "total_cost_by_ms": 6.4079999923706055,
    "wait_cost": 0.07999992370605469
}
