{
    "child_model_execute_cost_by_ms": [
        9.64799976348877
    ],
    "child_model_run_time": [
        [
            25620206,
            25629854
        ]
    ],
    "execute_cost": 9.64799976348877,
    "finish_time": 25629862,
    "limit_cost_by_ms": 8.946000099182129,
    "model_name": "googlenet",
    "recv_time": 25601706,
    "tag": "975",
    "total_cost_by_ms": 28.1560001373291,
    "wait_cost": 18.507999420166016
}
