{
    "child_model_execute_cost_by_ms": [
        6.630000114440918
    ],
    "child_model_run_time": [
        [
            25705585,
            25712215
        ]
    ],
    "execute_cost": 6.630000114440918,
    "finish_time": 25712222,
    "limit_cost_by_ms": 6.189000129699707,
    "model_name": "yolov2",
    "recv_time": 25700345,
    "tag": "979",
    "total_cost_by_ms": 11.876999855041504,
    "wait_cost": 5.246999740600586
}
