{
    "child_model_execute_cost_by_ms": [
        6.409999847412109
    ],
    "child_model_run_time": [
        [
            25845346,
            25851756
        ]
    ],
    "execute_cost": 6.409999847412109,
    "finish_time": 25851761,
    "limit_cost_by_ms": 6.189000129699707,
    "model_name": "yolov2",
    "recv_time": 25840956,
    "tag": "988",
    "total_cost_by_ms": 10.805000305175781,
    "wait_cost": 4.395000457763672
}
