{
    "child_model_execute_cost_by_ms": [
        10.626999855041504
    ],
    "child_model_run_time": [
        [
            25918563,
            25929190
        ]
    ],
    "execute_cost": 10.626999855041504,
    "finish_time": 25929198,
    "limit_cost_by_ms": 8.946000099182129,
    "model_name": "googlenet",
    "recv_time": 25914763,
    "tag": "991",
    "total_cost_by_ms": 14.4350004196167,
    "wait_cost": 3.8080005645751953
}
