{
    "child_model_execute_cost_by_ms": [
        17.91900062561035,
        17.090999603271484,
        19.430999755859375
    ],
    "child_model_run_time": [
        [
            11111266,
            11129185
        ],
        [
            11129206,
            11146297
        ],
        [
            11153324,
            11172755
        ]
    ],
    "execute_cost": 54.441001892089844,
    "finish_time": 11172763,
    "limit_cost_by_ms": 44.6870002746582,
    "model_name": "vgg19",
    "recv_time": 11098388,
    "tag": "118",
    "total_cost_by_ms": 74.375,
    "wait_cost": 19.933998107910156
}
