{
    "child_model_execute_cost_by_ms": [
        19.365999221801758,
        17.43400001525879,
        19.038000106811523
    ],
    "child_model_run_time": [
        [
            11414345,
            11433711
        ],
        [
            11450273,
            11467707
        ],
        [
            11467733,
            11486771
        ]
    ],
    "execute_cost": 55.83799743652344,
    "finish_time": 11486781,
    "limit_cost_by_ms": 44.6870002746582,
    "model_name": "vgg19",
    "recv_time": 11396865,
    "tag": "132",
    "total_cost_by_ms": 89.91600036621094,
    "wait_cost": 34.0780029296875
}
