{
    "child_model_execute_cost_by_ms": [
        19.059999465942383,
        16.9689998626709,
        18.70400047302246
    ],
    "child_model_run_time": [
        [
            8931871,
            8950931
        ],
        [
            8950979,
            8967948
        ],
        [
            8967995,
            8986699
        ]
    ],
    "execute_cost": 54.733001708984375,
    "finish_time": 8986707,
    "limit_cost_by_ms": 44.6870002746582,
    "model_name": "vgg19",
    "recv_time": 8882201,
    "tag": "12",
    "total_cost_by_ms": 104.50599670410156,
    "wait_cost": 49.77299499511719
}
