{
    "child_model_execute_cost_by_ms": [
        18.715999603271484,
        17.06399917602539,
        18.65399932861328
    ],
    "child_model_run_time": [
        [
            12389064,
            12407780
        ],
        [
            12407834,
            12424898
        ],
        [
            12424943,
            12443597
        ]
    ],
    "execute_cost": 54.433998107910156,
    "finish_time": 12443604,
    "limit_cost_by_ms": 44.6870002746582,
    "model_name": "vgg19",
    "recv_time": 12388963,
    "tag": "180",
    "total_cost_by_ms": 54.64099884033203,
    "wait_cost": 0.207000732421875
}
