{
    "child_model_execute_cost_by_ms": [
        18.275999069213867,
        16.92300033569336,
        18.448999404907227
    ],
    "child_model_run_time": [
        [
            13117065,
            13135341
        ],
        [
            13135445,
            13152368
        ],
        [
            13152483,
            13170932
        ]
    ],
    "execute_cost": 53.64799499511719,
    "finish_time": 13170939,
    "limit_cost_by_ms": 44.6870002746582,
    "model_name": "vgg19",
    "recv_time": 13117046,
    "tag": "215",
    "total_cost_by_ms": 53.893001556396484,
    "wait_cost": 0.24500656127929688
}
