{
    "child_model_execute_cost_by_ms": [
        8.04699993133545
    ],
    "child_model_run_time": [
        [
            13230575,
            13238622
        ]
    ],
    "execute_cost": 8.04699993133545,
    "finish_time": 13238637,
    "limit_cost_by_ms": 7.305333137512207,
    "model_name": "squeezenetv1",
    "recv_time": 13216123,
    "tag": "220",
    "total_cost_by_ms": 22.513999938964844,
    "wait_cost": 14.467000007629395
}
