{
    "child_model_execute_cost_by_ms": [
        18.607999801635742,
        17.106000900268555,
        19.34600067138672
    ],
    "child_model_run_time": [
        [
            9111763,
            9130371
        ],
        [
            9130417,
            9147523
        ],
        [
            9171069,
            9190415
        ]
    ],
    "execute_cost": 55.060001373291016,
    "finish_time": 9190425,
    "limit_cost_by_ms": 44.6870002746582,
    "model_name": "vgg19",
    "recv_time": 9111655,
    "tag": "23",
    "total_cost_by_ms": 78.7699966430664,
    "wait_cost": 23.70999526977539
}
