{
    "child_model_execute_cost_by_ms": [
        9.557999610900879
    ],
    "child_model_run_time": [
        [
            13496133,
            13505691
        ]
    ],
    "execute_cost": 9.557999610900879,
    "finish_time": 13505698,
    "limit_cost_by_ms": 8.64566707611084,
    "model_name": "googlenet",
    "recv_time": 13488708,
    "tag": "232",
    "total_cost_by_ms": 16.989999771118164,
    "wait_cost": 7.432000160217285
}
