{
    "child_model_execute_cost_by_ms": [
        2.7279999256134033,
        4.119999885559082
    ],
    "child_model_run_time": [
        [
            13599778,
            13602506
        ],
        [
            13602545,
            13606665
        ]
    ],
    "execute_cost": 6.847999572753906,
    "finish_time": 13606672,
    "limit_cost_by_ms": 5.822333335876465,
    "model_name": "yolov2",
    "recv_time": 13595097,
    "tag": "238",
    "total_cost_by_ms": 11.574999809265137,
    "wait_cost": 4.7270002365112305
}
