{
    "child_model_execute_cost_by_ms": [
        7.671999931335449
    ],
    "child_model_run_time": [
        [
            9190545,
            9198217
        ]
    ],
    "execute_cost": 7.671999931335449,
    "finish_time": 9198224,
    "limit_cost_by_ms": 7.305333137512207,
    "model_name": "squeezenetv1",
    "recv_time": 9171312,
    "tag": "25",
    "total_cost_by_ms": 26.91200065612793,
    "wait_cost": 19.240001678466797
}
