{
    "child_model_execute_cost_by_ms": [
        18.465999603271484,
        16.63599967956543,
        19.333999633789063
    ],
    "child_model_run_time": [
        [
            13738983,
            13757449
        ],
        [
            13757497,
            13774133
        ],
        [
            13796458,
            13815792
        ]
    ],
    "execute_cost": 54.435997009277344,
    "finish_time": 13815797,
    "limit_cost_by_ms": 44.6870002746582,
    "model_name": "vgg19",
    "recv_time": 13738873,
    "tag": "245",
    "total_cost_by_ms": 76.92400360107422,
    "wait_cost": 22.488006591796875
}
