{
    "child_model_execute_cost_by_ms": [
        18.834999084472656,
        16.86199951171875,
        18.891000747680664
    ],
    "child_model_run_time": [
        [
            13946457,
            13965292
        ],
        [
            13965347,
            13982209
        ],
        [
            13982254,
            14001145
        ]
    ],
    "execute_cost": 54.58799743652344,
    "finish_time": 14001152,
    "limit_cost_by_ms": 44.6870002746582,
    "model_name": "vgg19",
    "recv_time": 13946324,
    "tag": "255",
    "total_cost_by_ms": 54.827999114990234,
    "wait_cost": 0.24000167846679688
}
