{
    "child_model_execute_cost_by_ms": [
        19.01799964904785,
        16.969999313354492,
        19.011999130249023
    ],
    "child_model_run_time": [
        [
            14051292,
            14070310
        ],
        [
            14070405,
            14087375
        ],
        [
            14087466,
            14106478
        ]
    ],
    "execute_cost": 55.0,
    "finish_time": 14106484,
    "limit_cost_by_ms": 44.6870002746582,
    "model_name": "vgg19",
    "recv_time": 14051156,
    "tag": "260",
    "total_cost_by_ms": 55.327999114990234,
    "wait_cost": 0.3279991149902344
}
