{
    "child_model_execute_cost_by_ms": [
        3.194000005722046,
        4.354000091552734
    ],
    "child_model_run_time": [
        [
            14224095,
            14227289
        ],
        [
            14227336,
            14231690
        ]
    ],
    "execute_cost": 7.548000335693359,
    "finish_time": 14231702,
    "limit_cost_by_ms": 5.822333335876465,
    "model_name": "yolov2",
    "recv_time": 14215292,
    "tag": "268",
    "total_cost_by_ms": 16.40999984741211,
    "wait_cost": 8.86199951171875
}
