{
    "child_model_execute_cost_by_ms": [
        18.746999740600586,
        16.915000915527344,
        19.920000076293945
    ],
    "child_model_run_time": [
        [
            14156123,
            14174870
        ],
        [
            14174968,
            14191883
        ],
        [
            14231789,
            14251709
        ]
    ],
    "execute_cost": 55.582000732421875,
    "finish_time": 14251719,
    "limit_cost_by_ms": 44.6870002746582,
    "model_name": "vgg19",
    "recv_time": 14156017,
    "tag": "265",
    "total_cost_by_ms": 95.7020034790039,
    "wait_cost": 40.12000274658203
}
