{
    "child_model_execute_cost_by_ms": [
        18.413000106811523,
        16.98699951171875,
        18.79400062561035
    ],
    "child_model_run_time": [
        [
            14676714,
            14695127
        ],
        [
            14695178,
            14712165
        ],
        [
            14712188,
            14730982
        ]
    ],
    "execute_cost": 54.194000244140625,
    "finish_time": 14730988,
    "limit_cost_by_ms": 44.6870002746582,
    "model_name": "vgg19",
    "recv_time": 14676543,
    "tag": "290",
    "total_cost_by_ms": 54.44499969482422,
    "wait_cost": 0.25099945068359375
}
