{
    "child_model_execute_cost_by_ms": [
        9.470999717712402
    ],
    "child_model_run_time": [
        [
            14979082,
            14988553
        ]
    ],
    "execute_cost": 9.470999717712402,
    "finish_time": 14988557,
    "limit_cost_by_ms": 8.64566707611084,
    "model_name": "googlenet",
    "recv_time": 14975206,
    "tag": "304",
    "total_cost_by_ms": 13.35099983215332,
    "wait_cost": 3.880000114440918
}
