{
    "child_model_execute_cost_by_ms": [
        8.289999961853027
    ],
    "child_model_run_time": [
        [
            15501957,
            15510247
        ]
    ],
    "execute_cost": 8.289999961853027,
    "finish_time": 15510256,
    "limit_cost_by_ms": 7.305333137512207,
    "model_name": "squeezenetv1",
    "recv_time": 15494993,
    "tag": "329",
    "total_cost_by_ms": 15.262999534606934,
    "wait_cost": 6.972999572753906
}
