{
    "child_model_execute_cost_by_ms": [
        18.81399917602539,
        18.500999450683594,
        20.01799964904785
    ],
    "child_model_run_time": [
        [
            16138188,
            16157002
        ],
        [
            16179671,
            16198172
        ],
        [
            16205703,
            16225721
        ]
    ],
    "execute_cost": 57.33300018310547,
    "finish_time": 16225729,
    "limit_cost_by_ms": 44.6870002746582,
    "model_name": "vgg19",
    "recv_time": 16138049,
    "tag": "360",
    "total_cost_by_ms": 87.68000030517578,
    "wait_cost": 30.347000122070313
}
