{
    "child_model_execute_cost_by_ms": [
        9.104999542236328
    ],
    "child_model_run_time": [
        [
            16330479,
            16339584
        ]
    ],
    "execute_cost": 9.104999542236328,
    "finish_time": 16339591,
    "limit_cost_by_ms": 8.64566707611084,
    "model_name": "googlenet",
    "recv_time": 16330468,
    "tag": "368",
    "total_cost_by_ms": 9.123000144958496,
    "wait_cost": 0.01800060272216797
}
