{
    "child_model_execute_cost_by_ms": [
        9.204000473022461
    ],
    "child_model_run_time": [
        [
            16436767,
            16445971
        ]
    ],
    "execute_cost": 9.204000473022461,
    "finish_time": 16445978,
    "limit_cost_by_ms": 8.64566707611084,
    "model_name": "googlenet",
    "recv_time": 16436760,
    "tag": "373",
    "total_cost_by_ms": 9.218000411987305,
    "wait_cost": 0.01399993896484375
}
