{
    "child_model_execute_cost_by_ms": [
        9.142999649047852
    ],
    "child_model_run_time": [
        [
            16755459,
            16764602
        ]
    ],
    "execute_cost": 9.142999649047852,
    "finish_time": 16764609,
    "limit_cost_by_ms": 8.64566707611084,
    "model_name": "googlenet",
    "recv_time": 16755351,
    "tag": "389",
    "total_cost_by_ms": 9.258000373840332,
    "wait_cost": 0.11500072479248047
}
