{
    "child_model_execute_cost_by_ms": [
        18.865999221801758,
        17.798999786376953,
        19.011999130249023
    ],
    "child_model_run_time": [
        [
            16891518,
            16910384
        ],
        [
            16917626,
            16935425
        ],
        [
            16935515,
            16954527
        ]
    ],
    "execute_cost": 55.677001953125,
    "finish_time": 16954534,
    "limit_cost_by_ms": 44.6870002746582,
    "model_name": "vgg19",
    "recv_time": 16891505,
    "tag": "396",
    "total_cost_by_ms": 63.02899932861328,
    "wait_cost": 7.351997375488281
}
