{
    "child_model_execute_cost_by_ms": [
        9.187999725341797
    ],
    "child_model_run_time": [
        [
            16955036,
            16964224
        ]
    ],
    "execute_cost": 9.187999725341797,
    "finish_time": 16964232,
    "limit_cost_by_ms": 8.64566707611084,
    "model_name": "googlenet",
    "recv_time": 16955026,
    "tag": "398",
    "total_cost_by_ms": 9.206000328063965,
    "wait_cost": 0.01800060272216797
}
