{
    "child_model_execute_cost_by_ms": [
        8.284000396728516
    ],
    "child_model_run_time": [
        [
            16964307,
            16972591
        ]
    ],
    "execute_cost": 8.284000396728516,
    "finish_time": 16972598,
    "limit_cost_by_ms": 7.305333137512207,
    "model_name": "squeezenetv1",
    "recv_time": 16955145,
    "tag": "399",
    "total_cost_by_ms": 17.452999114990234,
    "wait_cost": 9.168998718261719
}
