{
    "child_model_execute_cost_by_ms": [
        14.215999603271484,
        8.432999610900879
    ],
    "child_model_run_time": [
        [
            16973099,
            16987315
        ],
        [
            16987357,
            16995790
        ]
    ],
    "execute_cost": 22.648998260498047,
    "finish_time": 16995800,
    "limit_cost_by_ms": 18.21500015258789,
    "model_name": "resnet50",
    "recv_time": 16972957,
    "tag": "400",
    "total_cost_by_ms": 22.843000411987305,
    "wait_cost": 0.1940021514892578
}
