{
    "child_model_execute_cost_by_ms": [
        7.613999843597412
    ],
    "child_model_run_time": [
        [
            17646380,
            17653994
        ]
    ],
    "execute_cost": 7.613999843597412,
    "finish_time": 17654004,
    "limit_cost_by_ms": 7.305333137512207,
    "model_name": "squeezenetv1",
    "recv_time": 17627885,
    "tag": "433",
    "total_cost_by_ms": 26.118999481201172,
    "wait_cost": 18.5049991607666
}
