{
    "child_model_execute_cost_by_ms": [
        18.511999130249023,
        16.694000244140625,
        18.606000900268555
    ],
    "child_model_run_time": [
        [
            17627764,
            17646276
        ],
        [
            17654060,
            17670754
        ],
        [
            17670842,
            17689448
        ]
    ],
    "execute_cost": 53.81200408935547,
    "finish_time": 17689456,
    "limit_cost_by_ms": 44.6870002746582,
    "model_name": "vgg19",
    "recv_time": 17627610,
    "tag": "432",
    "total_cost_by_ms": 61.84600067138672,
    "wait_cost": 8.03399658203125
}
