{
    "child_model_execute_cost_by_ms": [
        19.034000396728516,
        18.665000915527344,
        19.531999588012695
    ],
    "child_model_run_time": [
        [
            19501508,
            19520542
        ],
        [
            19560218,
            19578883
        ],
        [
            19578923,
            19598455
        ]
    ],
    "execute_cost": 57.23100280761719,
    "finish_time": 19598464,
    "limit_cost_by_ms": 44.6870002746582,
    "model_name": "vgg19",
    "recv_time": 19501410,
    "tag": "522",
    "total_cost_by_ms": 97.05400085449219,
    "wait_cost": 39.822998046875
}
