{
    "child_model_execute_cost_by_ms": [
        9.682000160217285
    ],
    "child_model_run_time": [
        [
            19789315,
            19798997
        ]
    ],
    "execute_cost": 9.682000160217285,
    "finish_time": 19799004,
    "limit_cost_by_ms": 8.64566707611084,
    "model_name": "googlenet",
    "recv_time": 19785711,
    "tag": "534",
    "total_cost_by_ms": 13.293000221252441,
    "wait_cost": 3.6110000610351563
}
