{
    "child_model_execute_cost_by_ms": [
        7.547999858856201
    ],
    "child_model_run_time": [
        [
            9820083,
            9827631
        ]
    ],
    "execute_cost": 7.547999858856201,
    "finish_time": 9827639,
    "limit_cost_by_ms": 7.305333137512207,
    "model_name": "squeezenetv1",
    "recv_time": 9819996,
    "tag": "55",
    "total_cost_by_ms": 7.64300012588501,
    "wait_cost": 0.0950002670288086
}
