{
    "child_model_execute_cost_by_ms": [
        19.214000701904297,
        17.08099937438965,
        18.780000686645508
    ],
    "child_model_run_time": [
        [
            19921111,
            19940325
        ],
        [
            19940379,
            19957460
        ],
        [
            19957553,
            19976333
        ]
    ],
    "execute_cost": 55.07499694824219,
    "finish_time": 19976341,
    "limit_cost_by_ms": 44.6870002746582,
    "model_name": "vgg19",
    "recv_time": 19921091,
    "tag": "542",
    "total_cost_by_ms": 55.25,
    "wait_cost": 0.1750030517578125
}
