{
    "child_model_execute_cost_by_ms": [
        18.601999282836914,
        17.006999969482422,
        20.459999084472656
    ],
    "child_model_run_time": [
        [
            20442411,
            20461013
        ],
        [
            20461118,
            20478125
        ],
        [
            20487406,
            20507866
        ]
    ],
    "execute_cost": 56.069000244140625,
    "finish_time": 20507877,
    "limit_cost_by_ms": 44.6870002746582,
    "model_name": "vgg19",
    "recv_time": 20442274,
    "tag": "567",
    "total_cost_by_ms": 65.60299682617188,
    "wait_cost": 9.53399658203125
}
