{
    "child_model_execute_cost_by_ms": [
        9.140999794006348
    ],
    "child_model_run_time": [
        [
            21002172,
            21011313
        ]
    ],
    "execute_cost": 9.140999794006348,
    "finish_time": 21011321,
    "limit_cost_by_ms": 8.64566707611084,
    "model_name": "googlenet",
    "recv_time": 20994303,
    "tag": "593",
    "total_cost_by_ms": 17.01799964904785,
    "wait_cost": 7.876999855041504
}
