{
    "child_model_execute_cost_by_ms": [
        14.074000358581543,
        8.590999603271484
    ],
    "child_model_run_time": [
        [
            21048480,
            21062554
        ],
        [
            21062647,
            21071238
        ]
    ],
    "execute_cost": 22.665000915527344,
    "finish_time": 21071243,
    "limit_cost_by_ms": 18.21500015258789,
    "model_name": "resnet50",
    "recv_time": 21048335,
    "tag": "596",
    "total_cost_by_ms": 22.908000946044922,
    "wait_cost": 0.24300003051757813
}
