{
    "child_model_execute_cost_by_ms": [
        18.650999069213867,
        17.08300018310547,
        18.93899917602539
    ],
    "child_model_run_time": [
        [
            21071690,
            21090341
        ],
        [
            21090437,
            21107520
        ],
        [
            21107540,
            21126479
        ]
    ],
    "execute_cost": 54.67300033569336,
    "finish_time": 21126489,
    "limit_cost_by_ms": 44.6870002746582,
    "model_name": "vgg19",
    "recv_time": 21071675,
    "tag": "597",
    "total_cost_by_ms": 54.81399917602539,
    "wait_cost": 0.14099884033203125
}
