{
    "child_model_execute_cost_by_ms": [
        18.72599983215332,
        17.204999923706055,
        19.92300033569336
    ],
    "child_model_run_time": [
        [
            21176364,
            21195090
        ],
        [
            21195141,
            21212346
        ],
        [
            21230122,
            21250045
        ]
    ],
    "execute_cost": 55.854000091552734,
    "finish_time": 21250051,
    "limit_cost_by_ms": 44.6870002746582,
    "model_name": "vgg19",
    "recv_time": 21176271,
    "tag": "602",
    "total_cost_by_ms": 73.77999877929688,
    "wait_cost": 17.92599868774414
}
