{
    "child_model_execute_cost_by_ms": [
        3.3329999446868896,
        4.422999858856201
    ],
    "child_model_run_time": [
        [
            21250168,
            21253501
        ],
        [
            21253596,
            21258019
        ]
    ],
    "execute_cost": 7.755999565124512,
    "finish_time": 21258026,
    "limit_cost_by_ms": 5.822333335876465,
    "model_name": "yolov2",
    "recv_time": 21245365,
    "tag": "605",
    "total_cost_by_ms": 12.66100025177002,
    "wait_cost": 4.905000686645508
}
