{
    "child_model_execute_cost_by_ms": [
        19.06800079345703,
        17.79199981689453,
        19.483999252319336
    ],
    "child_model_run_time": [
        [
            21386443,
            21405511
        ],
        [
            21405564,
            21423356
        ],
        [
            21432586,
            21452070
        ]
    ],
    "execute_cost": 56.34400177001953,
    "finish_time": 21452073,
    "limit_cost_by_ms": 44.6870002746582,
    "model_name": "vgg19",
    "recv_time": 21377763,
    "tag": "612",
    "total_cost_by_ms": 74.30999755859375,
    "wait_cost": 17.96599578857422
}
