{
    "child_model_execute_cost_by_ms": [
        8.510000228881836
    ],
    "child_model_run_time": [
        [
            21557148,
            21565658
        ]
    ],
    "execute_cost": 8.510000228881836,
    "finish_time": 21565668,
    "limit_cost_by_ms": 7.305333137512207,
    "model_name": "squeezenetv1",
    "recv_time": 21556981,
    "tag": "619",
    "total_cost_by_ms": 8.687000274658203,
    "wait_cost": 0.1770000457763672
}
