{
    "child_model_execute_cost_by_ms": [
        3.180999994277954,
        4.295000076293945
    ],
    "child_model_run_time": [
        [
            21768754,
            21771935
        ],
        [
            21771993,
            21776288
        ]
    ],
    "execute_cost": 7.47599983215332,
    "finish_time": 21776306,
    "limit_cost_by_ms": 5.822333335876465,
    "model_name": "yolov2",
    "recv_time": 21755047,
    "tag": "629",
    "total_cost_by_ms": 21.259000778198242,
    "wait_cost": 13.783000946044922
}
