{
    "child_model_execute_cost_by_ms": [
        8.055000305175781
    ],
    "child_model_run_time": [
        [
            22933256,
            22941311
        ]
    ],
    "execute_cost": 8.055000305175781,
    "finish_time": 22941319,
    "limit_cost_by_ms": 7.305333137512207,
    "model_name": "squeezenetv1",
    "recv_time": 22933085,
    "tag": "685",
    "total_cost_by_ms": 8.234000205993652,
    "wait_cost": 0.1789999008178711
}
