{
    "child_model_execute_cost_by_ms": [
        18.733999252319336,
        16.704999923706055,
        18.86199951171875
    ],
    "child_model_run_time": [
        [
            23177479,
            23196213
        ],
        [
            23196340,
            23213045
        ],
        [
            23213152,
            23232014
        ]
    ],
    "execute_cost": 54.30099868774414,
    "finish_time": 23232020,
    "limit_cost_by_ms": 44.6870002746582,
    "model_name": "vgg19",
    "recv_time": 23177346,
    "tag": "697",
    "total_cost_by_ms": 54.67399978637695,
    "wait_cost": 0.3730010986328125
}
