{
    "child_model_execute_cost_by_ms": [
        3.056999921798706,
        4.289000034332275
    ],
    "child_model_run_time": [
        [
            23356641,
            23359698
        ],
        [
            23359742,
            23364031
        ]
    ],
    "execute_cost": 7.345999717712402,
    "finish_time": 23364037,
    "limit_cost_by_ms": 5.822333335876465,
    "model_name": "yolov2",
    "recv_time": 23356525,
    "tag": "705",
    "total_cost_by_ms": 7.51200008392334,
    "wait_cost": 0.1660003662109375
}
