{
    "child_model_execute_cost_by_ms": [
        15.182999610900879,
        9.001999855041504
    ],
    "child_model_run_time": [
        [
            10139301,
            10154484
        ],
        [
            10163639,
            10172641
        ]
    ],
    "execute_cost": 24.184999465942383,
    "finish_time": 10172655,
    "limit_cost_by_ms": 18.21500015258789,
    "model_name": "resnet50",
    "recv_time": 10139130,
    "tag": "71",
    "total_cost_by_ms": 33.525001525878906,
    "wait_cost": 9.340002059936523
}
