{
    "child_model_execute_cost_by_ms": [
        8.376999855041504
    ],
    "child_model_run_time": [
        [
            23662539,
            23670916
        ]
    ],
    "execute_cost": 8.376999855041504,
    "finish_time": 23670924,
    "limit_cost_by_ms": 7.305333137512207,
    "model_name": "squeezenetv1",
    "recv_time": 23657583,
    "tag": "719",
    "total_cost_by_ms": 13.340999603271484,
    "wait_cost": 4.9639997482299805
}
