{
    "child_model_execute_cost_by_ms": [
        18.215999603271484,
        16.766000747680664,
        18.889999389648438
    ],
    "child_model_run_time": [
        [
            23702333,
            23720549
        ],
        [
            23720646,
            23737412
        ],
        [
            23737462,
            23756352
        ]
    ],
    "execute_cost": 53.87200164794922,
    "finish_time": 23756361,
    "limit_cost_by_ms": 44.6870002746582,
    "model_name": "vgg19",
    "recv_time": 23702224,
    "tag": "722",
    "total_cost_by_ms": 54.137001037597656,
    "wait_cost": 0.2649993896484375
}
