{
    "child_model_execute_cost_by_ms": [
        3.0969998836517334,
        4.428999900817871
    ],
    "child_model_run_time": [
        [
            23985345,
            23988442
        ],
        [
            23988534,
            23992963
        ]
    ],
    "execute_cost": 7.526000022888184,
    "finish_time": 23992971,
    "limit_cost_by_ms": 5.822333335876465,
    "model_name": "yolov2",
    "recv_time": 23985182,
    "tag": "735",
    "total_cost_by_ms": 7.789000034332275,
    "wait_cost": 0.2630000114440918
}
