{
    "child_model_execute_cost_by_ms": [
        8.342000007629395
    ],
    "child_model_run_time": [
        [
            24061431,
            24069773
        ]
    ],
    "execute_cost": 8.342000007629395,
    "finish_time": 24069787,
    "limit_cost_by_ms": 7.305333137512207,
    "model_name": "squeezenetv1",
    "recv_time": 24055729,
    "tag": "739",
    "total_cost_by_ms": 14.057999610900879,
    "wait_cost": 5.715999603271484
}
