{
    "child_model_execute_cost_by_ms": [
        9.090999603271484
    ],
    "child_model_run_time": [
        [
            10242198,
            10251289
        ]
    ],
    "execute_cost": 9.090999603271484,
    "finish_time": 10251296,
    "limit_cost_by_ms": 8.64566707611084,
    "model_name": "googlenet",
    "recv_time": 10242109,
    "tag": "76",
    "total_cost_by_ms": 9.187000274658203,
    "wait_cost": 0.09600067138671875
}
