{
    "child_model_execute_cost_by_ms": [
        8.930999755859375
    ],
    "child_model_run_time": [
        [
            24478014,
            24486945
        ]
    ],
    "execute_cost": 8.930999755859375,
    "finish_time": 24486953,
    "limit_cost_by_ms": 8.64566707611084,
    "model_name": "googlenet",
    "recv_time": 24469230,
    "tag": "759",
    "total_cost_by_ms": 17.722999572753906,
    "wait_cost": 8.791999816894531
}
