{
    "child_model_execute_cost_by_ms": [
        18.743999481201172,
        17.48200035095215,
        19.454999923706055
    ],
    "child_model_run_time": [
        [
            24426021,
            24444765
        ],
        [
            24460488,
            24477970
        ],
        [
            24487044,
            24506499
        ]
    ],
    "execute_cost": 55.680999755859375,
    "finish_time": 24506505,
    "limit_cost_by_ms": 44.6870002746582,
    "model_name": "vgg19",
    "recv_time": 24426006,
    "tag": "756",
    "total_cost_by_ms": 80.4990005493164,
    "wait_cost": 24.81800079345703
}
