{
    "child_model_execute_cost_by_ms": [
        9.696000099182129
    ],
    "child_model_run_time": [
        [
            24916652,
            24926348
        ]
    ],
    "execute_cost": 9.696000099182129,
    "finish_time": 24926353,
    "limit_cost_by_ms": 8.64566707611084,
    "model_name": "googlenet",
    "recv_time": 24903770,
    "tag": "778",
    "total_cost_by_ms": 22.58300018310547,
    "wait_cost": 12.88700008392334
}
