{
    "child_model_execute_cost_by_ms": [
        18.492000579833984,
        17.163000106811523,
        19.83099937438965
    ],
    "child_model_run_time": [
        [
            25159589,
            25178081
        ],
        [
            25178121,
            25195284
        ],
        [
            25220743,
            25240574
        ]
    ],
    "execute_cost": 55.486000061035156,
    "finish_time": 25240582,
    "limit_cost_by_ms": 44.6870002746582,
    "model_name": "vgg19",
    "recv_time": 25159479,
    "tag": "791",
    "total_cost_by_ms": 81.10299682617188,
    "wait_cost": 25.61699676513672
}
