{
    "child_model_execute_cost_by_ms": [
        14.140999794006348,
        8.42199993133545
    ],
    "child_model_run_time": [
        [
            25344328,
            25358469
        ],
        [
            25358512,
            25366934
        ]
    ],
    "execute_cost": 22.562999725341797,
    "finish_time": 25366941,
    "limit_cost_by_ms": 18.21500015258789,
    "model_name": "resnet50",
    "recv_time": 25344191,
    "tag": "800",
    "total_cost_by_ms": 22.75,
    "wait_cost": 0.18700027465820313
}
