{
    "child_model_execute_cost_by_ms": [
        18.427000045776367,
        18.238000869750977,
        19.583999633789063
    ],
    "child_model_run_time": [
        [
            25367531,
            25385958
        ],
        [
            25410961,
            25429199
        ],
        [
            25429290,
            25448874
        ]
    ],
    "execute_cost": 56.249000549316406,
    "finish_time": 25448882,
    "limit_cost_by_ms": 44.6870002746582,
    "model_name": "vgg19",
    "recv_time": 25367367,
    "tag": "801",
    "total_cost_by_ms": 81.51499938964844,
    "wait_cost": 25.26599884033203
}
