{
    "child_model_execute_cost_by_ms": [
        7.942999839782715
    ],
    "child_model_run_time": [
        [
            25527160,
            25535103
        ]
    ],
    "execute_cost": 7.942999839782715,
    "finish_time": 25535116,
    "limit_cost_by_ms": 7.305333137512207,
    "model_name": "squeezenetv1",
    "recv_time": 25524926,
    "tag": "809",
    "total_cost_by_ms": 10.1899995803833,
    "wait_cost": 2.246999740600586
}
