{
    "child_model_execute_cost_by_ms": [
        7.956999778747559
    ],
    "child_model_run_time": [
        [
            25621777,
            25629734
        ]
    ],
    "execute_cost": 7.956999778747559,
    "finish_time": 25629749,
    "limit_cost_by_ms": 7.305333137512207,
    "model_name": "squeezenetv1",
    "recv_time": 25613891,
    "tag": "814",
    "total_cost_by_ms": 15.857999801635742,
    "wait_cost": 7.901000022888184
}
