{
    "child_model_execute_cost_by_ms": [
        14.446999549865723,
        8.473999977111816
    ],
    "child_model_run_time": [
        [
            25878281,
            25892728
        ],
        [
            25892813,
            25901287
        ]
    ],
    "execute_cost": 22.92099952697754,
    "finish_time": 25901296,
    "limit_cost_by_ms": 18.21500015258789,
    "model_name": "resnet50",
    "recv_time": 25875579,
    "tag": "826",
    "total_cost_by_ms": 25.716999053955078,
    "wait_cost": 2.795999526977539
}
