{
    "child_model_execute_cost_by_ms": [
        9.079000473022461
    ],
    "child_model_run_time": [
        [
            25937581,
            25946660
        ]
    ],
    "execute_cost": 9.079000473022461,
    "finish_time": 25946671,
    "limit_cost_by_ms": 8.64566707611084,
    "model_name": "googlenet",
    "recv_time": 25928736,
    "tag": "828",
    "total_cost_by_ms": 17.934999465942383,
    "wait_cost": 8.855998992919922
}
