{
    "child_model_execute_cost_by_ms": [
        18.808000564575195,
        17.091999053955078,
        19.43899917602539
    ],
    "child_model_run_time": [
        [
            26103231,
            26122039
        ],
        [
            26129138,
            26146230
        ],
        [
            26155465,
            26174904
        ]
    ],
    "execute_cost": 55.3390007019043,
    "finish_time": 26174910,
    "limit_cost_by_ms": 44.6870002746582,
    "model_name": "vgg19",
    "recv_time": 26083943,
    "tag": "836",
    "total_cost_by_ms": 90.96700286865234,
    "wait_cost": 35.62800216674805
}
