{
    "child_model_execute_cost_by_ms": [
        18.795000076293945,
        17.26099967956543,
        19.871000289916992
    ],
    "child_model_run_time": [
        [
            26414767,
            26433562
        ],
        [
            26433610,
            26450871
        ],
        [
            26467377,
            26487248
        ]
    ],
    "execute_cost": 55.927001953125,
    "finish_time": 26487256,
    "limit_cost_by_ms": 44.6870002746582,
    "model_name": "vgg19",
    "recv_time": 26402129,
    "tag": "851",
    "total_cost_by_ms": 85.12699890136719,
    "wait_cost": 29.199996948242188
}
