{
    "child_model_execute_cost_by_ms": [
        18.69499969482422,
        17.094999313354492,
        19.149999618530273
    ],
    "child_model_run_time": [
        [
            27166111,
            27184806
        ],
        [
            27184895,
            27201990
        ],
        [
            27202008,
            27221158
        ]
    ],
    "execute_cost": 54.94000244140625,
    "finish_time": 27221166,
    "limit_cost_by_ms": 44.6870002746582,
    "model_name": "vgg19",
    "recv_time": 27150302,
    "tag": "887",
    "total_cost_by_ms": 70.86399841308594,
    "wait_cost": 15.923995971679688
}
