{
    "child_model_execute_cost_by_ms": [
        9.187999725341797
    ],
    "child_model_run_time": [
        [
            27261069,
            27270257
        ]
    ],
    "execute_cost": 9.187999725341797,
    "finish_time": 27270265,
    "limit_cost_by_ms": 8.64566707611084,
    "model_name": "googlenet",
    "recv_time": 27261058,
    "tag": "892",
    "total_cost_by_ms": 9.206999778747559,
    "wait_cost": 0.01900005340576172
}
