{
    "child_model_execute_cost_by_ms": [
        2.9670000076293945,
        4.241000175476074
    ],
    "child_model_run_time": [
        [
            27480327,
            27483294
        ],
        [
            27483358,
            27487599
        ]
    ],
    "execute_cost": 7.208000183105469,
    "finish_time": 27487610,
    "limit_cost_by_ms": 5.822333335876465,
    "model_name": "yolov2",
    "recv_time": 27466095,
    "tag": "903",
    "total_cost_by_ms": 21.514999389648438,
    "wait_cost": 14.306999206542969
}
