{
    "child_model_execute_cost_by_ms": [
        18.375,
        17.05699920654297,
        19.905000686645508
    ],
    "child_model_run_time": [
        [
            27890817,
            27909192
        ],
        [
            27909288,
            27926345
        ],
        [
            27935649,
            27955554
        ]
    ],
    "execute_cost": 55.336997985839844,
    "finish_time": 27955561,
    "limit_cost_by_ms": 44.6870002746582,
    "model_name": "vgg19",
    "recv_time": 27890725,
    "tag": "922",
    "total_cost_by_ms": 64.83599853515625,
    "wait_cost": 9.499000549316406
}
