{
    "child_model_execute_cost_by_ms": [
        18.465999603271484,
        17.768999099731445,
        18.87700080871582
    ],
    "child_model_run_time": [
        [
            28419717,
            28438183
        ],
        [
            28447465,
            28465234
        ],
        [
            28465320,
            28484197
        ]
    ],
    "execute_cost": 55.11199951171875,
    "finish_time": 28484204,
    "limit_cost_by_ms": 44.6870002746582,
    "model_name": "vgg19",
    "recv_time": 28419614,
    "tag": "947",
    "total_cost_by_ms": 64.58999633789063,
    "wait_cost": 9.477996826171875
}
