{
    "child_model_execute_cost_by_ms": [
        14.336000442504883,
        8.996999740600586
    ],
    "child_model_run_time": [
        [
            28589169,
            28603505
        ],
        [
            28603543,
            28612540
        ]
    ],
    "execute_cost": 23.33300018310547,
    "finish_time": 28612548,
    "limit_cost_by_ms": 18.21500015258789,
    "model_name": "resnet50",
    "recv_time": 28589157,
    "tag": "954",
    "total_cost_by_ms": 23.391000747680664,
    "wait_cost": 0.05800056457519531
}
