{
    "child_model_execute_cost_by_ms": [
        18.437000274658203,
        17.570999145507813,
        19.922000885009766
    ],
    "child_model_run_time": [
        [
            29365764,
            29384201
        ],
        [
            29391739,
            29409310
        ],
        [
            29441841,
            29461763
        ]
    ],
    "execute_cost": 55.93000030517578,
    "finish_time": 29461771,
    "limit_cost_by_ms": 44.6870002746582,
    "model_name": "vgg19",
    "recv_time": 29365746,
    "tag": "992",
    "total_cost_by_ms": 96.0250015258789,
    "wait_cost": 40.095001220703125
}
