name,min,avg,max
squeezenetv1,1.0653604063766027,2.3777536960672934,4.859002359684064
googlenet,1.110471572016518,2.1494149481274367,4.674114897733459
vgg19,1.1475667835730448,1.6187860326434709,2.3641101692646194
yolov2,1.1707356408298644,2.5584771074680313,4.722981672658434
resnet50,1.2034699704912515,1.9461645716344522,3.709306035986112
total,1.0653604063766027,2.103425235752557,4.859002359684064
