name,Std. Deviation of RR
squeezenetv1,0.9962870907687631
googlenet,0.9214980846294863
vgg19,0.33968931797451857
yolov2,1.031724222844406
resnet50,0.5262418452900695
total,0.8694480172471251
