{
    "child_model_execute_cost_by_ms": [
        15.23799991607666,
        9.04699993133545
    ],
    "child_model_run_time": [
        [
            11272534,
            11287772
        ],
        [
            11287810,
            11296857
        ]
    ],
    "execute_cost": 24.28499984741211,
    "finish_time": 11296865,
    "limit_cost_by_ms": 19.129667282104492,
    "model_name": "resnet50",
    "recv_time": 11272499,
    "tag": "103",
    "total_cost_by_ms": 24.365999221801758,
    "wait_cost": 0.08099937438964844
}
