{
    "child_model_execute_cost_by_ms": [
        18.481000900268555,
        17.83799934387207,
        20.791000366210938
    ],
    "child_model_run_time": [
        [
            11599941,
            11618422
        ],
        [
            11618454,
            11636292
        ],
        [
            11636320,
            11657111
        ]
    ],
    "execute_cost": 57.11000061035156,
    "finish_time": 11657118,
    "limit_cost_by_ms": 47.42533493041992,
    "model_name": "vgg19",
    "recv_time": 11596099,
    "tag": "116",
    "total_cost_by_ms": 61.01900100708008,
    "wait_cost": 3.9090003967285156
}
