{
    "child_model_execute_cost_by_ms": [
        18.7450008392334,
        18.51799964904785,
        20.391000747680664
    ],
    "child_model_run_time": [
        [
            11792549,
            11811294
        ],
        [
            11829158,
            11847676
        ],
        [
            11855938,
            11876329
        ]
    ],
    "execute_cost": 57.65399932861328,
    "finish_time": 11876337,
    "limit_cost_by_ms": 47.42533493041992,
    "model_name": "vgg19",
    "recv_time": 11792460,
    "tag": "123",
    "total_cost_by_ms": 83.87699890136719,
    "wait_cost": 26.222999572753906
}
