{
    "child_model_execute_cost_by_ms": [
        7.913000106811523
    ],
    "child_model_run_time": [
        [
            12808065,
            12815978
        ]
    ],
    "execute_cost": 7.913000106811523,
    "finish_time": 12815985,
    "limit_cost_by_ms": 7.388000011444092,
    "model_name": "squeezenetv1",
    "recv_time": 12796062,
    "tag": "164",
    "total_cost_by_ms": 19.92300033569336,
    "wait_cost": 12.010000228881836
}
