{
    "child_model_execute_cost_by_ms": [
        8.53600025177002
    ],
    "child_model_run_time": [
        [
            12975305,
            12983841
        ]
    ],
    "execute_cost": 8.53600025177002,
    "finish_time": 12983849,
    "limit_cost_by_ms": 7.388000011444092,
    "model_name": "squeezenetv1",
    "recv_time": 12957339,
    "tag": "170",
    "total_cost_by_ms": 26.510000228881836,
    "wait_cost": 17.9739990234375
}
