{
    "child_model_execute_cost_by_ms": [
        8.447999954223633
    ],
    "child_model_run_time": [
        [
            9143349,
            9151797
        ]
    ],
    "execute_cost": 8.447999954223633,
    "finish_time": 9151813,
    "limit_cost_by_ms": 7.388000011444092,
    "model_name": "squeezenetv1",
    "recv_time": 9142306,
    "tag": "20",
    "total_cost_by_ms": 9.506999969482422,
    "wait_cost": 1.059000015258789
}
