{
    "child_model_execute_cost_by_ms": [
        9.204000473022461
    ],
    "child_model_run_time": [
        [
            13028346,
            13037550
        ]
    ],
    "execute_cost": 9.204000473022461,
    "finish_time": 13037561,
    "limit_cost_by_ms": 8.947333335876465,
    "model_name": "googlenet",
    "recv_time": 13018912,
    "tag": "173",
    "total_cost_by_ms": 18.64900016784668,
    "wait_cost": 9.444999694824219
}
