{
    "child_model_execute_cost_by_ms": [
        8.656999588012695
    ],
    "child_model_run_time": [
        [
            13273645,
            13282302
        ]
    ],
    "execute_cost": 8.656999588012695,
    "finish_time": 13282314,
    "limit_cost_by_ms": 7.388000011444092,
    "model_name": "squeezenetv1",
    "recv_time": 13267193,
    "tag": "183",
    "total_cost_by_ms": 15.121000289916992,
    "wait_cost": 6.464000701904297
}
