{
    "child_model_execute_cost_by_ms": [
        19.51099967956543,
        17.5310001373291,
        20.851999282836914
    ],
    "child_model_run_time": [
        [
            13706371,
            13725882
        ],
        [
            13725925,
            13743456
        ],
        [
            13794311,
            13815163
        ]
    ],
    "execute_cost": 57.89399719238281,
    "finish_time": 13815172,
    "limit_cost_by_ms": 47.42533493041992,
    "model_name": "vgg19",
    "recv_time": 13706306,
    "tag": "200",
    "total_cost_by_ms": 108.86599731445313,
    "wait_cost": 50.97200012207031
}
