{
    "child_model_execute_cost_by_ms": [
        18.010000228881836,
        17.35700035095215,
        20.097999572753906
    ],
    "child_model_run_time": [
        [
            13815593,
            13833603
        ],
        [
            13833696,
            13851053
        ],
        [
            13851101,
            13871199
        ]
    ],
    "execute_cost": 55.46500015258789,
    "finish_time": 13871203,
    "limit_cost_by_ms": 47.42533493041992,
    "model_name": "vgg19",
    "recv_time": 13815563,
    "tag": "205",
    "total_cost_by_ms": 55.63999938964844,
    "wait_cost": 0.17499923706054688
}
