{
    "child_model_execute_cost_by_ms": [
        14.005000114440918,
        8.696000099182129
    ],
    "child_model_run_time": [
        [
            14650598,
            14664603
        ],
        [
            14664693,
            14673389
        ]
    ],
    "execute_cost": 22.701000213623047,
    "finish_time": 14673398,
    "limit_cost_by_ms": 19.129667282104492,
    "model_name": "resnet50",
    "recv_time": 14646992,
    "tag": "238",
    "total_cost_by_ms": 26.4060001373291,
    "wait_cost": 3.7049999237060547
}
