{
    "child_model_execute_cost_by_ms": [
        7.839000225067139
    ],
    "child_model_run_time": [
        [
            14940405,
            14948244
        ]
    ],
    "execute_cost": 7.839000225067139,
    "finish_time": 14948255,
    "limit_cost_by_ms": 7.388000011444092,
    "model_name": "squeezenetv1",
    "recv_time": 14928853,
    "tag": "249",
    "total_cost_by_ms": 19.402000427246094,
    "wait_cost": 11.562999725341797
}
