{
    "child_model_execute_cost_by_ms": [
        7.908999919891357
    ],
    "child_model_run_time": [
        [
            15249800,
            15257709
        ]
    ],
    "execute_cost": 7.908999919891357,
    "finish_time": 15257719,
    "limit_cost_by_ms": 7.388000011444092,
    "model_name": "squeezenetv1",
    "recv_time": 15235409,
    "tag": "263",
    "total_cost_by_ms": 22.309999465942383,
    "wait_cost": 14.400999069213867
}
