{
    "child_model_execute_cost_by_ms": [
        7.818999767303467
    ],
    "child_model_run_time": [
        [
            15409066,
            15416885
        ]
    ],
    "execute_cost": 7.818999767303467,
    "finish_time": 15416892,
    "limit_cost_by_ms": 7.388000011444092,
    "model_name": "squeezenetv1",
    "recv_time": 15397953,
    "tag": "268",
    "total_cost_by_ms": 18.93899917602539,
    "wait_cost": 11.119998931884766
}
