{
    "child_model_execute_cost_by_ms": [
        14.970000267028809,
        8.99899959564209
    ],
    "child_model_run_time": [
        [
            15712467,
            15727437
        ],
        [
            15727486,
            15736485
        ]
    ],
    "execute_cost": 23.9689998626709,
    "finish_time": 15736495,
    "limit_cost_by_ms": 19.129667282104492,
    "model_name": "resnet50",
    "recv_time": 15712350,
    "tag": "280",
    "total_cost_by_ms": 24.145000457763672,
    "wait_cost": 0.17600059509277344
}
