{
    "child_model_execute_cost_by_ms": [
        15.25,
        9.13700008392334
    ],
    "child_model_run_time": [
        [
            15851200,
            15866450
        ],
        [
            15866493,
            15875630
        ]
    ],
    "execute_cost": 24.387001037597656,
    "finish_time": 15875642,
    "limit_cost_by_ms": 19.129667282104492,
    "model_name": "resnet50",
    "recv_time": 15833523,
    "tag": "285",
    "total_cost_by_ms": 42.11899948120117,
    "wait_cost": 17.731998443603516
}
