{
    "child_model_execute_cost_by_ms": [
        18.996000289916992,
        19.618999481201172,
        20.820999145507813
    ],
    "child_model_run_time": [
        [
            15915606,
            15934602
        ],
        [
            15967530,
            15987149
        ],
        [
            15987199,
            16008020
        ]
    ],
    "execute_cost": 59.435997009277344,
    "finish_time": 16008029,
    "limit_cost_by_ms": 47.42533493041992,
    "model_name": "vgg19",
    "recv_time": 15909125,
    "tag": "288",
    "total_cost_by_ms": 98.90399932861328,
    "wait_cost": 39.46800231933594
}
