{
    "child_model_execute_cost_by_ms": [
        18.75,
        19.01799964904785,
        20.649999618530273
    ],
    "child_model_run_time": [
        [
            9390042,
            9408792
        ],
        [
            9450508,
            9469526
        ],
        [
            9469552,
            9490202
        ]
    ],
    "execute_cost": 58.417999267578125,
    "finish_time": 9490212,
    "limit_cost_by_ms": 47.42533493041992,
    "model_name": "vgg19",
    "recv_time": 9390029,
    "tag": "28",
    "total_cost_by_ms": 100.18299865722656,
    "wait_cost": 41.76499938964844
}
