{
    "child_model_execute_cost_by_ms": [
        8.142999649047852
    ],
    "child_model_run_time": [
        [
            16413473,
            16421616
        ]
    ],
    "execute_cost": 8.142999649047852,
    "finish_time": 16421623,
    "limit_cost_by_ms": 7.388000011444092,
    "model_name": "squeezenetv1",
    "recv_time": 16405883,
    "tag": "307",
    "total_cost_by_ms": 15.739999771118164,
    "wait_cost": 7.5970001220703125
}
