{
    "child_model_execute_cost_by_ms": [
        19.113000869750977,
        18.2810001373291,
        20.93199920654297
    ],
    "child_model_run_time": [
        [
            16540430,
            16559543
        ],
        [
            16567077,
            16585358
        ],
        [
            16593391,
            16614323
        ]
    ],
    "execute_cost": 58.32600021362305,
    "finish_time": 16614329,
    "limit_cost_by_ms": 47.42533493041992,
    "model_name": "vgg19",
    "recv_time": 16521910,
    "tag": "312",
    "total_cost_by_ms": 92.41899871826172,
    "wait_cost": 34.09299850463867
}
