{
    "child_model_execute_cost_by_ms": [
        19.53700065612793,
        17.804000854492188,
        20.325000762939453
    ],
    "child_model_run_time": [
        [
            16649394,
            16668931
        ],
        [
            16669045,
            16686849
        ],
        [
            16686870,
            16707195
        ]
    ],
    "execute_cost": 57.6660041809082,
    "finish_time": 16707202,
    "limit_cost_by_ms": 47.42533493041992,
    "model_name": "vgg19",
    "recv_time": 16634567,
    "tag": "317",
    "total_cost_by_ms": 72.63500213623047,
    "wait_cost": 14.968997955322266
}
