{
    "child_model_execute_cost_by_ms": [
        15.545000076293945,
        9.199000358581543
    ],
    "child_model_run_time": [
        [
            17008339,
            17023884
        ],
        [
            17033717,
            17042916
        ]
    ],
    "execute_cost": 24.743999481201172,
    "finish_time": 17042929,
    "limit_cost_by_ms": 19.129667282104492,
    "model_name": "resnet50",
    "recv_time": 17008236,
    "tag": "330",
    "total_cost_by_ms": 34.69300079345703,
    "wait_cost": 9.94900131225586
}
