{
    "child_model_execute_cost_by_ms": [
        18.177000045776367,
        18.070999145507813,
        20.60099983215332
    ],
    "child_model_run_time": [
        [
            17314193,
            17332370
        ],
        [
            17363492,
            17381563
        ],
        [
            17381651,
            17402252
        ]
    ],
    "execute_cost": 56.8489990234375,
    "finish_time": 17402259,
    "limit_cost_by_ms": 47.42533493041992,
    "model_name": "vgg19",
    "recv_time": 17314041,
    "tag": "343",
    "total_cost_by_ms": 88.21800231933594,
    "wait_cost": 31.369003295898438
}
