{
    "child_model_execute_cost_by_ms": [
        18.04800033569336,
        17.083999633789063,
        20.56399917602539
    ],
    "child_model_run_time": [
        [
            9597133,
            9615181
        ],
        [
            9615207,
            9632291
        ],
        [
            9665663,
            9686227
        ]
    ],
    "execute_cost": 55.69599914550781,
    "finish_time": 9686237,
    "limit_cost_by_ms": 47.42533493041992,
    "model_name": "vgg19",
    "recv_time": 9594288,
    "tag": "37",
    "total_cost_by_ms": 91.9489974975586,
    "wait_cost": 36.25299835205078
}
