{
    "child_model_execute_cost_by_ms": [
        8.144000053405762
    ],
    "child_model_run_time": [
        [
            18308050,
            18316194
        ]
    ],
    "execute_cost": 8.144000053405762,
    "finish_time": 18316202,
    "limit_cost_by_ms": 7.388000011444092,
    "model_name": "squeezenetv1",
    "recv_time": 18288742,
    "tag": "381",
    "total_cost_by_ms": 27.459999084472656,
    "wait_cost": 19.315998077392578
}
