{
    "child_model_execute_cost_by_ms": [
        9.694999694824219
    ],
    "child_model_run_time": [
        [
            18361225,
            18370920
        ]
    ],
    "execute_cost": 9.694999694824219,
    "finish_time": 18370931,
    "limit_cost_by_ms": 8.947333335876465,
    "model_name": "googlenet",
    "recv_time": 18347749,
    "tag": "384",
    "total_cost_by_ms": 23.18199920654297,
    "wait_cost": 13.48699951171875
}
