{
    "child_model_execute_cost_by_ms": [
        8.154999732971191
    ],
    "child_model_run_time": [
        [
            18608152,
            18616307
        ]
    ],
    "execute_cost": 8.154999732971191,
    "finish_time": 18616314,
    "limit_cost_by_ms": 7.388000011444092,
    "model_name": "squeezenetv1",
    "recv_time": 18603474,
    "tag": "393",
    "total_cost_by_ms": 12.84000015258789,
    "wait_cost": 4.685000419616699
}
