{
    "child_model_execute_cost_by_ms": [
        15.66100025177002,
        9.57800006866455
    ],
    "child_model_run_time": [
        [
            18616780,
            18632441
        ],
        [
            18632543,
            18642121
        ]
    ],
    "execute_cost": 25.23900032043457,
    "finish_time": 18642130,
    "limit_cost_by_ms": 19.129667282104492,
    "model_name": "resnet50",
    "recv_time": 18616648,
    "tag": "394",
    "total_cost_by_ms": 25.48200035095215,
    "wait_cost": 0.24300003051757813
}
