{
    "child_model_execute_cost_by_ms": [
        9.815999984741211
    ],
    "child_model_run_time": [
        [
            18808428,
            18818244
        ]
    ],
    "execute_cost": 9.815999984741211,
    "finish_time": 18818251,
    "limit_cost_by_ms": 8.947333335876465,
    "model_name": "googlenet",
    "recv_time": 18784410,
    "tag": "401",
    "total_cost_by_ms": 33.840999603271484,
    "wait_cost": 24.024999618530273
}
