{
    "child_model_execute_cost_by_ms": [
        7.744999885559082
    ],
    "child_model_run_time": [
        [
            19093178,
            19100923
        ]
    ],
    "execute_cost": 7.744999885559082,
    "finish_time": 19100934,
    "limit_cost_by_ms": 7.388000011444092,
    "model_name": "squeezenetv1",
    "recv_time": 19083465,
    "tag": "413",
    "total_cost_by_ms": 17.4689998626709,
    "wait_cost": 9.723999977111816
}
