{
    "child_model_execute_cost_by_ms": [
        19.503999710083008,
        18.93199920654297,
        21.367000579833984
    ],
    "child_model_run_time": [
        [
            19148054,
            19167558
        ],
        [
            19177666,
            19196598
        ],
        [
            19228348,
            19249715
        ]
    ],
    "execute_cost": 59.80299758911133,
    "finish_time": 19249725,
    "limit_cost_by_ms": 47.42533493041992,
    "model_name": "vgg19",
    "recv_time": 19147917,
    "tag": "415",
    "total_cost_by_ms": 101.80799865722656,
    "wait_cost": 42.005001068115234
}
