{
    "child_model_execute_cost_by_ms": [
        18.447999954223633,
        18.309999465942383,
        20.381000518798828
    ],
    "child_model_run_time": [
        [
            19250150,
            19268598
        ],
        [
            19276563,
            19294873
        ],
        [
            19294921,
            19315302
        ]
    ],
    "execute_cost": 57.138999938964844,
    "finish_time": 19315309,
    "limit_cost_by_ms": 47.42533493041992,
    "model_name": "vgg19",
    "recv_time": 19250084,
    "tag": "419",
    "total_cost_by_ms": 65.2249984741211,
    "wait_cost": 8.08599853515625
}
