{
    "child_model_execute_cost_by_ms": [
        15.083000183105469,
        8.927000045776367
    ],
    "child_model_run_time": [
        [
            19517507,
            19532590
        ],
        [
            19532713,
            19541640
        ]
    ],
    "execute_cost": 24.010000228881836,
    "finish_time": 19541649,
    "limit_cost_by_ms": 19.129667282104492,
    "model_name": "resnet50",
    "recv_time": 19517489,
    "tag": "429",
    "total_cost_by_ms": 24.15999984741211,
    "wait_cost": 0.14999961853027344
}
