{
    "child_model_execute_cost_by_ms": [
        15.095000267028809,
        9.76099967956543
    ],
    "child_model_run_time": [
        [
            19973909,
            19989004
        ],
        [
            20007337,
            20017098
        ]
    ],
    "execute_cost": 24.855998992919922,
    "finish_time": 20017108,
    "limit_cost_by_ms": 19.129667282104492,
    "model_name": "resnet50",
    "recv_time": 19970429,
    "tag": "448",
    "total_cost_by_ms": 46.67900085449219,
    "wait_cost": 21.823001861572266
}
