{
    "child_model_execute_cost_by_ms": [
        18.514999389648438,
        19.429000854492188,
        20.865999221801758
    ],
    "child_model_run_time": [
        [
            19955345,
            19973860
        ],
        [
            20017238,
            20036667
        ],
        [
            20036711,
            20057577
        ]
    ],
    "execute_cost": 58.80999755859375,
    "finish_time": 20057588,
    "limit_cost_by_ms": 47.42533493041992,
    "model_name": "vgg19",
    "recv_time": 19955223,
    "tag": "447",
    "total_cost_by_ms": 102.36499786376953,
    "wait_cost": 43.55500030517578
}
