{
    "child_model_execute_cost_by_ms": [
        18.170000076293945,
        18.114999771118164,
        20.990999221801758
    ],
    "child_model_run_time": [
        [
            20066154,
            20084324
        ],
        [
            20084344,
            20102459
        ],
        [
            20137733,
            20158724
        ]
    ],
    "execute_cost": 57.2760009765625,
    "finish_time": 20158732,
    "limit_cost_by_ms": 47.42533493041992,
    "model_name": "vgg19",
    "recv_time": 20066114,
    "tag": "452",
    "total_cost_by_ms": 92.61799621582031,
    "wait_cost": 35.34199523925781
}
