{
    "child_model_execute_cost_by_ms": [
        9.401000022888184
    ],
    "child_model_run_time": [
        [
            20258520,
            20267921
        ]
    ],
    "execute_cost": 9.401000022888184,
    "finish_time": 20267927,
    "limit_cost_by_ms": 8.947333335876465,
    "model_name": "googlenet",
    "recv_time": 20258364,
    "tag": "459",
    "total_cost_by_ms": 9.562999725341797,
    "wait_cost": 0.16199970245361328
}
