{
    "child_model_execute_cost_by_ms": [
        7.873000144958496
    ],
    "child_model_run_time": [
        [
            20358256,
            20366129
        ]
    ],
    "execute_cost": 7.873000144958496,
    "finish_time": 20366137,
    "limit_cost_by_ms": 7.388000011444092,
    "model_name": "squeezenetv1",
    "recv_time": 20358247,
    "tag": "463",
    "total_cost_by_ms": 7.889999866485596,
    "wait_cost": 0.01699972152709961
}
