{
    "child_model_execute_cost_by_ms": [
        18.229999542236328,
        18.725000381469727,
        20.643999099731445
    ],
    "child_model_run_time": [
        [
            20376466,
            20394696
        ],
        [
            20419179,
            20437904
        ],
        [
            20437999,
            20458643
        ]
    ],
    "execute_cost": 57.5989990234375,
    "finish_time": 20458652,
    "limit_cost_by_ms": 47.42533493041992,
    "model_name": "vgg19",
    "recv_time": 20358730,
    "tag": "464",
    "total_cost_by_ms": 99.9219970703125,
    "wait_cost": 42.322998046875
}
