{
    "child_model_execute_cost_by_ms": [
        7.89300012588501
    ],
    "child_model_run_time": [
        [
            20665856,
            20673749
        ]
    ],
    "execute_cost": 7.89300012588501,
    "finish_time": 20673756,
    "limit_cost_by_ms": 7.388000011444092,
    "model_name": "squeezenetv1",
    "recv_time": 20663168,
    "tag": "477",
    "total_cost_by_ms": 10.588000297546387,
    "wait_cost": 2.695000171661377
}
