{
    "child_model_execute_cost_by_ms": [
        10.293999671936035
    ],
    "child_model_run_time": [
        [
            20814351,
            20824645
        ]
    ],
    "execute_cost": 10.293999671936035,
    "finish_time": 20824660,
    "limit_cost_by_ms": 8.947333335876465,
    "model_name": "googlenet",
    "recv_time": 20795204,
    "tag": "480",
    "total_cost_by_ms": 29.45599937438965,
    "wait_cost": 19.161998748779297
}
