{
    "child_model_execute_cost_by_ms": [
        18.698999404907227,
        17.54400062561035,
        19.979999542236328
    ],
    "child_model_run_time": [
        [
            20866471,
            20885170
        ],
        [
            20885218,
            20902762
        ],
        [
            20902782,
            20922762
        ]
    ],
    "execute_cost": 56.222999572753906,
    "finish_time": 20922768,
    "limit_cost_by_ms": 47.42533493041992,
    "model_name": "vgg19",
    "recv_time": 20866379,
    "tag": "484",
    "total_cost_by_ms": 56.388999938964844,
    "wait_cost": 0.1660003662109375
}
