{
    "child_model_execute_cost_by_ms": [
        15.29699993133545,
        8.902000427246094
    ],
    "child_model_run_time": [
        [
            21198625,
            21213922
        ],
        [
            21214016,
            21222918
        ]
    ],
    "execute_cost": 24.19900131225586,
    "finish_time": 21222931,
    "limit_cost_by_ms": 19.129667282104492,
    "model_name": "resnet50",
    "recv_time": 21172480,
    "tag": "498",
    "total_cost_by_ms": 50.45100021362305,
    "wait_cost": 26.251998901367188
}
