{
    "child_model_execute_cost_by_ms": [
        16.702999114990234,
        10.3149995803833
    ],
    "child_model_run_time": [
        [
            8788374,
            8805077
        ],
        [
            8805140,
            8815455
        ]
    ],
    "execute_cost": 27.01799774169922,
    "finish_time": 8815466,
    "limit_cost_by_ms": 19.129667282104492,
    "model_name": "resnet50",
    "recv_time": 8779899,
    "tag": "7",
    "total_cost_by_ms": 35.56700134277344,
    "wait_cost": 8.549003601074219
}
