{
    "child_model_execute_cost_by_ms": [
        18.020999908447266,
        17.628999710083008,
        20.558000564575195
    ],
    "child_model_run_time": [
        [
            21261379,
            21279400
        ],
        [
            21302179,
            21319808
        ],
        [
            21346173,
            21366731
        ]
    ],
    "execute_cost": 56.20800018310547,
    "finish_time": 21366738,
    "limit_cost_by_ms": 47.42533493041992,
    "model_name": "vgg19",
    "recv_time": 21261235,
    "tag": "499",
    "total_cost_by_ms": 105.50299835205078,
    "wait_cost": 49.29499816894531
}
