{
    "child_model_execute_cost_by_ms": [
        18.628999710083008,
        17.607999801635742,
        20.22599983215332
    ],
    "child_model_run_time": [
        [
            21366838,
            21385467
        ],
        [
            21408523,
            21426131
        ],
        [
            21426167,
            21446393
        ]
    ],
    "execute_cost": 56.46299743652344,
    "finish_time": 21446402,
    "limit_cost_by_ms": 47.42533493041992,
    "model_name": "vgg19",
    "recv_time": 21360377,
    "tag": "504",
    "total_cost_by_ms": 86.0250015258789,
    "wait_cost": 29.56200408935547
}
