{
    "child_model_execute_cost_by_ms": [
        10.423999786376953
    ],
    "child_model_run_time": [
        [
            21446940,
            21457364
        ]
    ],
    "execute_cost": 10.423999786376953,
    "finish_time": 21457376,
    "limit_cost_by_ms": 8.947333335876465,
    "model_name": "googlenet",
    "recv_time": 21446793,
    "tag": "506",
    "total_cost_by_ms": 10.583000183105469,
    "wait_cost": 0.15900039672851563
}
