{
    "child_model_execute_cost_by_ms": [
        19.81800079345703,
        18.968000411987305,
        20.275999069213867
    ],
    "child_model_run_time": [
        [
            21552676,
            21572494
        ],
        [
            21607181,
            21626149
        ],
        [
            21626201,
            21646477
        ]
    ],
    "execute_cost": 59.06200408935547,
    "finish_time": 21646485,
    "limit_cost_by_ms": 47.42533493041992,
    "model_name": "vgg19",
    "recv_time": 21552663,
    "tag": "511",
    "total_cost_by_ms": 93.8219985961914,
    "wait_cost": 34.75999450683594
}
