{
    "child_model_execute_cost_by_ms": [
        3.013000011444092,
        4.625
    ],
    "child_model_run_time": [
        [
            21666210,
            21669223
        ],
        [
            21669263,
            21673888
        ]
    ],
    "execute_cost": 7.638000011444092,
    "finish_time": 21673893,
    "limit_cost_by_ms": 6.204333305358887,
    "model_name": "yolov2",
    "recv_time": 21658762,
    "tag": "516",
    "total_cost_by_ms": 15.130999565124512,
    "wait_cost": 7.49299955368042
}
