{
    "child_model_execute_cost_by_ms": [
        7.939000129699707
    ],
    "child_model_run_time": [
        [
            22014104,
            22022043
        ]
    ],
    "execute_cost": 7.939000129699707,
    "finish_time": 22022050,
    "limit_cost_by_ms": 7.388000011444092,
    "model_name": "squeezenetv1",
    "recv_time": 22013644,
    "tag": "530",
    "total_cost_by_ms": 8.406000137329102,
    "wait_cost": 0.46700000762939453
}
