{
    "child_model_execute_cost_by_ms": [
        18.85700035095215,
        18.464000701904297,
        21.58099937438965
    ],
    "child_model_run_time": [
        [
            22087814,
            22106671
        ],
        [
            22106691,
            22125155
        ],
        [
            22135132,
            22156713
        ]
    ],
    "execute_cost": 58.902000427246094,
    "finish_time": 22156722,
    "limit_cost_by_ms": 47.42533493041992,
    "model_name": "vgg19",
    "recv_time": 22074886,
    "tag": "532",
    "total_cost_by_ms": 81.83599853515625,
    "wait_cost": 22.933998107910156
}
