{
    "child_model_execute_cost_by_ms": [
        18.29599952697754,
        17.844999313354492,
        20.97599983215332
    ],
    "child_model_run_time": [
        [
            22293183,
            22311479
        ],
        [
            22311525,
            22329370
        ],
        [
            22329418,
            22350394
        ]
    ],
    "execute_cost": 57.11699676513672,
    "finish_time": 22350400,
    "limit_cost_by_ms": 47.42533493041992,
    "model_name": "vgg19",
    "recv_time": 22288963,
    "tag": "540",
    "total_cost_by_ms": 61.4370002746582,
    "wait_cost": 4.320003509521484
}
