{
    "child_model_execute_cost_by_ms": [
        19.496000289916992,
        18.28700065612793,
        20.882999420166016
    ],
    "child_model_run_time": [
        [
            22391408,
            22410904
        ],
        [
            22420887,
            22439174
        ],
        [
            22439271,
            22460154
        ]
    ],
    "execute_cost": 58.66600036621094,
    "finish_time": 22460162,
    "limit_cost_by_ms": 47.42533493041992,
    "model_name": "vgg19",
    "recv_time": 22391394,
    "tag": "544",
    "total_cost_by_ms": 68.76799774169922,
    "wait_cost": 10.101997375488281
}
