{
    "child_model_execute_cost_by_ms": [
        9.925999641418457
    ],
    "child_model_run_time": [
        [
            22668156,
            22678082
        ]
    ],
    "execute_cost": 9.925999641418457,
    "finish_time": 22678091,
    "limit_cost_by_ms": 8.947333335876465,
    "model_name": "googlenet",
    "recv_time": 22659173,
    "tag": "554",
    "total_cost_by_ms": 18.917999267578125,
    "wait_cost": 8.991999626159668
}
