{
    "child_model_execute_cost_by_ms": [
        3.309999942779541,
        4.639999866485596
    ],
    "child_model_run_time": [
        [
            22754549,
            22757859
        ],
        [
            22757894,
            22762534
        ]
    ],
    "execute_cost": 7.949999809265137,
    "finish_time": 22762540,
    "limit_cost_by_ms": 6.204333305358887,
    "model_name": "yolov2",
    "recv_time": 22740797,
    "tag": "557",
    "total_cost_by_ms": 21.743000030517578,
    "wait_cost": 13.793000221252441
}
