{
    "child_model_execute_cost_by_ms": [
        18.79199981689453,
        18.285999298095703,
        22.238000869750977
    ],
    "child_model_run_time": [
        [
            22788572,
            22807364
        ],
        [
            22807415,
            22825701
        ],
        [
            22835714,
            22857952
        ]
    ],
    "execute_cost": 59.316001892089844,
    "finish_time": 22857966,
    "limit_cost_by_ms": 47.42533493041992,
    "model_name": "vgg19",
    "recv_time": 22781833,
    "tag": "559",
    "total_cost_by_ms": 76.13300323486328,
    "wait_cost": 16.817001342773438
}
