{
    "child_model_execute_cost_by_ms": [
        15.059000015258789,
        9.37399959564209
    ],
    "child_model_run_time": [
        [
            23295021,
            23310080
        ],
        [
            23310135,
            23319509
        ]
    ],
    "execute_cost": 24.432998657226563,
    "finish_time": 23319514,
    "limit_cost_by_ms": 19.129667282104492,
    "model_name": "resnet50",
    "recv_time": 23290738,
    "tag": "579",
    "total_cost_by_ms": 28.775999069213867,
    "wait_cost": 4.343000411987305
}
