{
    "child_model_execute_cost_by_ms": [
        19.5,
        19.559999465942383,
        20.89900016784668
    ],
    "child_model_run_time": [
        [
            23688538,
            23708038
        ],
        [
            23743605,
            23763165
        ],
        [
            23763217,
            23784116
        ]
    ],
    "execute_cost": 59.95899963378906,
    "finish_time": 23784124,
    "limit_cost_by_ms": 47.42533493041992,
    "model_name": "vgg19",
    "recv_time": 23688392,
    "tag": "594",
    "total_cost_by_ms": 95.73200225830078,
    "wait_cost": 35.77300262451172
}
