{
    "child_model_execute_cost_by_ms": [
        10.180999755859375
    ],
    "child_model_run_time": [
        [
            23863276,
            23873457
        ]
    ],
    "execute_cost": 10.180999755859375,
    "finish_time": 23873470,
    "limit_cost_by_ms": 8.947333335876465,
    "model_name": "googlenet",
    "recv_time": 23848569,
    "tag": "601",
    "total_cost_by_ms": 24.900999069213867,
    "wait_cost": 14.719999313354492
}
