{
    "child_model_execute_cost_by_ms": [
        19.05500030517578,
        19.253000259399414,
        21.31399917602539
    ],
    "child_model_run_time": [
        [
            24005363,
            24024418
        ],
        [
            24049447,
            24068700
        ],
        [
            24068797,
            24090111
        ]
    ],
    "execute_cost": 59.62199783325195,
    "finish_time": 24090119,
    "limit_cost_by_ms": 47.42533493041992,
    "model_name": "vgg19",
    "recv_time": 24005353,
    "tag": "607",
    "total_cost_by_ms": 84.76599884033203,
    "wait_cost": 25.144001007080078
}
