{
    "child_model_execute_cost_by_ms": [
        8.57800006866455
    ],
    "child_model_run_time": [
        [
            24135400,
            24143978
        ]
    ],
    "execute_cost": 8.57800006866455,
    "finish_time": 24143989,
    "limit_cost_by_ms": 7.388000011444092,
    "model_name": "squeezenetv1",
    "recv_time": 24132730,
    "tag": "613",
    "total_cost_by_ms": 11.258999824523926,
    "wait_cost": 2.680999755859375
}
