{
    "child_model_execute_cost_by_ms": [
        17.812999725341797,
        18.48200035095215,
        20.389999389648438
    ],
    "child_model_run_time": [
        [
            10170559,
            10188372
        ],
        [
            10231202,
            10249684
        ],
        [
            10249784,
            10270174
        ]
    ],
    "execute_cost": 56.68499755859375,
    "finish_time": 10270183,
    "limit_cost_by_ms": 47.42533493041992,
    "model_name": "vgg19",
    "recv_time": 10170542,
    "tag": "59",
    "total_cost_by_ms": 99.64099884033203,
    "wait_cost": 42.95600128173828
}
