{
    "child_model_execute_cost_by_ms": [
        18.336999893188477,
        18.16699981689453,
        21.30900001525879
    ],
    "child_model_run_time": [
        [
            24090467,
            24108804
        ],
        [
            24108849,
            24127016
        ],
        [
            24178044,
            24199353
        ]
    ],
    "execute_cost": 57.81299591064453,
    "finish_time": 24199361,
    "limit_cost_by_ms": 47.42533493041992,
    "model_name": "vgg19",
    "recv_time": 24090394,
    "tag": "609",
    "total_cost_by_ms": 108.96700286865234,
    "wait_cost": 51.15400695800781
}
