{
    "child_model_execute_cost_by_ms": [
        3.1659998893737793,
        4.763000011444092
    ],
    "child_model_run_time": [
        [
            24635592,
            24638758
        ],
        [
            24638864,
            24643627
        ]
    ],
    "execute_cost": 7.928999900817871,
    "finish_time": 24643639,
    "limit_cost_by_ms": 6.204333305358887,
    "model_name": "yolov2",
    "recv_time": 24632086,
    "tag": "631",
    "total_cost_by_ms": 11.553000450134277,
    "wait_cost": 3.6240005493164063
}
