{
    "child_model_execute_cost_by_ms": [
        8.58899974822998
    ],
    "child_model_run_time": [
        [
            24643680,
            24652269
        ]
    ],
    "execute_cost": 8.58899974822998,
    "finish_time": 24652282,
    "limit_cost_by_ms": 7.388000011444092,
    "model_name": "squeezenetv1",
    "recv_time": 24631923,
    "tag": "630",
    "total_cost_by_ms": 20.358999252319336,
    "wait_cost": 11.769999504089355
}
