{
    "child_model_execute_cost_by_ms": [
        19.003999710083008,
        18.23699951171875,
        20.575000762939453
    ],
    "child_model_run_time": [
        [
            25009589,
            25028593
        ],
        [
            25028647,
            25046884
        ],
        [
            25046921,
            25067496
        ]
    ],
    "execute_cost": 57.81599807739258,
    "finish_time": 25067504,
    "limit_cost_by_ms": 47.42533493041992,
    "model_name": "vgg19",
    "recv_time": 24997473,
    "tag": "646",
    "total_cost_by_ms": 70.03099822998047,
    "wait_cost": 12.21500015258789
}
