{
    "child_model_execute_cost_by_ms": [
        3.178999900817871,
        4.961999893188477
    ],
    "child_model_run_time": [
        [
            25140797,
            25143976
        ],
        [
            25144030,
            25148992
        ]
    ],
    "execute_cost": 8.140999794006348,
    "finish_time": 25149002,
    "limit_cost_by_ms": 6.204333305358887,
    "model_name": "yolov2",
    "recv_time": 25139480,
    "tag": "650",
    "total_cost_by_ms": 9.522000312805176,
    "wait_cost": 1.3810005187988281
}
