{
    "child_model_execute_cost_by_ms": [
        15.5649995803833,
        9.156000137329102
    ],
    "child_model_run_time": [
        [
            10379838,
            10395403
        ],
        [
            10395439,
            10404595
        ]
    ],
    "execute_cost": 24.72100067138672,
    "finish_time": 10404605,
    "limit_cost_by_ms": 19.129667282104492,
    "model_name": "resnet50",
    "recv_time": 10372898,
    "tag": "68",
    "total_cost_by_ms": 31.707000732421875,
    "wait_cost": 6.986000061035156
}
