{
    "child_model_execute_cost_by_ms": [
        19.101999282836914,
        18.07699966430664,
        20.655000686645508
    ],
    "child_model_run_time": [
        [
            25712606,
            25731708
        ],
        [
            25731837,
            25749914
        ],
        [
            25760275,
            25780930
        ]
    ],
    "execute_cost": 57.83399963378906,
    "finish_time": 25780939,
    "limit_cost_by_ms": 47.42533493041992,
    "model_name": "vgg19",
    "recv_time": 25684678,
    "tag": "672",
    "total_cost_by_ms": 96.26100158691406,
    "wait_cost": 38.427001953125
}
