{
    "child_model_execute_cost_by_ms": [
        8.822999954223633
    ],
    "child_model_run_time": [
        [
            25881526,
            25890349
        ]
    ],
    "execute_cost": 8.822999954223633,
    "finish_time": 25890362,
    "limit_cost_by_ms": 7.388000011444092,
    "model_name": "squeezenetv1",
    "recv_time": 25871023,
    "tag": "679",
    "total_cost_by_ms": 19.339000701904297,
    "wait_cost": 10.516000747680664
}
