{
    "child_model_execute_cost_by_ms": [
        8.760000228881836
    ],
    "child_model_run_time": [
        [
            26380701,
            26389461
        ]
    ],
    "execute_cost": 8.760000228881836,
    "finish_time": 26389476,
    "limit_cost_by_ms": 7.388000011444092,
    "model_name": "squeezenetv1",
    "recv_time": 26380592,
    "tag": "698",
    "total_cost_by_ms": 8.883999824523926,
    "wait_cost": 0.12399959564208984
}
