{
    "child_model_execute_cost_by_ms": [
        8.690999984741211
    ],
    "child_model_run_time": [
        [
            26723298,
            26731989
        ]
    ],
    "execute_cost": 8.690999984741211,
    "finish_time": 26732002,
    "limit_cost_by_ms": 7.388000011444092,
    "model_name": "squeezenetv1",
    "recv_time": 26712728,
    "tag": "712",
    "total_cost_by_ms": 19.27400016784668,
    "wait_cost": 10.583000183105469
}
