{
    "child_model_execute_cost_by_ms": [
        19.395999908447266,
        18.3799991607666,
        20.773000717163086
    ],
    "child_model_run_time": [
        [
            26732065,
            26751461
        ],
        [
            26751512,
            26769892
        ],
        [
            26769912,
            26790685
        ]
    ],
    "execute_cost": 58.54900360107422,
    "finish_time": 26790692,
    "limit_cost_by_ms": 47.42533493041992,
    "model_name": "vgg19",
    "recv_time": 26723552,
    "tag": "713",
    "total_cost_by_ms": 67.13999938964844,
    "wait_cost": 8.590995788574219
}
