{
    "child_model_execute_cost_by_ms": [
        19.979000091552734,
        18.525999069213867,
        20.70400047302246
    ],
    "child_model_run_time": [
        [
            27536758,
            27556737
        ],
        [
            27565167,
            27583693
        ],
        [
            27583734,
            27604438
        ]
    ],
    "execute_cost": 59.20899963378906,
    "finish_time": 27604447,
    "limit_cost_by_ms": 47.42533493041992,
    "model_name": "vgg19",
    "recv_time": 27526895,
    "tag": "744",
    "total_cost_by_ms": 77.552001953125,
    "wait_cost": 18.343002319335938
}
