{
    "child_model_execute_cost_by_ms": [
        14.782999992370605,
        9.359000205993652
    ],
    "child_model_run_time": [
        [
            27708217,
            27723000
        ],
        [
            27731519,
            27740878
        ]
    ],
    "execute_cost": 24.142000198364258,
    "finish_time": 27740883,
    "limit_cost_by_ms": 19.129667282104492,
    "model_name": "resnet50",
    "recv_time": 27696917,
    "tag": "750",
    "total_cost_by_ms": 43.965999603271484,
    "wait_cost": 19.823999404907227
}
