{
    "child_model_execute_cost_by_ms": [
        14.571000099182129,
        9.128999710083008
    ],
    "child_model_run_time": [
        [
            27909576,
            27924147
        ],
        [
            27924195,
            27933324
        ]
    ],
    "execute_cost": 23.700000762939453,
    "finish_time": 27933331,
    "limit_cost_by_ms": 19.129667282104492,
    "model_name": "resnet50",
    "recv_time": 27904214,
    "tag": "758",
    "total_cost_by_ms": 29.117000579833984,
    "wait_cost": 5.416999816894531
}
