{
    "child_model_execute_cost_by_ms": [
        18.64699935913086,
        17.48200035095215,
        20.38599967956543
    ],
    "child_model_run_time": [
        [
            10605103,
            10623750
        ],
        [
            10623776,
            10641258
        ],
        [
            10657592,
            10677978
        ]
    ],
    "execute_cost": 56.51499938964844,
    "finish_time": 10677986,
    "limit_cost_by_ms": 47.42533493041992,
    "model_name": "vgg19",
    "recv_time": 10586179,
    "tag": "77",
    "total_cost_by_ms": 91.80699920654297,
    "wait_cost": 35.29199981689453
}
