{
    "child_model_execute_cost_by_ms": [
        19.3439998626709,
        18.743999481201172,
        21.25
    ],
    "child_model_run_time": [
        [
            28550094,
            28569438
        ],
        [
            28569548,
            28588292
        ],
        [
            28598740,
            28619990
        ]
    ],
    "execute_cost": 59.33799743652344,
    "finish_time": 28619999,
    "limit_cost_by_ms": 47.42533493041992,
    "model_name": "vgg19",
    "recv_time": 28546876,
    "tag": "784",
    "total_cost_by_ms": 73.12300109863281,
    "wait_cost": 13.785003662109375
}
