{
    "child_model_execute_cost_by_ms": [
        18.743999481201172,
        18.614999771118164,
        22.000999450683594
    ],
    "child_model_run_time": [
        [
            28951656,
            28970400
        ],
        [
            28970451,
            28989066
        ],
        [
            28989087,
            29011088
        ]
    ],
    "execute_cost": 59.36000061035156,
    "finish_time": 29011097,
    "limit_cost_by_ms": 47.42533493041992,
    "model_name": "vgg19",
    "recv_time": 28951507,
    "tag": "799",
    "total_cost_by_ms": 59.59000015258789,
    "wait_cost": 0.22999954223632813
}
