{
    "child_model_execute_cost_by_ms": [
        3.2090001106262207,
        4.466000080108643
    ],
    "child_model_run_time": [
        [
            29634679,
            29637888
        ],
        [
            29637914,
            29642380
        ]
    ],
    "execute_cost": 7.675000190734863,
    "finish_time": 29642384,
    "limit_cost_by_ms": 6.204333305358887,
    "model_name": "yolov2",
    "recv_time": 29619368,
    "tag": "825",
    "total_cost_by_ms": 23.016000747680664,
    "wait_cost": 15.3410005569458
}
