{
    "child_model_execute_cost_by_ms": [
        19.069000244140625,
        17.586999893188477,
        19.83300018310547
    ],
    "child_model_run_time": [
        [
            29742302,
            29761371
        ],
        [
            29761410,
            29778997
        ],
        [
            29779029,
            29798862
        ]
    ],
    "execute_cost": 56.48899841308594,
    "finish_time": 29798870,
    "limit_cost_by_ms": 47.42533493041992,
    "model_name": "vgg19",
    "recv_time": 29742286,
    "tag": "830",
    "total_cost_by_ms": 56.58399963378906,
    "wait_cost": 0.095001220703125
}
