{
    "child_model_execute_cost_by_ms": [
        19.468000411987305,
        19.084999084472656,
        22.20400047302246
    ],
    "child_model_run_time": [
        [
            30045208,
            30064676
        ],
        [
            30064719,
            30083804
        ],
        [
            30103076,
            30125280
        ]
    ],
    "execute_cost": 60.75700378417969,
    "finish_time": 30125291,
    "limit_cost_by_ms": 47.42533493041992,
    "model_name": "vgg19",
    "recv_time": 30045074,
    "tag": "842",
    "total_cost_by_ms": 80.21700286865234,
    "wait_cost": 19.459999084472656
}
