{
    "child_model_execute_cost_by_ms": [
        2.928999900817871,
        4.644999980926514
    ],
    "child_model_run_time": [
        [
            30286406,
            30289335
        ],
        [
            30289367,
            30294012
        ]
    ],
    "execute_cost": 7.573999881744385,
    "finish_time": 30294020,
    "limit_cost_by_ms": 6.204333305358887,
    "model_name": "yolov2",
    "recv_time": 30278852,
    "tag": "851",
    "total_cost_by_ms": 15.168000221252441,
    "wait_cost": 7.594000339508057
}
