{
    "child_model_execute_cost_by_ms": [
        15.661999702453613,
        9.291000366210938
    ],
    "child_model_run_time": [
        [
            31298920,
            31314582
        ],
        [
            31314621,
            31323912
        ]
    ],
    "execute_cost": 24.952999114990234,
    "finish_time": 31323926,
    "limit_cost_by_ms": 19.129667282104492,
    "model_name": "resnet50",
    "recv_time": 31281598,
    "tag": "892",
    "total_cost_by_ms": 42.327999114990234,
    "wait_cost": 17.375
}
