{
    "child_model_execute_cost_by_ms": [
        7.705999851226807
    ],
    "child_model_run_time": [
        [
            31588577,
            31596283
        ]
    ],
    "execute_cost": 7.705999851226807,
    "finish_time": 31596291,
    "limit_cost_by_ms": 7.388000011444092,
    "model_name": "squeezenetv1",
    "recv_time": 31583012,
    "tag": "902",
    "total_cost_by_ms": 13.279000282287598,
    "wait_cost": 5.573000431060791
}
