{
    "child_model_execute_cost_by_ms": [
        3.5859999656677246,
        5.0269999504089355
    ],
    "child_model_run_time": [
        [
            32456387,
            32459973
        ],
        [
            32460022,
            32465049
        ]
    ],
    "execute_cost": 8.61299991607666,
    "finish_time": 32465063,
    "limit_cost_by_ms": 6.204333305358887,
    "model_name": "yolov2",
    "recv_time": 32450865,
    "tag": "935",
    "total_cost_by_ms": 14.197999954223633,
    "wait_cost": 5.585000038146973
}
