{
    "child_model_execute_cost_by_ms": [
        10.125
    ],
    "child_model_run_time": [
        [
            32752869,
            32762994
        ]
    ],
    "execute_cost": 10.125,
    "finish_time": 32763005,
    "limit_cost_by_ms": 8.947333335876465,
    "model_name": "googlenet",
    "recv_time": 32738976,
    "tag": "947",
    "total_cost_by_ms": 24.02899932861328,
    "wait_cost": 13.903999328613281
}
