{
    "child_model_execute_cost_by_ms": [
        19.576000213623047,
        19.517000198364258,
        21.756000518798828
    ],
    "child_model_run_time": [
        [
            33285666,
            33305242
        ],
        [
            33324128,
            33343645
        ],
        [
            33343689,
            33365445
        ]
    ],
    "execute_cost": 60.849002838134766,
    "finish_time": 33365451,
    "limit_cost_by_ms": 47.42533493041992,
    "model_name": "vgg19",
    "recv_time": 33272007,
    "tag": "968",
    "total_cost_by_ms": 93.44400024414063,
    "wait_cost": 32.59499740600586
}
