{
    "child_model_execute_cost_by_ms": [
        19.988000869750977,
        18.711999893188477,
        21.371999740600586
    ],
    "child_model_run_time": [
        [
            33504888,
            33524876
        ],
        [
            33524919,
            33543631
        ],
        [
            33543668,
            33565040
        ]
    ],
    "execute_cost": 60.071998596191406,
    "finish_time": 33565050,
    "limit_cost_by_ms": 47.42533493041992,
    "model_name": "vgg19",
    "recv_time": 33468305,
    "tag": "976",
    "total_cost_by_ms": 96.74500274658203,
    "wait_cost": 36.673004150390625
}
