{
    "child_model_execute_cost_by_ms": [
        20.02899932861328,
        19.642000198364258,
        21.309999465942383
    ],
    "child_model_run_time": [
        [
            34009097,
            34029126
        ],
        [
            34048503,
            34068145
        ],
        [
            34068187,
            34089497
        ]
    ],
    "execute_cost": 60.980995178222656,
    "finish_time": 34089505,
    "limit_cost_by_ms": 47.42533493041992,
    "model_name": "vgg19",
    "recv_time": 34009000,
    "tag": "995",
    "total_cost_by_ms": 80.50499725341797,
    "wait_cost": 19.524002075195313
}
