name,min,avg,max
resnet50,1.0,1.5012704006869897,4.689107408436831
vgg19,1.0,1.0713627407895019,1.9293221343039668
yolov2,1.0014541645395574,2.2748482493792332,8.583777490173949
squeezenetv1,1.0571533558099198,2.4229390641610076,7.714876182155122
googlenet,1.0589089501150304,2.3359707929993436,7.82450260704024
total,1.0,1.9272007819275145,8.583777490173949
