name,Std. Deviation of RR
resnet50,0.8318533247979581
vgg19,0.15397122975641786
yolov2,1.7621991003380124
squeezenetv1,1.7407672003245196
googlenet,1.6778025305112458
total,1.4778027596138317
