{
    "child_model_execute_cost_by_ms": [
        3.1510000228881836,
        4.578000068664551
    ],
    "child_model_run_time": [
        [
            8932803,
            8935954
        ],
        [
            8936007,
            8940585
        ]
    ],
    "execute_cost": 7.729000091552734,
    "finish_time": 8940596,
    "limit_cost_by_ms": 6.171000003814697,
    "model_name": "yolov2",
    "recv_time": 8932682,
    "tag": "11",
    "total_cost_by_ms": 7.914000034332275,
    "wait_cost": 0.18499994277954102
}
