{
    "child_model_execute_cost_by_ms": [
        9.720999717712402
    ],
    "child_model_run_time": [
        [
            10994622,
            11004343
        ]
    ],
    "execute_cost": 9.720999717712402,
    "finish_time": 11004356,
    "limit_cost_by_ms": 8.922666549682617,
    "model_name": "googlenet",
    "recv_time": 10994528,
    "tag": "106",
    "total_cost_by_ms": 9.82800006866455,
    "wait_cost": 0.10700035095214844
}
