{
    "child_model_execute_cost_by_ms": [
        19.216999053955078,
        17.783000946044922,
        19.791000366210938
    ],
    "child_model_run_time": [
        [
            11468740,
            11487957
        ],
        [
            11488004,
            11505787
        ],
        [
            11505878,
            11525669
        ]
    ],
    "execute_cost": 56.79100036621094,
    "finish_time": 11525677,
    "limit_cost_by_ms": 46.779998779296875,
    "model_name": "vgg19",
    "recv_time": 11434823,
    "tag": "127",
    "total_cost_by_ms": 90.85399627685547,
    "wait_cost": 34.06299591064453
}
