{
    "child_model_execute_cost_by_ms": [
        8.644000053405762
    ],
    "child_model_run_time": [
        [
            11525781,
            11534425
        ]
    ],
    "execute_cost": 8.644000053405762,
    "finish_time": 11534434,
    "limit_cost_by_ms": 7.2779998779296875,
    "model_name": "squeezenetv1",
    "recv_time": 11520270,
    "tag": "130",
    "total_cost_by_ms": 14.163999557495117,
    "wait_cost": 5.5199995040893555
}
