{
    "child_model_execute_cost_by_ms": [
        14.583000183105469,
        8.994000434875488
    ],
    "child_model_run_time": [
        [
            8950739,
            8965322
        ],
        [
            8973641,
            8982635
        ]
    ],
    "execute_cost": 23.57699966430664,
    "finish_time": 8982645,
    "limit_cost_by_ms": 19.097999572753906,
    "model_name": "resnet50",
    "recv_time": 8938021,
    "tag": "14",
    "total_cost_by_ms": 44.624000549316406,
    "wait_cost": 21.047000885009766
}
