{
    "child_model_execute_cost_by_ms": [
        9.208999633789063
    ],
    "child_model_run_time": [
        [
            11984280,
            11993489
        ]
    ],
    "execute_cost": 9.208999633789063,
    "finish_time": 11993498,
    "limit_cost_by_ms": 8.922666549682617,
    "model_name": "googlenet",
    "recv_time": 11979246,
    "tag": "153",
    "total_cost_by_ms": 14.251999855041504,
    "wait_cost": 5.043000221252441
}
