{
    "child_model_execute_cost_by_ms": [
        3.0320000648498535,
        4.5980000495910645
    ],
    "child_model_run_time": [
        [
            12117234,
            12120266
        ],
        [
            12120323,
            12124921
        ]
    ],
    "execute_cost": 7.630000114440918,
    "finish_time": 12124934,
    "limit_cost_by_ms": 6.171000003814697,
    "model_name": "yolov2",
    "recv_time": 12107294,
    "tag": "159",
    "total_cost_by_ms": 17.639999389648438,
    "wait_cost": 10.00999927520752
}
