{
    "child_model_execute_cost_by_ms": [
        14.892000198364258,
        8.692999839782715
    ],
    "child_model_run_time": [
        [
            12397338,
            12412230
        ],
        [
            12412280,
            12420973
        ]
    ],
    "execute_cost": 23.584999084472656,
    "finish_time": 12420981,
    "limit_cost_by_ms": 19.097999572753906,
    "model_name": "resnet50",
    "recv_time": 12397208,
    "tag": "171",
    "total_cost_by_ms": 23.773000717163086,
    "wait_cost": 0.1880016326904297
}
