{
    "child_model_execute_cost_by_ms": [
        3.2109999656677246,
        4.440000057220459
    ],
    "child_model_run_time": [
        [
            12421497,
            12424708
        ],
        [
            12424801,
            12429241
        ]
    ],
    "execute_cost": 7.651000022888184,
    "finish_time": 12429251,
    "limit_cost_by_ms": 6.171000003814697,
    "model_name": "yolov2",
    "recv_time": 12421485,
    "tag": "172",
    "total_cost_by_ms": 7.765999794006348,
    "wait_cost": 0.11499977111816406
}
