{
    "child_model_execute_cost_by_ms": [
        7.7210001945495605
    ],
    "child_model_run_time": [
        [
            13061465,
            13069186
        ]
    ],
    "execute_cost": 7.7210001945495605,
    "finish_time": 13069194,
    "limit_cost_by_ms": 7.2779998779296875,
    "model_name": "squeezenetv1",
    "recv_time": 13046674,
    "tag": "203",
    "total_cost_by_ms": 22.520000457763672,
    "wait_cost": 14.798999786376953
}
