{
    "child_model_execute_cost_by_ms": [
        9.317999839782715
    ],
    "child_model_run_time": [
        [
            13185120,
            13194438
        ]
    ],
    "execute_cost": 9.317999839782715,
    "finish_time": 13194443,
    "limit_cost_by_ms": 8.922666549682617,
    "model_name": "googlenet",
    "recv_time": 13171989,
    "tag": "209",
    "total_cost_by_ms": 22.45400047302246,
    "wait_cost": 13.136000633239746
}
