{
    "child_model_execute_cost_by_ms": [
        7.901000022888184
    ],
    "child_model_run_time": [
        [
            13722436,
            13730337
        ]
    ],
    "execute_cost": 7.901000022888184,
    "finish_time": 13730343,
    "limit_cost_by_ms": 7.2779998779296875,
    "model_name": "squeezenetv1",
    "recv_time": 13722355,
    "tag": "234",
    "total_cost_by_ms": 7.98799991607666,
    "wait_cost": 0.08699989318847656
}
