{
    "child_model_execute_cost_by_ms": [
        9.513999938964844
    ],
    "child_model_run_time": [
        [
            13810706,
            13820220
        ]
    ],
    "execute_cost": 9.513999938964844,
    "finish_time": 13820227,
    "limit_cost_by_ms": 8.922666549682617,
    "model_name": "googlenet",
    "recv_time": 13796934,
    "tag": "237",
    "total_cost_by_ms": 23.292999267578125,
    "wait_cost": 13.778999328613281
}
