{
    "child_model_execute_cost_by_ms": [
        18.70400047302246,
        17.094999313354492,
        19.562000274658203
    ],
    "child_model_run_time": [
        [
            13838615,
            13857319
        ],
        [
            13857367,
            13874462
        ],
        [
            13874506,
            13894068
        ]
    ],
    "execute_cost": 55.361000061035156,
    "finish_time": 13894078,
    "limit_cost_by_ms": 46.779998779296875,
    "model_name": "vgg19",
    "recv_time": 13838476,
    "tag": "240",
    "total_cost_by_ms": 55.60200119018555,
    "wait_cost": 0.24100112915039063
}
