{
    "child_model_execute_cost_by_ms": [
        9.906999588012695
    ],
    "child_model_run_time": [
        [
            13928631,
            13938538
        ]
    ],
    "execute_cost": 9.906999588012695,
    "finish_time": 13938544,
    "limit_cost_by_ms": 8.922666549682617,
    "model_name": "googlenet",
    "recv_time": 13913693,
    "tag": "243",
    "total_cost_by_ms": 24.85099983215332,
    "wait_cost": 14.944000244140625
}
