{
    "child_model_execute_cost_by_ms": [
        18.725000381469727,
        17.333999633789063,
        19.900999069213867
    ],
    "child_model_run_time": [
        [
            14274222,
            14292947
        ],
        [
            14293053,
            14310387
        ],
        [
            14310480,
            14330381
        ]
    ],
    "execute_cost": 55.959999084472656,
    "finish_time": 14330389,
    "limit_cost_by_ms": 46.779998779296875,
    "model_name": "vgg19",
    "recv_time": 14274034,
    "tag": "260",
    "total_cost_by_ms": 56.35499954223633,
    "wait_cost": 0.3950004577636719
}
