{
    "child_model_execute_cost_by_ms": [
        9.602999687194824
    ],
    "child_model_run_time": [
        [
            14433918,
            14443521
        ]
    ],
    "execute_cost": 9.602999687194824,
    "finish_time": 14443530,
    "limit_cost_by_ms": 8.922666549682617,
    "model_name": "googlenet",
    "recv_time": 14430502,
    "tag": "267",
    "total_cost_by_ms": 13.027999877929688,
    "wait_cost": 3.4250001907348633
}
