{
    "child_model_execute_cost_by_ms": [
        8.319000244140625
    ],
    "child_model_run_time": [
        [
            9322069,
            9330388
        ]
    ],
    "execute_cost": 8.319000244140625,
    "finish_time": 9330402,
    "limit_cost_by_ms": 7.2779998779296875,
    "model_name": "squeezenetv1",
    "recv_time": 9316153,
    "tag": "30",
    "total_cost_by_ms": 14.24899959564209,
    "wait_cost": 5.929999351501465
}
