{
    "child_model_execute_cost_by_ms": [
        19.444000244140625,
        17.458999633789063,
        19.961000442504883
    ],
    "child_model_run_time": [
        [
            15357704,
            15377148
        ],
        [
            15377197,
            15394656
        ],
        [
            15394749,
            15414710
        ]
    ],
    "execute_cost": 56.86399841308594,
    "finish_time": 15414719,
    "limit_cost_by_ms": 46.779998779296875,
    "model_name": "vgg19",
    "recv_time": 15357506,
    "tag": "310",
    "total_cost_by_ms": 57.2130012512207,
    "wait_cost": 0.3490028381347656
}
