{
    "child_model_execute_cost_by_ms": [
        9.579999923706055
    ],
    "child_model_run_time": [
        [
            15555226,
            15564806
        ]
    ],
    "execute_cost": 9.579999923706055,
    "finish_time": 15564816,
    "limit_cost_by_ms": 8.922666549682617,
    "model_name": "googlenet",
    "recv_time": 15555218,
    "tag": "318",
    "total_cost_by_ms": 9.597999572753906,
    "wait_cost": 0.017999649047851563
}
