{
    "child_model_execute_cost_by_ms": [
        18.66200065612793,
        17.327999114990234,
        19.658000946044922
    ],
    "child_model_run_time": [
        [
            15573452,
            15592114
        ],
        [
            15592165,
            15609493
        ],
        [
            15609534,
            15629192
        ]
    ],
    "execute_cost": 55.64799880981445,
    "finish_time": 15629200,
    "limit_cost_by_ms": 46.779998779296875,
    "model_name": "vgg19",
    "recv_time": 15573376,
    "tag": "320",
    "total_cost_by_ms": 55.82400131225586,
    "wait_cost": 0.17600250244140625
}
