{
    "child_model_execute_cost_by_ms": [
        19.27199935913086,
        18.99799919128418,
        20.204999923706055
    ],
    "child_model_run_time": [
        [
            9379471,
            9398743
        ],
        [
            9432145,
            9451143
        ],
        [
            9451239,
            9471444
        ]
    ],
    "execute_cost": 58.474998474121094,
    "finish_time": 9471451,
    "limit_cost_by_ms": 46.779998779296875,
    "model_name": "vgg19",
    "recv_time": 9369435,
    "tag": "33",
    "total_cost_by_ms": 102.01599884033203,
    "wait_cost": 43.54100036621094
}
