{
    "child_model_execute_cost_by_ms": [
        15.722999572753906,
        9.048999786376953
    ],
    "child_model_run_time": [
        [
            16177005,
            16192728
        ],
        [
            16192763,
            16201812
        ]
    ],
    "execute_cost": 24.77199935913086,
    "finish_time": 16201822,
    "limit_cost_by_ms": 19.097999572753906,
    "model_name": "resnet50",
    "recv_time": 16148959,
    "tag": "346",
    "total_cost_by_ms": 52.862998962402344,
    "wait_cost": 28.090999603271484
}
