{
    "child_model_execute_cost_by_ms": [
        8.289999961853027
    ],
    "child_model_run_time": [
        [
            16965246,
            16973536
        ]
    ],
    "execute_cost": 8.289999961853027,
    "finish_time": 16973543,
    "limit_cost_by_ms": 7.2779998779296875,
    "model_name": "squeezenetv1",
    "recv_time": 16953676,
    "tag": "383",
    "total_cost_by_ms": 19.867000579833984,
    "wait_cost": 11.577000617980957
}
