{
    "child_model_execute_cost_by_ms": [
        8.246999740600586
    ],
    "child_model_run_time": [
        [
            17074171,
            17082418
        ]
    ],
    "execute_cost": 8.246999740600586,
    "finish_time": 17082425,
    "limit_cost_by_ms": 7.2779998779296875,
    "model_name": "squeezenetv1",
    "recv_time": 17073141,
    "tag": "388",
    "total_cost_by_ms": 9.284000396728516,
    "wait_cost": 1.0370006561279297
}
