{
    "child_model_execute_cost_by_ms": [
        10.234000205993652
    ],
    "child_model_run_time": [
        [
            17290117,
            17300351
        ]
    ],
    "execute_cost": 10.234000205993652,
    "finish_time": 17300370,
    "limit_cost_by_ms": 8.922666549682617,
    "model_name": "googlenet",
    "recv_time": 17290079,
    "tag": "398",
    "total_cost_by_ms": 10.291000366210938,
    "wait_cost": 0.057000160217285156
}
