{
    "child_model_execute_cost_by_ms": [
        8.192000389099121
    ],
    "child_model_run_time": [
        [
            17397939,
            17406131
        ]
    ],
    "execute_cost": 8.192000389099121,
    "finish_time": 17406139,
    "limit_cost_by_ms": 7.2779998779296875,
    "model_name": "squeezenetv1",
    "recv_time": 17397925,
    "tag": "403",
    "total_cost_by_ms": 8.21399974822998,
    "wait_cost": 0.021999359130859375
}
