{
    "child_model_execute_cost_by_ms": [
        10.345999717712402
    ],
    "child_model_run_time": [
        [
            9608238,
            9618584
        ]
    ],
    "execute_cost": 10.345999717712402,
    "finish_time": 9618596,
    "limit_cost_by_ms": 8.922666549682617,
    "model_name": "googlenet",
    "recv_time": 9582087,
    "tag": "42",
    "total_cost_by_ms": 36.50899887084961,
    "wait_cost": 26.16299819946289
}
