{
    "child_model_execute_cost_by_ms": [
        7.730000019073486
    ],
    "child_model_run_time": [
        [
            17808802,
            17816532
        ]
    ],
    "execute_cost": 7.730000019073486,
    "finish_time": 17816543,
    "limit_cost_by_ms": 7.2779998779296875,
    "model_name": "squeezenetv1",
    "recv_time": 17802264,
    "tag": "423",
    "total_cost_by_ms": 14.279000282287598,
    "wait_cost": 6.549000263214111
}
