{
    "child_model_execute_cost_by_ms": [
        14.902000427246094,
        9.336999893188477
    ],
    "child_model_run_time": [
        [
            17955883,
            17970785
        ],
        [
            17978428,
            17987765
        ]
    ],
    "execute_cost": 24.23900032043457,
    "finish_time": 17987771,
    "limit_cost_by_ms": 19.097999572753906,
    "model_name": "resnet50",
    "recv_time": 17955864,
    "tag": "430",
    "total_cost_by_ms": 31.906999588012695,
    "wait_cost": 7.667999267578125
}
