{
    "child_model_execute_cost_by_ms": [
        10.324000358581543
    ],
    "child_model_run_time": [
        [
            18270652,
            18280976
        ]
    ],
    "execute_cost": 10.324000358581543,
    "finish_time": 18280987,
    "limit_cost_by_ms": 8.922666549682617,
    "model_name": "googlenet",
    "recv_time": 18270617,
    "tag": "444",
    "total_cost_by_ms": 10.369999885559082,
    "wait_cost": 0.04599952697753906
}
