{
    "child_model_execute_cost_by_ms": [
        2.815999984741211,
        4.333000183105469
    ],
    "child_model_run_time": [
        [
            9711015,
            9713831
        ],
        [
            9713869,
            9718202
        ]
    ],
    "execute_cost": 7.14900016784668,
    "finish_time": 9718209,
    "limit_cost_by_ms": 6.171000003814697,
    "model_name": "yolov2",
    "recv_time": 9700958,
    "tag": "47",
    "total_cost_by_ms": 17.250999450683594,
    "wait_cost": 10.101999282836914
}
