{
    "child_model_execute_cost_by_ms": [
        15.305999755859375,
        9.232000350952148
    ],
    "child_model_run_time": [
        [
            18603913,
            18619219
        ],
        [
            18619253,
            18628485
        ]
    ],
    "execute_cost": 24.538000106811523,
    "finish_time": 18628493,
    "limit_cost_by_ms": 19.097999572753906,
    "model_name": "resnet50",
    "recv_time": 18603810,
    "tag": "460",
    "total_cost_by_ms": 24.683000564575195,
    "wait_cost": 0.14500045776367188
}
