{
    "child_model_execute_cost_by_ms": [
        3.316999912261963,
        4.448999881744385
    ],
    "child_model_run_time": [
        [
            18628593,
            18631910
        ],
        [
            18631938,
            18636387
        ]
    ],
    "execute_cost": 7.765999794006348,
    "finish_time": 18636396,
    "limit_cost_by_ms": 6.171000003814697,
    "model_name": "yolov2",
    "recv_time": 18621041,
    "tag": "462",
    "total_cost_by_ms": 15.354999542236328,
    "wait_cost": 7.5889997482299805
}
