{
    "child_model_execute_cost_by_ms": [
        3.240999937057495,
        4.334000110626221
    ],
    "child_model_run_time": [
        [
            18745041,
            18748282
        ],
        [
            18748299,
            18752633
        ]
    ],
    "execute_cost": 7.574999809265137,
    "finish_time": 18752644,
    "limit_cost_by_ms": 6.171000003814697,
    "model_name": "yolov2",
    "recv_time": 18742052,
    "tag": "467",
    "total_cost_by_ms": 10.592000007629395,
    "wait_cost": 3.017000198364258
}
