{
    "child_model_execute_cost_by_ms": [
        19.415000915527344,
        17.867000579833984,
        19.95599937438965
    ],
    "child_model_run_time": [
        [
            18752711,
            18772126
        ],
        [
            18772149,
            18790016
        ],
        [
            18790045,
            18810001
        ]
    ],
    "execute_cost": 57.237998962402344,
    "finish_time": 18810009,
    "limit_cost_by_ms": 46.779998779296875,
    "model_name": "vgg19",
    "recv_time": 18745299,
    "tag": "468",
    "total_cost_by_ms": 64.70999908447266,
    "wait_cost": 7.4720001220703125
}
