{
    "child_model_execute_cost_by_ms": [
        15.38700008392334,
        8.871000289916992
    ],
    "child_model_run_time": [
        [
            19143108,
            19158495
        ],
        [
            19158533,
            19167404
        ]
    ],
    "execute_cost": 24.257999420166016,
    "finish_time": 19167415,
    "limit_cost_by_ms": 19.097999572753906,
    "model_name": "resnet50",
    "recv_time": 19136665,
    "tag": "485",
    "total_cost_by_ms": 30.75,
    "wait_cost": 6.492000579833984
}
