{
    "child_model_execute_cost_by_ms": [
        8.289999961853027
    ],
    "child_model_run_time": [
        [
            9792322,
            9800612
        ]
    ],
    "execute_cost": 8.289999961853027,
    "finish_time": 9800620,
    "limit_cost_by_ms": 7.2779998779296875,
    "model_name": "squeezenetv1",
    "recv_time": 9786573,
    "tag": "50",
    "total_cost_by_ms": 14.04699993133545,
    "wait_cost": 5.756999969482422
}
