{
    "child_model_execute_cost_by_ms": [
        7.854000091552734
    ],
    "child_model_run_time": [
        [
            19384341,
            19392195
        ]
    ],
    "execute_cost": 7.854000091552734,
    "finish_time": 19392202,
    "limit_cost_by_ms": 7.2779998779296875,
    "model_name": "squeezenetv1",
    "recv_time": 19384328,
    "tag": "496",
    "total_cost_by_ms": 7.874000072479248,
    "wait_cost": 0.019999980926513672
}
