{
    "child_model_execute_cost_by_ms": [
        3.3010001182556152,
        4.275000095367432
    ],
    "child_model_run_time": [
        [
            19608835,
            19612136
        ],
        [
            19612173,
            19616448
        ]
    ],
    "execute_cost": 7.576000213623047,
    "finish_time": 19616454,
    "limit_cost_by_ms": 6.171000003814697,
    "model_name": "yolov2",
    "recv_time": 19605159,
    "tag": "507",
    "total_cost_by_ms": 11.295000076293945,
    "wait_cost": 3.7189998626708984
}
