{
    "child_model_execute_cost_by_ms": [
        18.655000686645508,
        17.481000900268555,
        19.867000579833984
    ],
    "child_model_run_time": [
        [
            19617044,
            19635699
        ],
        [
            19635736,
            19653217
        ],
        [
            19653236,
            19673103
        ]
    ],
    "execute_cost": 56.00300216674805,
    "finish_time": 19673108,
    "limit_cost_by_ms": 46.779998779296875,
    "model_name": "vgg19",
    "recv_time": 19616949,
    "tag": "508",
    "total_cost_by_ms": 56.159000396728516,
    "wait_cost": 0.15599822998046875
}
