{
    "child_model_execute_cost_by_ms": [
        2.990999937057495,
        4.284999847412109
    ],
    "child_model_run_time": [
        [
            9845610,
            9848601
        ],
        [
            9848665,
            9852950
        ]
    ],
    "execute_cost": 7.276000022888184,
    "finish_time": 9852961,
    "limit_cost_by_ms": 6.171000003814697,
    "model_name": "yolov2",
    "recv_time": 9831813,
    "tag": "54",
    "total_cost_by_ms": 21.148000717163086,
    "wait_cost": 13.872000694274902
}
