{
    "child_model_execute_cost_by_ms": [
        15.067000389099121,
        8.786999702453613
    ],
    "child_model_run_time": [
        [
            9830351,
            9845418
        ],
        [
            9853038,
            9861825
        ]
    ],
    "execute_cost": 23.854000091552734,
    "finish_time": 9861834,
    "limit_cost_by_ms": 19.097999572753906,
    "model_name": "resnet50",
    "recv_time": 9823166,
    "tag": "53",
    "total_cost_by_ms": 38.667999267578125,
    "wait_cost": 14.81399917602539
}
