{
    "child_model_execute_cost_by_ms": [
        8.105999946594238
    ],
    "child_model_run_time": [
        [
            20143714,
            20151820
        ]
    ],
    "execute_cost": 8.105999946594238,
    "finish_time": 20151828,
    "limit_cost_by_ms": 7.2779998779296875,
    "model_name": "squeezenetv1",
    "recv_time": 20127221,
    "tag": "531",
    "total_cost_by_ms": 24.60700035095215,
    "wait_cost": 16.500999450683594
}
