{
    "child_model_execute_cost_by_ms": [
        8.010000228881836
    ],
    "child_model_run_time": [
        [
            20252535,
            20260545
        ]
    ],
    "execute_cost": 8.010000228881836,
    "finish_time": 20260551,
    "limit_cost_by_ms": 7.2779998779296875,
    "model_name": "squeezenetv1",
    "recv_time": 20244870,
    "tag": "536",
    "total_cost_by_ms": 15.680999755859375,
    "wait_cost": 7.670999526977539
}
