{
    "child_model_execute_cost_by_ms": [
        9.255000114440918
    ],
    "child_model_run_time": [
        [
            20944428,
            20953683
        ]
    ],
    "execute_cost": 9.255000114440918,
    "finish_time": 20953692,
    "limit_cost_by_ms": 8.922666549682617,
    "model_name": "googlenet",
    "recv_time": 20938068,
    "tag": "568",
    "total_cost_by_ms": 15.62399959564209,
    "wait_cost": 6.368999481201172
}
