{
    "child_model_execute_cost_by_ms": [
        18.91200065612793,
        17.273000717163086,
        19.97800064086914
    ],
    "child_model_run_time": [
        [
            21124647,
            21143559
        ],
        [
            21143616,
            21160889
        ],
        [
            21160933,
            21180911
        ]
    ],
    "execute_cost": 56.163002014160156,
    "finish_time": 21180920,
    "limit_cost_by_ms": 46.779998779296875,
    "model_name": "vgg19",
    "recv_time": 21124630,
    "tag": "577",
    "total_cost_by_ms": 56.290000915527344,
    "wait_cost": 0.1269989013671875
}
