{
    "child_model_execute_cost_by_ms": [
        19.326000213623047,
        17.658000946044922,
        20.468000411987305
    ],
    "child_model_run_time": [
        [
            21557830,
            21577156
        ],
        [
            21577252,
            21594910
        ],
        [
            21603374,
            21623842
        ]
    ],
    "execute_cost": 57.452003479003906,
    "finish_time": 21623850,
    "limit_cost_by_ms": 46.779998779296875,
    "model_name": "vgg19",
    "recv_time": 21557817,
    "tag": "597",
    "total_cost_by_ms": 66.03299713134766,
    "wait_cost": 8.58099365234375
}
