{
    "child_model_execute_cost_by_ms": [
        10.260000228881836
    ],
    "child_model_run_time": [
        [
            22443763,
            22454023
        ]
    ],
    "execute_cost": 10.260000228881836,
    "finish_time": 22454035,
    "limit_cost_by_ms": 8.922666549682617,
    "model_name": "googlenet",
    "recv_time": 22440164,
    "tag": "638",
    "total_cost_by_ms": 13.871000289916992,
    "wait_cost": 3.6110000610351563
}
