{
    "child_model_execute_cost_by_ms": [
        15.031999588012695,
        9.383000373840332
    ],
    "child_model_run_time": [
        [
            22888934,
            22903966
        ],
        [
            22914480,
            22923863
        ]
    ],
    "execute_cost": 24.415000915527344,
    "finish_time": 22923869,
    "limit_cost_by_ms": 19.097999572753906,
    "model_name": "resnet50",
    "recv_time": 22870446,
    "tag": "657",
    "total_cost_by_ms": 53.42300033569336,
    "wait_cost": 29.007999420166016
}
