{
    "child_model_execute_cost_by_ms": [
        3.065000057220459,
        4.435999870300293
    ],
    "child_model_run_time": [
        [
            23358541,
            23361606
        ],
        [
            23361635,
            23366071
        ]
    ],
    "execute_cost": 7.500999927520752,
    "finish_time": 23366077,
    "limit_cost_by_ms": 6.171000003814697,
    "model_name": "yolov2",
    "recv_time": 23338293,
    "tag": "679",
    "total_cost_by_ms": 27.784000396728516,
    "wait_cost": 20.283000946044922
}
