{
    "child_model_execute_cost_by_ms": [
        18.788000106811523,
        19.090999603271484,
        20.41200065612793
    ],
    "child_model_run_time": [
        [
            23375353,
            23394141
        ],
        [
            23417191,
            23436282
        ],
        [
            23436327,
            23456739
        ]
    ],
    "execute_cost": 58.29100036621094,
    "finish_time": 23456748,
    "limit_cost_by_ms": 46.779998779296875,
    "model_name": "vgg19",
    "recv_time": 23375252,
    "tag": "681",
    "total_cost_by_ms": 81.49600219726563,
    "wait_cost": 23.205001831054688
}
