{
    "child_model_execute_cost_by_ms": [
        14.442999839782715,
        8.755999565124512
    ],
    "child_model_run_time": [
        [
            23484325,
            23498768
        ],
        [
            23498805,
            23507561
        ]
    ],
    "execute_cost": 23.198999404907227,
    "finish_time": 23507572,
    "limit_cost_by_ms": 19.097999572753906,
    "model_name": "resnet50",
    "recv_time": 23484312,
    "tag": "686",
    "total_cost_by_ms": 23.260000228881836,
    "wait_cost": 0.061000823974609375
}
