{
    "child_model_execute_cost_by_ms": [
        10.001999855041504
    ],
    "child_model_run_time": [
        [
            23545175,
            23555177
        ]
    ],
    "execute_cost": 10.001999855041504,
    "finish_time": 23555193,
    "limit_cost_by_ms": 8.922666549682617,
    "model_name": "googlenet",
    "recv_time": 23538311,
    "tag": "688",
    "total_cost_by_ms": 16.881999969482422,
    "wait_cost": 6.880000114440918
}
