{
    "child_model_execute_cost_by_ms": [
        19.57200050354004,
        17.763999938964844,
        20.22100067138672
    ],
    "child_model_run_time": [
        [
            23507696,
            23527268
        ],
        [
            23527308,
            23545072
        ],
        [
            23555247,
            23575468
        ]
    ],
    "execute_cost": 57.55699920654297,
    "finish_time": 23575476,
    "limit_cost_by_ms": 46.779998779296875,
    "model_name": "vgg19",
    "recv_time": 23485716,
    "tag": "687",
    "total_cost_by_ms": 89.76000213623047,
    "wait_cost": 32.2030029296875
}
