{
    "child_model_execute_cost_by_ms": [
        19.070999145507813,
        17.6200008392334,
        19.854000091552734
    ],
    "child_model_run_time": [
        [
            23722929,
            23742000
        ],
        [
            23742041,
            23759661
        ],
        [
            23759696,
            23779550
        ]
    ],
    "execute_cost": 56.54500198364258,
    "finish_time": 23779555,
    "limit_cost_by_ms": 46.779998779296875,
    "model_name": "vgg19",
    "recv_time": 23718801,
    "tag": "697",
    "total_cost_by_ms": 60.75400161743164,
    "wait_cost": 4.2089996337890625
}
