{
    "child_model_execute_cost_by_ms": [
        18.558000564575195,
        17.354999542236328,
        19.819000244140625
    ],
    "child_model_run_time": [
        [
            23829886,
            23848444
        ],
        [
            23848488,
            23865843
        ],
        [
            23865879,
            23885698
        ]
    ],
    "execute_cost": 55.73200225830078,
    "finish_time": 23885703,
    "limit_cost_by_ms": 46.779998779296875,
    "model_name": "vgg19",
    "recv_time": 23829788,
    "tag": "702",
    "total_cost_by_ms": 55.915000915527344,
    "wait_cost": 0.1829986572265625
}
