{
    "child_model_execute_cost_by_ms": [
        10.645000457763672
    ],
    "child_model_run_time": [
        [
            24205190,
            24215835
        ]
    ],
    "execute_cost": 10.645000457763672,
    "finish_time": 24215848,
    "limit_cost_by_ms": 8.922666549682617,
    "model_name": "googlenet",
    "recv_time": 24201454,
    "tag": "718",
    "total_cost_by_ms": 14.394000053405762,
    "wait_cost": 3.74899959564209
}
