{
    "child_model_execute_cost_by_ms": [
        10.126999855041504
    ],
    "child_model_run_time": [
        [
            24498103,
            24508230
        ]
    ],
    "execute_cost": 10.126999855041504,
    "finish_time": 24508243,
    "limit_cost_by_ms": 8.922666549682617,
    "model_name": "googlenet",
    "recv_time": 24475559,
    "tag": "733",
    "total_cost_by_ms": 32.683998107910156,
    "wait_cost": 22.55699920654297
}
