{
    "child_model_execute_cost_by_ms": [
        19.895999908447266,
        19.038999557495117,
        19.989999771118164
    ],
    "child_model_run_time": [
        [
            24469792,
            24489688
        ],
        [
            24508344,
            24527383
        ],
        [
            24527424,
            24547414
        ]
    ],
    "execute_cost": 58.92499542236328,
    "finish_time": 24547423,
    "limit_cost_by_ms": 46.779998779296875,
    "model_name": "vgg19",
    "recv_time": 24467031,
    "tag": "732",
    "total_cost_by_ms": 80.39199829101563,
    "wait_cost": 21.467002868652344
}
