{
    "child_model_execute_cost_by_ms": [
        8.244000434875488
    ],
    "child_model_run_time": [
        [
            24932258,
            24940502
        ]
    ],
    "execute_cost": 8.244000434875488,
    "finish_time": 24940519,
    "limit_cost_by_ms": 7.2779998779296875,
    "model_name": "squeezenetv1",
    "recv_time": 24930066,
    "tag": "754",
    "total_cost_by_ms": 10.45300006866455,
    "wait_cost": 2.2089996337890625
}
