{
    "child_model_execute_cost_by_ms": [
        14.442999839782715,
        8.744999885559082
    ],
    "child_model_run_time": [
        [
            25301438,
            25315881
        ],
        [
            25315917,
            25324662
        ]
    ],
    "execute_cost": 23.187999725341797,
    "finish_time": 25324669,
    "limit_cost_by_ms": 19.097999572753906,
    "model_name": "resnet50",
    "recv_time": 25301423,
    "tag": "770",
    "total_cost_by_ms": 23.246000289916992,
    "wait_cost": 0.05800056457519531
}
