{
    "child_model_execute_cost_by_ms": [
        18.819000244140625,
        17.281999588012695,
        19.75200080871582
    ],
    "child_model_run_time": [
        [
            25431892,
            25450711
        ],
        [
            25450755,
            25468037
        ],
        [
            25468073,
            25487825
        ]
    ],
    "execute_cost": 55.852996826171875,
    "finish_time": 25487831,
    "limit_cost_by_ms": 46.779998779296875,
    "model_name": "vgg19",
    "recv_time": 25431787,
    "tag": "776",
    "total_cost_by_ms": 56.04399871826172,
    "wait_cost": 0.19100189208984375
}
