{
    "child_model_execute_cost_by_ms": [
        9.90999984741211
    ],
    "child_model_run_time": [
        [
            25698301,
            25708211
        ]
    ],
    "execute_cost": 9.90999984741211,
    "finish_time": 25708224,
    "limit_cost_by_ms": 8.922666549682617,
    "model_name": "googlenet",
    "recv_time": 25684544,
    "tag": "789",
    "total_cost_by_ms": 23.68000030517578,
    "wait_cost": 13.770000457763672
}
