{
    "child_model_execute_cost_by_ms": [
        10.498000144958496
    ],
    "child_model_run_time": [
        [
            25805578,
            25816076
        ]
    ],
    "execute_cost": 10.498000144958496,
    "finish_time": 25816090,
    "limit_cost_by_ms": 8.922666549682617,
    "model_name": "googlenet",
    "recv_time": 25790005,
    "tag": "794",
    "total_cost_by_ms": 26.084999084472656,
    "wait_cost": 15.58699893951416
}
