{
    "child_model_execute_cost_by_ms": [
        14.380000114440918,
        8.70300006866455
    ],
    "child_model_run_time": [
        [
            25837092,
            25851472
        ],
        [
            25851508,
            25860211
        ]
    ],
    "execute_cost": 23.08300018310547,
    "finish_time": 25860220,
    "limit_cost_by_ms": 19.097999572753906,
    "model_name": "resnet50",
    "recv_time": 25837078,
    "tag": "795",
    "total_cost_by_ms": 23.142000198364258,
    "wait_cost": 0.05900001525878906
}
