{
    "child_model_execute_cost_by_ms": [
        14.364999771118164,
        8.73799991607666
    ],
    "child_model_run_time": [
        [
            26051690,
            26066055
        ],
        [
            26066090,
            26074828
        ]
    ],
    "execute_cost": 23.10300064086914,
    "finish_time": 26074835,
    "limit_cost_by_ms": 19.097999572753906,
    "model_name": "resnet50",
    "recv_time": 26051676,
    "tag": "805",
    "total_cost_by_ms": 23.159000396728516,
    "wait_cost": 0.055999755859375
}
