{
    "child_model_execute_cost_by_ms": [
        19.014999389648438,
        19.131000518798828,
        19.783000946044922
    ],
    "child_model_run_time": [
        [
            26191934,
            26210949
        ],
        [
            26221007,
            26240138
        ],
        [
            26248527,
            26268310
        ]
    ],
    "execute_cost": 57.92900085449219,
    "finish_time": 26268317,
    "limit_cost_by_ms": 46.779998779296875,
    "model_name": "vgg19",
    "recv_time": 26191836,
    "tag": "812",
    "total_cost_by_ms": 76.48100280761719,
    "wait_cost": 18.552001953125
}
