{
    "child_model_execute_cost_by_ms": [
        8.86400032043457
    ],
    "child_model_run_time": [
        [
            26475600,
            26484464
        ]
    ],
    "execute_cost": 8.86400032043457,
    "finish_time": 26484472,
    "limit_cost_by_ms": 7.2779998779296875,
    "model_name": "squeezenetv1",
    "recv_time": 26470870,
    "tag": "824",
    "total_cost_by_ms": 13.60200023651123,
    "wait_cost": 4.73799991607666
}
