{
    "child_model_execute_cost_by_ms": [
        10.01099967956543
    ],
    "child_model_run_time": [
        [
            26534819,
            26544830
        ]
    ],
    "execute_cost": 10.01099967956543,
    "finish_time": 26544848,
    "limit_cost_by_ms": 8.922666549682617,
    "model_name": "googlenet",
    "recv_time": 26531990,
    "tag": "828",
    "total_cost_by_ms": 12.857999801635742,
    "wait_cost": 2.8470001220703125
}
