{
    "child_model_execute_cost_by_ms": [
        10.157999992370605
    ],
    "child_model_run_time": [
        [
            26642722,
            26652880
        ]
    ],
    "execute_cost": 10.157999992370605,
    "finish_time": 26652897,
    "limit_cost_by_ms": 8.922666549682617,
    "model_name": "googlenet",
    "recv_time": 26633950,
    "tag": "833",
    "total_cost_by_ms": 18.94700050354004,
    "wait_cost": 8.789000511169434
}
