{
    "child_model_execute_cost_by_ms": [
        14.0649995803833,
        8.76099967956543
    ],
    "child_model_run_time": [
        [
            26719896,
            26733961
        ],
        [
            26733998,
            26742759
        ]
    ],
    "execute_cost": 22.826000213623047,
    "finish_time": 26742768,
    "limit_cost_by_ms": 19.097999572753906,
    "model_name": "resnet50",
    "recv_time": 26701604,
    "tag": "836",
    "total_cost_by_ms": 41.16400146484375,
    "wait_cost": 18.338001251220703
}
