{
    "child_model_execute_cost_by_ms": [
        8.350000381469727
    ],
    "child_model_run_time": [
        [
            26908239,
            26916589
        ]
    ],
    "execute_cost": 8.350000381469727,
    "finish_time": 26916598,
    "limit_cost_by_ms": 7.2779998779296875,
    "model_name": "squeezenetv1",
    "recv_time": 26908224,
    "tag": "844",
    "total_cost_by_ms": 8.37399959564209,
    "wait_cost": 0.02399921417236328
}
