{
    "child_model_execute_cost_by_ms": [
        14.878000259399414,
        8.965999603271484
    ],
    "child_model_run_time": [
        [
            10572117,
            10586995
        ],
        [
            10587042,
            10596008
        ]
    ],
    "execute_cost": 23.8439998626709,
    "finish_time": 10596015,
    "limit_cost_by_ms": 19.097999572753906,
    "model_name": "resnet50",
    "recv_time": 10571948,
    "tag": "87",
    "total_cost_by_ms": 24.066999435424805,
    "wait_cost": 0.22299957275390625
}
