{
    "child_model_execute_cost_by_ms": [
        8.26099967956543
    ],
    "child_model_run_time": [
        [
            27451544,
            27459805
        ]
    ],
    "execute_cost": 8.26099967956543,
    "finish_time": 27459814,
    "limit_cost_by_ms": 7.2779998779296875,
    "model_name": "squeezenetv1",
    "recv_time": 27451530,
    "tag": "869",
    "total_cost_by_ms": 8.284000396728516,
    "wait_cost": 0.023000717163085938
}
