{
    "child_model_execute_cost_by_ms": [
        8.109000205993652
    ],
    "child_model_run_time": [
        [
            27896330,
            27904439
        ]
    ],
    "execute_cost": 8.109000205993652,
    "finish_time": 27904453,
    "limit_cost_by_ms": 7.2779998779296875,
    "model_name": "squeezenetv1",
    "recv_time": 27881993,
    "tag": "890",
    "total_cost_by_ms": 22.459999084472656,
    "wait_cost": 14.350998878479004
}
