{
    "child_model_execute_cost_by_ms": [
        14.375,
        8.821999549865723
    ],
    "child_model_run_time": [
        [
            27881897,
            27896272
        ],
        [
            27904523,
            27913345
        ]
    ],
    "execute_cost": 23.196998596191406,
    "finish_time": 27913349,
    "limit_cost_by_ms": 19.097999572753906,
    "model_name": "resnet50",
    "recv_time": 27881883,
    "tag": "889",
    "total_cost_by_ms": 31.465999603271484,
    "wait_cost": 8.269001007080078
}
