{
    "child_model_execute_cost_by_ms": [
        15.352999687194824,
        8.83899974822998
    ],
    "child_model_run_time": [
        [
            10680427,
            10695780
        ],
        [
            10695837,
            10704676
        ]
    ],
    "execute_cost": 24.191999435424805,
    "finish_time": 10704685,
    "limit_cost_by_ms": 19.097999572753906,
    "model_name": "resnet50",
    "recv_time": 10680277,
    "tag": "92",
    "total_cost_by_ms": 24.408000946044922,
    "wait_cost": 0.2160015106201172
}
