{
    "child_model_execute_cost_by_ms": [
        10.090999603271484
    ],
    "child_model_run_time": [
        [
            28369262,
            28379353
        ]
    ],
    "execute_cost": 10.090999603271484,
    "finish_time": 28379365,
    "limit_cost_by_ms": 8.922666549682617,
    "model_name": "googlenet",
    "recv_time": 28350374,
    "tag": "913",
    "total_cost_by_ms": 28.990999221801758,
    "wait_cost": 18.899999618530273
}
