{
    "child_model_execute_cost_by_ms": [
        9.800000190734863
    ],
    "child_model_run_time": [
        [
            28587747,
            28597547
        ]
    ],
    "execute_cost": 9.800000190734863,
    "finish_time": 28597561,
    "limit_cost_by_ms": 8.922666549682617,
    "model_name": "googlenet",
    "recv_time": 28582831,
    "tag": "923",
    "total_cost_by_ms": 14.729999542236328,
    "wait_cost": 4.929999351501465
}
