{
    "child_model_execute_cost_by_ms": [
        8.348999977111816
    ],
    "child_model_run_time": [
        [
            28651738,
            28660087
        ]
    ],
    "execute_cost": 8.348999977111816,
    "finish_time": 28660103,
    "limit_cost_by_ms": 7.2779998779296875,
    "model_name": "squeezenetv1",
    "recv_time": 28641413,
    "tag": "925",
    "total_cost_by_ms": 18.690000534057617,
    "wait_cost": 10.3410005569458
}
