{
    "child_model_execute_cost_by_ms": [
        19.1299991607666,
        18.486000061035156,
        19.77400016784668
    ],
    "child_model_run_time": [
        [
            28897920,
            28917050
        ],
        [
            28927286,
            28945772
        ],
        [
            28945819,
            28965593
        ]
    ],
    "execute_cost": 57.38999938964844,
    "finish_time": 28965601,
    "limit_cost_by_ms": 46.779998779296875,
    "model_name": "vgg19",
    "recv_time": 28893508,
    "tag": "937",
    "total_cost_by_ms": 72.09300231933594,
    "wait_cost": 14.7030029296875
}
