{
    "child_model_execute_cost_by_ms": [
        14.458999633789063,
        8.6899995803833
    ],
    "child_model_run_time": [
        [
            29075113,
            29089572
        ],
        [
            29089651,
            29098341
        ]
    ],
    "execute_cost": 23.148998260498047,
    "finish_time": 29098349,
    "limit_cost_by_ms": 19.097999572753906,
    "model_name": "resnet50",
    "recv_time": 29075034,
    "tag": "944",
    "total_cost_by_ms": 23.315000534057617,
    "wait_cost": 0.1660022735595703
}
