{
    "child_model_execute_cost_by_ms": [
        8.08899974822998
    ],
    "child_model_run_time": [
        [
            29098979,
            29107068
        ]
    ],
    "execute_cost": 8.08899974822998,
    "finish_time": 29107077,
    "limit_cost_by_ms": 7.2779998779296875,
    "model_name": "squeezenetv1",
    "recv_time": 29098804,
    "tag": "945",
    "total_cost_by_ms": 8.27299976348877,
    "wait_cost": 0.18400001525878906
}
