{
    "child_model_execute_cost_by_ms": [
        19.23900032043457,
        18.371000289916992,
        19.99799919128418
    ],
    "child_model_run_time": [
        [
            29115475,
            29134714
        ],
        [
            29144799,
            29163170
        ],
        [
            29163211,
            29183209
        ]
    ],
    "execute_cost": 57.608001708984375,
    "finish_time": 29183216,
    "limit_cost_by_ms": 46.779998779296875,
    "model_name": "vgg19",
    "recv_time": 29107686,
    "tag": "947",
    "total_cost_by_ms": 75.52999877929688,
    "wait_cost": 17.9219970703125
}
