{
    "child_model_execute_cost_by_ms": [
        14.543000221252441,
        9.024999618530273
    ],
    "child_model_run_time": [
        [
            29292429,
            29306972
        ],
        [
            29307049,
            29316074
        ]
    ],
    "execute_cost": 23.56800079345703,
    "finish_time": 29316081,
    "limit_cost_by_ms": 19.097999572753906,
    "model_name": "resnet50",
    "recv_time": 29292416,
    "tag": "954",
    "total_cost_by_ms": 23.665000915527344,
    "wait_cost": 0.0970001220703125
}
