{
    "child_model_execute_cost_by_ms": [
        19.135000228881836,
        17.302000045776367,
        19.982999801635742
    ],
    "child_model_run_time": [
        [
            29333195,
            29352330
        ],
        [
            29352383,
            29369685
        ],
        [
            29379929,
            29399912
        ]
    ],
    "execute_cost": 56.41999816894531,
    "finish_time": 29399920,
    "limit_cost_by_ms": 46.779998779296875,
    "model_name": "vgg19",
    "recv_time": 29333182,
    "tag": "957",
    "total_cost_by_ms": 66.73799896240234,
    "wait_cost": 10.318000793457031
}
