{
    "child_model_execute_cost_by_ms": [
        8.404000282287598
    ],
    "child_model_run_time": [
        [
            10857373,
            10865777
        ]
    ],
    "execute_cost": 8.404000282287598,
    "finish_time": 10865790,
    "limit_cost_by_ms": 7.2779998779296875,
    "model_name": "squeezenetv1",
    "recv_time": 10852567,
    "tag": "100",
    "total_cost_by_ms": 13.222999572753906,
    "wait_cost": 4.818999290466309
}
