{
    "child_model_execute_cost_by_ms": [
        19.17799949645996,
        17.920000076293945,
        21.121999740600586
    ],
    "child_model_run_time": [
        [
            30199360,
            30218538
        ],
        [
            30218590,
            30236510
        ],
        [
            30236531,
            30257653
        ]
    ],
    "execute_cost": 58.220001220703125,
    "finish_time": 30257660,
    "limit_cost_by_ms": 46.779998779296875,
    "model_name": "vgg19",
    "recv_time": 30195756,
    "tag": "997",
    "total_cost_by_ms": 61.90399932861328,
    "wait_cost": 3.6839981079101563
}
