name,min,avg,max
vgg19,1.0,1.0429400055517783,1.6224081457810695
resnet50,1.0,1.8226131713154032,3.8205735258811844
yolov2,1.0322545346606715,3.709760573783461,11.482049908939796
googlenet,1.0413833035625468,2.9460143102651766,7.326077046507303
squeezenetv1,1.044464956360821,3.3724064334024013,8.892343583001141
total,1.0,2.508821071927117,11.482049908939796
