name,Std. Deviation of RR
vgg19,0.10003321665744687
resnet50,0.841929137888947
yolov2,2.748071605847918
googlenet,1.903817509498153
squeezenetv1,2.2508340984822013
total,2.087867759988032
