{
    "child_model_execute_cost_by_ms": [
        3.0380001068115234,
        4.460999965667725
    ],
    "child_model_run_time": [
        [
            10837388,
            10840426
        ],
        [
            10840468,
            10844929
        ]
    ],
    "execute_cost": 7.499000072479248,
    "finish_time": 10844941,
    "limit_cost_by_ms": 6.090000152587891,
    "model_name": "yolov2",
    "recv_time": 10820991,
    "tag": "107",
    "total_cost_by_ms": 23.950000762939453,
    "wait_cost": 16.451000213623047
}
