{
    "child_model_execute_cost_by_ms": [
        18.986000061035156,
        17.586000442504883,
        19.597000122070313
    ],
    "child_model_run_time": [
        [
            10967136,
            10986122
        ],
        [
            10986158,
            11003744
        ],
        [
            11003769,
            11023366
        ]
    ],
    "execute_cost": 56.16899871826172,
    "finish_time": 11023376,
    "limit_cost_by_ms": 47.077999114990234,
    "model_name": "vgg19",
    "recv_time": 10946315,
    "tag": "114",
    "total_cost_by_ms": 77.06099700927734,
    "wait_cost": 20.891998291015625
}
