{
    "child_model_execute_cost_by_ms": [
        15.293999671936035,
        9.069999694824219
    ],
    "child_model_run_time": [
        [
            11034125,
            11049419
        ],
        [
            11049453,
            11058523
        ]
    ],
    "execute_cost": 24.363998413085938,
    "finish_time": 11058531,
    "limit_cost_by_ms": 19.33300018310547,
    "model_name": "resnet50",
    "recv_time": 11028087,
    "tag": "116",
    "total_cost_by_ms": 30.444000244140625,
    "wait_cost": 6.0800018310546875
}
