{
    "child_model_execute_cost_by_ms": [
        9.4399995803833
    ],
    "child_model_run_time": [
        [
            11755692,
            11765132
        ]
    ],
    "execute_cost": 9.4399995803833,
    "finish_time": 11765143,
    "limit_cost_by_ms": 8.836333274841309,
    "model_name": "googlenet",
    "recv_time": 11742609,
    "tag": "152",
    "total_cost_by_ms": 22.534000396728516,
    "wait_cost": 13.094000816345215
}
