{
    "child_model_execute_cost_by_ms": [
        9.883000373840332
    ],
    "child_model_run_time": [
        [
            11855996,
            11865879
        ]
    ],
    "execute_cost": 9.883000373840332,
    "finish_time": 11865896,
    "limit_cost_by_ms": 8.836333274841309,
    "model_name": "googlenet",
    "recv_time": 11855891,
    "tag": "156",
    "total_cost_by_ms": 10.005000114440918,
    "wait_cost": 0.12199974060058594
}
