{
    "child_model_execute_cost_by_ms": [
        10.258999824523926
    ],
    "child_model_run_time": [
        [
            12220406,
            12230665
        ]
    ],
    "execute_cost": 10.258999824523926,
    "finish_time": 12230673,
    "limit_cost_by_ms": 8.836333274841309,
    "model_name": "googlenet",
    "recv_time": 12205004,
    "tag": "174",
    "total_cost_by_ms": 25.66900062561035,
    "wait_cost": 15.410000801086426
}
