{
    "child_model_execute_cost_by_ms": [
        15.086999893188477,
        9.161999702453613
    ],
    "child_model_run_time": [
        [
            12255164,
            12270251
        ],
        [
            12270315,
            12279477
        ]
    ],
    "execute_cost": 24.249000549316406,
    "finish_time": 12279487,
    "limit_cost_by_ms": 19.33300018310547,
    "model_name": "resnet50",
    "recv_time": 12255114,
    "tag": "176",
    "total_cost_by_ms": 24.37299919128418,
    "wait_cost": 0.12399864196777344
}
