{
    "child_model_execute_cost_by_ms": [
        8.378000259399414
    ],
    "child_model_run_time": [
        [
            12638225,
            12646603
        ]
    ],
    "execute_cost": 8.378000259399414,
    "finish_time": 12646618,
    "limit_cost_by_ms": 7.34499979019165,
    "model_name": "squeezenetv1",
    "recv_time": 12624050,
    "tag": "195",
    "total_cost_by_ms": 22.56800079345703,
    "wait_cost": 14.190000534057617
}
