{
    "child_model_execute_cost_by_ms": [
        15.45300006866455,
        9.185999870300293
    ],
    "child_model_run_time": [
        [
            12622672,
            12638125
        ],
        [
            12646722,
            12655908
        ]
    ],
    "execute_cost": 24.638999938964844,
    "finish_time": 12655914,
    "limit_cost_by_ms": 19.33300018310547,
    "model_name": "resnet50",
    "recv_time": 12607092,
    "tag": "193",
    "total_cost_by_ms": 48.821998596191406,
    "wait_cost": 24.182998657226563
}
