{
    "child_model_execute_cost_by_ms": [
        19.006999969482422,
        18.235000610351563,
        20.134000778198242
    ],
    "child_model_run_time": [
        [
            13079538,
            13098545
        ],
        [
            13098640,
            13116875
        ],
        [
            13134639,
            13154773
        ]
    ],
    "execute_cost": 57.375999450683594,
    "finish_time": 13154778,
    "limit_cost_by_ms": 47.077999114990234,
    "model_name": "vgg19",
    "recv_time": 13070466,
    "tag": "217",
    "total_cost_by_ms": 84.31199645996094,
    "wait_cost": 26.935997009277344
}
