{
    "child_model_execute_cost_by_ms": [
        18.913000106811523,
        17.250999450683594,
        19.552000045776367
    ],
    "child_model_run_time": [
        [
            13482080,
            13500993
        ],
        [
            13501040,
            13518291
        ],
        [
            13518380,
            13537932
        ]
    ],
    "execute_cost": 55.71600341796875,
    "finish_time": 13537940,
    "limit_cost_by_ms": 47.077999114990234,
    "model_name": "vgg19",
    "recv_time": 13481912,
    "tag": "237",
    "total_cost_by_ms": 56.02799987792969,
    "wait_cost": 0.3119964599609375
}
