{
    "child_model_execute_cost_by_ms": [
        3.3359999656677246,
        4.60699987411499
    ],
    "child_model_run_time": [
        [
            13634810,
            13638146
        ],
        [
            13638229,
            13642836
        ]
    ],
    "execute_cost": 7.942999839782715,
    "finish_time": 13642847,
    "limit_cost_by_ms": 6.090000152587891,
    "model_name": "yolov2",
    "recv_time": 13630154,
    "tag": "244",
    "total_cost_by_ms": 12.692999839782715,
    "wait_cost": 4.75
}
