{
    "child_model_execute_cost_by_ms": [
        7.915999889373779
    ],
    "child_model_run_time": [
        [
            13762761,
            13770677
        ]
    ],
    "execute_cost": 7.915999889373779,
    "finish_time": 13770690,
    "limit_cost_by_ms": 7.34499979019165,
    "model_name": "squeezenetv1",
    "recv_time": 13757954,
    "tag": "252",
    "total_cost_by_ms": 12.736000061035156,
    "wait_cost": 4.820000171661377
}
