{
    "child_model_execute_cost_by_ms": [
        9.991000175476074
    ],
    "child_model_run_time": [
        [
            13976514,
            13986505
        ]
    ],
    "execute_cost": 9.991000175476074,
    "finish_time": 13986515,
    "limit_cost_by_ms": 8.836333274841309,
    "model_name": "googlenet",
    "recv_time": 13968690,
    "tag": "260",
    "total_cost_by_ms": 17.825000762939453,
    "wait_cost": 7.834000587463379
}
