{
    "child_model_execute_cost_by_ms": [
        15.222000122070313,
        8.979000091552734
    ],
    "child_model_run_time": [
        [
            9232171,
            9247393
        ],
        [
            9247462,
            9256441
        ]
    ],
    "execute_cost": 24.201000213623047,
    "finish_time": 9256454,
    "limit_cost_by_ms": 19.33300018310547,
    "model_name": "resnet50",
    "recv_time": 9232151,
    "tag": "29",
    "total_cost_by_ms": 24.30299949645996,
    "wait_cost": 0.10199928283691406
}
