{
    "child_model_execute_cost_by_ms": [
        17.844999313354492,
        17.68199920654297,
        19.895000457763672
    ],
    "child_model_run_time": [
        [
            14798830,
            14816675
        ],
        [
            14835246,
            14852928
        ],
        [
            14853020,
            14872915
        ]
    ],
    "execute_cost": 55.422000885009766,
    "finish_time": 14872923,
    "limit_cost_by_ms": 47.077999114990234,
    "model_name": "vgg19",
    "recv_time": 14794004,
    "tag": "301",
    "total_cost_by_ms": 78.91899871826172,
    "wait_cost": 23.496997833251953
}
