{
    "child_model_execute_cost_by_ms": [
        9.880000114440918
    ],
    "child_model_run_time": [
        [
            15545025,
            15554905
        ]
    ],
    "execute_cost": 9.880000114440918,
    "finish_time": 15554918,
    "limit_cost_by_ms": 8.836333274841309,
    "model_name": "googlenet",
    "recv_time": 15544947,
    "tag": "337",
    "total_cost_by_ms": 9.970999717712402,
    "wait_cost": 0.09099960327148438
}
