{
    "child_model_execute_cost_by_ms": [
        8.291999816894531
    ],
    "child_model_run_time": [
        [
            15686739,
            15695031
        ]
    ],
    "execute_cost": 8.291999816894531,
    "finish_time": 15695040,
    "limit_cost_by_ms": 7.34499979019165,
    "model_name": "squeezenetv1",
    "recv_time": 15677791,
    "tag": "344",
    "total_cost_by_ms": 17.249000549316406,
    "wait_cost": 8.957000732421875
}
