{
    "child_model_execute_cost_by_ms": [
        8.29699993133545
    ],
    "child_model_run_time": [
        [
            15853120,
            15861417
        ]
    ],
    "execute_cost": 8.29699993133545,
    "finish_time": 15861429,
    "limit_cost_by_ms": 7.34499979019165,
    "model_name": "squeezenetv1",
    "recv_time": 15840761,
    "tag": "353",
    "total_cost_by_ms": 20.667999267578125,
    "wait_cost": 12.370999336242676
}
