{
    "child_model_execute_cost_by_ms": [
        17.54400062561035,
        17.50200080871582,
        20.305999755859375
    ],
    "child_model_run_time": [
        [
            15985818,
            16003362
        ],
        [
            16003454,
            16020956
        ],
        [
            16021047,
            16041353
        ]
    ],
    "execute_cost": 55.35200119018555,
    "finish_time": 16041362,
    "limit_cost_by_ms": 47.077999114990234,
    "model_name": "vgg19",
    "recv_time": 15975207,
    "tag": "360",
    "total_cost_by_ms": 66.15499877929688,
    "wait_cost": 10.802997589111328
}
