{
    "child_model_execute_cost_by_ms": [
        9.89900016784668
    ],
    "child_model_run_time": [
        [
            16182387,
            16192286
        ]
    ],
    "execute_cost": 9.89900016784668,
    "finish_time": 16192298,
    "limit_cost_by_ms": 8.836333274841309,
    "model_name": "googlenet",
    "recv_time": 16182249,
    "tag": "368",
    "total_cost_by_ms": 10.048999786376953,
    "wait_cost": 0.14999961853027344
}
