{
    "child_model_execute_cost_by_ms": [
        17.525999069213867,
        17.73200035095215,
        20.409000396728516
    ],
    "child_model_run_time": [
        [
            16225762,
            16243288
        ],
        [
            16250864,
            16268596
        ],
        [
            16303495,
            16323904
        ]
    ],
    "execute_cost": 55.66699981689453,
    "finish_time": 16323914,
    "limit_cost_by_ms": 47.077999114990234,
    "model_name": "vgg19",
    "recv_time": 16225623,
    "tag": "371",
    "total_cost_by_ms": 98.29100036621094,
    "wait_cost": 42.624000549316406
}
