{
    "child_model_execute_cost_by_ms": [
        7.821000099182129
    ],
    "child_model_run_time": [
        [
            16498847,
            16506668
        ]
    ],
    "execute_cost": 7.821000099182129,
    "finish_time": 16506674,
    "limit_cost_by_ms": 7.34499979019165,
    "model_name": "squeezenetv1",
    "recv_time": 16492981,
    "tag": "385",
    "total_cost_by_ms": 13.692999839782715,
    "wait_cost": 5.871999740600586
}
