{
    "child_model_execute_cost_by_ms": [
        15.699000358581543,
        9.036999702453613
    ],
    "child_model_run_time": [
        [
            16580523,
            16596222
        ],
        [
            16596321,
            16605358
        ]
    ],
    "execute_cost": 24.736000061035156,
    "finish_time": 16605365,
    "limit_cost_by_ms": 19.33300018310547,
    "model_name": "resnet50",
    "recv_time": 16574244,
    "tag": "388",
    "total_cost_by_ms": 31.121000289916992,
    "wait_cost": 6.385000228881836
}
