{
    "child_model_execute_cost_by_ms": [
        7.741000175476074
    ],
    "child_model_run_time": [
        [
            16605868,
            16613609
        ]
    ],
    "execute_cost": 7.741000175476074,
    "finish_time": 16613619,
    "limit_cost_by_ms": 7.34499979019165,
    "model_name": "squeezenetv1",
    "recv_time": 16605846,
    "tag": "390",
    "total_cost_by_ms": 7.7729997634887695,
    "wait_cost": 0.03199958801269531
}
