{
    "child_model_execute_cost_by_ms": [
        9.86400032043457
    ],
    "child_model_run_time": [
        [
            9545736,
            9555600
        ]
    ],
    "execute_cost": 9.86400032043457,
    "finish_time": 9555611,
    "limit_cost_by_ms": 8.836333274841309,
    "model_name": "googlenet",
    "recv_time": 9541080,
    "tag": "43",
    "total_cost_by_ms": 14.531000137329102,
    "wait_cost": 4.666999816894531
}
