{
    "child_model_execute_cost_by_ms": [
        8.01200008392334
    ],
    "child_model_run_time": [
        [
            17131918,
            17139930
        ]
    ],
    "execute_cost": 8.01200008392334,
    "finish_time": 17139937,
    "limit_cost_by_ms": 7.34499979019165,
    "model_name": "squeezenetv1",
    "recv_time": 17128430,
    "tag": "415",
    "total_cost_by_ms": 11.506999969482422,
    "wait_cost": 3.494999885559082
}
