{
    "child_model_execute_cost_by_ms": [
        8.413000106811523
    ],
    "child_model_run_time": [
        [
            17530884,
            17539297
        ]
    ],
    "execute_cost": 8.413000106811523,
    "finish_time": 17539308,
    "limit_cost_by_ms": 7.34499979019165,
    "model_name": "squeezenetv1",
    "recv_time": 17530870,
    "tag": "435",
    "total_cost_by_ms": 8.437999725341797,
    "wait_cost": 0.024999618530273438
}
