{
    "child_model_execute_cost_by_ms": [
        8.449999809265137
    ],
    "child_model_run_time": [
        [
            17822809,
            17831259
        ]
    ],
    "execute_cost": 8.449999809265137,
    "finish_time": 17831268,
    "limit_cost_by_ms": 7.34499979019165,
    "model_name": "squeezenetv1",
    "recv_time": 17815481,
    "tag": "450",
    "total_cost_by_ms": 15.786999702453613,
    "wait_cost": 7.336999893188477
}
