{
    "child_model_execute_cost_by_ms": [
        8.107000350952148
    ],
    "child_model_run_time": [
        [
            18610055,
            18618162
        ]
    ],
    "execute_cost": 8.107000350952148,
    "finish_time": 18618173,
    "limit_cost_by_ms": 7.34499979019165,
    "model_name": "squeezenetv1",
    "recv_time": 18609893,
    "tag": "489",
    "total_cost_by_ms": 8.279999732971191,
    "wait_cost": 0.17299938201904297
}
