{
    "child_model_execute_cost_by_ms": [
        17.892000198364258,
        18.16699981689453,
        20.41699981689453
    ],
    "child_model_run_time": [
        [
            18618202,
            18636094
        ],
        [
            18643953,
            18662120
        ],
        [
            18686195,
            18706612
        ]
    ],
    "execute_cost": 56.47599792480469,
    "finish_time": 18706621,
    "limit_cost_by_ms": 47.077999114990234,
    "model_name": "vgg19",
    "recv_time": 18611536,
    "tag": "490",
    "total_cost_by_ms": 95.08499908447266,
    "wait_cost": 38.60900115966797
}
