{
    "child_model_execute_cost_by_ms": [
        3.0339999198913574,
        4.198999881744385
    ],
    "child_model_run_time": [
        [
            18856633,
            18859667
        ],
        [
            18859776,
            18863975
        ]
    ],
    "execute_cost": 7.232999801635742,
    "finish_time": 18863981,
    "limit_cost_by_ms": 6.090000152587891,
    "model_name": "yolov2",
    "recv_time": 18848767,
    "tag": "501",
    "total_cost_by_ms": 15.21399974822998,
    "wait_cost": 7.980999946594238
}
