{
    "child_model_execute_cost_by_ms": [
        7.539999961853027
    ],
    "child_model_run_time": [
        [
            19557153,
            19564693
        ]
    ],
    "execute_cost": 7.539999961853027,
    "finish_time": 19564702,
    "limit_cost_by_ms": 7.34499979019165,
    "model_name": "squeezenetv1",
    "recv_time": 19543544,
    "tag": "536",
    "total_cost_by_ms": 21.158000946044922,
    "wait_cost": 13.618000984191895
}
