{
    "child_model_execute_cost_by_ms": [
        3.250999927520752,
        4.609000205993652
    ],
    "child_model_run_time": [
        [
            19607316,
            19610567
        ],
        [
            19610613,
            19615222
        ]
    ],
    "execute_cost": 7.860000133514404,
    "finish_time": 19615233,
    "limit_cost_by_ms": 6.090000152587891,
    "model_name": "yolov2",
    "recv_time": 19604130,
    "tag": "538",
    "total_cost_by_ms": 11.102999687194824,
    "wait_cost": 3.24299955368042
}
