{
    "child_model_execute_cost_by_ms": [
        8.317999839782715
    ],
    "child_model_run_time": [
        [
            19776595,
            19784913
        ]
    ],
    "execute_cost": 8.317999839782715,
    "finish_time": 19784922,
    "limit_cost_by_ms": 7.34499979019165,
    "model_name": "squeezenetv1",
    "recv_time": 19776583,
    "tag": "546",
    "total_cost_by_ms": 8.33899974822998,
    "wait_cost": 0.020999908447265625
}
