{
    "child_model_execute_cost_by_ms": [
        18.83099937438965,
        17.292999267578125,
        19.82200050354004
    ],
    "child_model_run_time": [
        [
            19918101,
            19936932
        ],
        [
            19937033,
            19954326
        ],
        [
            19954426,
            19974248
        ]
    ],
    "execute_cost": 55.94599914550781,
    "finish_time": 19974258,
    "limit_cost_by_ms": 47.077999114990234,
    "model_name": "vgg19",
    "recv_time": 19918017,
    "tag": "553",
    "total_cost_by_ms": 56.24100112915039,
    "wait_cost": 0.2950019836425781
}
