{
    "child_model_execute_cost_by_ms": [
        8.52299976348877
    ],
    "child_model_run_time": [
        [
            20089166,
            20097689
        ]
    ],
    "execute_cost": 8.52299976348877,
    "finish_time": 20097701,
    "limit_cost_by_ms": 7.34499979019165,
    "model_name": "squeezenetv1",
    "recv_time": 20080184,
    "tag": "562",
    "total_cost_by_ms": 17.517000198364258,
    "wait_cost": 8.994000434875488
}
