{
    "child_model_execute_cost_by_ms": [
        10.166999816894531
    ],
    "child_model_run_time": [
        [
            20775597,
            20785764
        ]
    ],
    "execute_cost": 10.166999816894531,
    "finish_time": 20785776,
    "limit_cost_by_ms": 8.836333274841309,
    "model_name": "googlenet",
    "recv_time": 20775579,
    "tag": "594",
    "total_cost_by_ms": 10.196999549865723,
    "wait_cost": 0.029999732971191406
}
