{
    "child_model_execute_cost_by_ms": [
        9.859999656677246
    ],
    "child_model_run_time": [
        [
            21506231,
            21516091
        ]
    ],
    "execute_cost": 9.859999656677246,
    "finish_time": 21516107,
    "limit_cost_by_ms": 8.836333274841309,
    "model_name": "googlenet",
    "recv_time": 21495270,
    "tag": "630",
    "total_cost_by_ms": 20.836999893188477,
    "wait_cost": 10.97700023651123
}
