{
    "child_model_execute_cost_by_ms": [
        8.378999710083008
    ],
    "child_model_run_time": [
        [
            21531884,
            21540263
        ]
    ],
    "execute_cost": 8.378999710083008,
    "finish_time": 21540277,
    "limit_cost_by_ms": 7.34499979019165,
    "model_name": "squeezenetv1",
    "recv_time": 21527933,
    "tag": "632",
    "total_cost_by_ms": 12.343999862670898,
    "wait_cost": 3.9650001525878906
}
