{
    "child_model_execute_cost_by_ms": [
        14.817999839782715,
        8.9350004196167
    ],
    "child_model_run_time": [
        [
            21840534,
            21855352
        ],
        [
            21855396,
            21864331
        ]
    ],
    "execute_cost": 23.753000259399414,
    "finish_time": 21864341,
    "limit_cost_by_ms": 19.33300018310547,
    "model_name": "resnet50",
    "recv_time": 21836096,
    "tag": "647",
    "total_cost_by_ms": 28.2450008392334,
    "wait_cost": 4.492000579833984
}
