{
    "child_model_execute_cost_by_ms": [
        3.122999906539917,
        4.650000095367432
    ],
    "child_model_run_time": [
        [
            21955078,
            21958201
        ],
        [
            21958247,
            21962897
        ]
    ],
    "execute_cost": 7.7729997634887695,
    "finish_time": 21962908,
    "limit_cost_by_ms": 6.090000152587891,
    "model_name": "yolov2",
    "recv_time": 21947376,
    "tag": "652",
    "total_cost_by_ms": 15.531999588012695,
    "wait_cost": 7.758999824523926
}
