{
    "child_model_execute_cost_by_ms": [
        17.68899917602539,
        17.68600082397461,
        21.215999603271484
    ],
    "child_model_run_time": [
        [
            22005014,
            22022703
        ],
        [
            22022722,
            22040408
        ],
        [
            22058007,
            22079223
        ]
    ],
    "execute_cost": 56.590999603271484,
    "finish_time": 22079231,
    "limit_cost_by_ms": 47.077999114990234,
    "model_name": "vgg19",
    "recv_time": 21996103,
    "tag": "655",
    "total_cost_by_ms": 83.12799835205078,
    "wait_cost": 26.536998748779297
}
