{
    "child_model_execute_cost_by_ms": [
        19.38800048828125,
        18.851999282836914,
        20.999000549316406
    ],
    "child_model_run_time": [
        [
            22112240,
            22131628
        ],
        [
            22149170,
            22168022
        ],
        [
            22192009,
            22213008
        ]
    ],
    "execute_cost": 59.23899841308594,
    "finish_time": 22213020,
    "limit_cost_by_ms": 47.077999114990234,
    "model_name": "vgg19",
    "recv_time": 22112131,
    "tag": "660",
    "total_cost_by_ms": 100.88899993896484,
    "wait_cost": 41.650001525878906
}
