{
    "child_model_execute_cost_by_ms": [
        3.0980000495910645,
        4.368000030517578
    ],
    "child_model_run_time": [
        [
            22704161,
            22707259
        ],
        [
            22707291,
            22711659
        ]
    ],
    "execute_cost": 7.466000080108643,
    "finish_time": 22711663,
    "limit_cost_by_ms": 6.090000152587891,
    "model_name": "yolov2",
    "recv_time": 22693270,
    "tag": "687",
    "total_cost_by_ms": 18.39299964904785,
    "wait_cost": 10.927000045776367
}
