{
    "child_model_execute_cost_by_ms": [
        10.008000373840332
    ],
    "child_model_run_time": [
        [
            22891783,
            22901791
        ]
    ],
    "execute_cost": 10.008000373840332,
    "finish_time": 22901806,
    "limit_cost_by_ms": 8.836333274841309,
    "model_name": "googlenet",
    "recv_time": 22891649,
    "tag": "697",
    "total_cost_by_ms": 10.156999588012695,
    "wait_cost": 0.14899921417236328
}
