{
    "child_model_execute_cost_by_ms": [
        8.28499984741211
    ],
    "child_model_run_time": [
        [
            23238350,
            23246635
        ]
    ],
    "execute_cost": 8.28499984741211,
    "finish_time": 23246647,
    "limit_cost_by_ms": 7.34499979019165,
    "model_name": "squeezenetv1",
    "recv_time": 23230299,
    "tag": "715",
    "total_cost_by_ms": 16.347999572753906,
    "wait_cost": 8.062999725341797
}
