{
    "child_model_execute_cost_by_ms": [
        10.472000122070313
    ],
    "child_model_run_time": [
        [
            23641024,
            23651496
        ]
    ],
    "execute_cost": 10.472000122070313,
    "finish_time": 23651514,
    "limit_cost_by_ms": 8.836333274841309,
    "model_name": "googlenet",
    "recv_time": 23623468,
    "tag": "733",
    "total_cost_by_ms": 28.04599952697754,
    "wait_cost": 17.573999404907227
}
