{
    "child_model_execute_cost_by_ms": [
        19.43899917602539,
        16.99799919128418,
        19.496999740600586
    ],
    "child_model_run_time": [
        [
            23851792,
            23871231
        ],
        [
            23894036,
            23911034
        ],
        [
            23911080,
            23930577
        ]
    ],
    "execute_cost": 55.933998107910156,
    "finish_time": 23930586,
    "limit_cost_by_ms": 47.077999114990234,
    "model_name": "vgg19",
    "recv_time": 23851781,
    "tag": "746",
    "total_cost_by_ms": 78.80500030517578,
    "wait_cost": 22.871002197265625
}
