{
    "child_model_execute_cost_by_ms": [
        18.7450008392334,
        17.4060001373291,
        19.8799991607666
    ],
    "child_model_run_time": [
        [
            23982166,
            24000911
        ],
        [
            24000961,
            24018367
        ],
        [
            24018389,
            24038269
        ]
    ],
    "execute_cost": 56.03099822998047,
    "finish_time": 24038277,
    "limit_cost_by_ms": 47.077999114990234,
    "model_name": "vgg19",
    "recv_time": 23982042,
    "tag": "752",
    "total_cost_by_ms": 56.23500061035156,
    "wait_cost": 0.20400238037109375
}
