{
    "child_model_execute_cost_by_ms": [
        8.248000144958496
    ],
    "child_model_run_time": [
        [
            24359813,
            24368061
        ]
    ],
    "execute_cost": 8.248000144958496,
    "finish_time": 24368072,
    "limit_cost_by_ms": 7.34499979019165,
    "model_name": "squeezenetv1",
    "recv_time": 24359671,
    "tag": "770",
    "total_cost_by_ms": 8.401000022888184,
    "wait_cost": 0.1529998779296875
}
