{
    "child_model_execute_cost_by_ms": [
        8.149999618530273
    ],
    "child_model_run_time": [
        [
            24778610,
            24786760
        ]
    ],
    "execute_cost": 8.149999618530273,
    "finish_time": 24786772,
    "limit_cost_by_ms": 7.34499979019165,
    "model_name": "squeezenetv1",
    "recv_time": 24768416,
    "tag": "791",
    "total_cost_by_ms": 18.356000900268555,
    "wait_cost": 10.206001281738281
}
