{
    "child_model_execute_cost_by_ms": [
        18.767000198364258,
        17.538000106811523,
        19.94499969482422
    ],
    "child_model_run_time": [
        [
            24898697,
            24917464
        ],
        [
            24917507,
            24935045
        ],
        [
            24935076,
            24955021
        ]
    ],
    "execute_cost": 56.25,
    "finish_time": 24955030,
    "limit_cost_by_ms": 47.077999114990234,
    "model_name": "vgg19",
    "recv_time": 24889497,
    "tag": "797",
    "total_cost_by_ms": 65.53299713134766,
    "wait_cost": 9.282997131347656
}
