{
    "child_model_execute_cost_by_ms": [
        15.255999565124512,
        9.187000274658203
    ],
    "child_model_run_time": [
        [
            25085411,
            25100667
        ],
        [
            25100719,
            25109906
        ]
    ],
    "execute_cost": 24.44300079345703,
    "finish_time": 25109917,
    "limit_cost_by_ms": 19.33300018310547,
    "model_name": "resnet50",
    "recv_time": 25063116,
    "tag": "805",
    "total_cost_by_ms": 46.80099868774414,
    "wait_cost": 22.35799789428711
}
