{
    "child_model_execute_cost_by_ms": [
        17.79199981689453,
        17.48900032043457,
        20.35700035095215
    ],
    "child_model_run_time": [
        [
            25130810,
            25148602
        ],
        [
            25148623,
            25166112
        ],
        [
            25188855,
            25209212
        ]
    ],
    "execute_cost": 55.63800048828125,
    "finish_time": 25209222,
    "limit_cost_by_ms": 47.077999114990234,
    "model_name": "vgg19",
    "recv_time": 25130661,
    "tag": "808",
    "total_cost_by_ms": 78.56099700927734,
    "wait_cost": 22.922996520996094
}
