{
    "child_model_execute_cost_by_ms": [
        9.527000427246094
    ],
    "child_model_run_time": [
        [
            25385666,
            25395193
        ]
    ],
    "execute_cost": 9.527000427246094,
    "finish_time": 25395206,
    "limit_cost_by_ms": 8.836333274841309,
    "model_name": "googlenet",
    "recv_time": 25385470,
    "tag": "821",
    "total_cost_by_ms": 9.736000061035156,
    "wait_cost": 0.2089996337890625
}
