{
    "child_model_execute_cost_by_ms": [
        15.23900032043457,
        9.241999626159668
    ],
    "child_model_run_time": [
        [
            25825449,
            25840688
        ],
        [
            25848969,
            25858211
        ]
    ],
    "execute_cost": 24.480998992919922,
    "finish_time": 25858222,
    "limit_cost_by_ms": 19.33300018310547,
    "model_name": "resnet50",
    "recv_time": 25807614,
    "tag": "842",
    "total_cost_by_ms": 50.608001708984375,
    "wait_cost": 26.127002716064453
}
