{
    "child_model_execute_cost_by_ms": [
        9.836999893188477
    ],
    "child_model_run_time": [
        [
            26146633,
            26156470
        ]
    ],
    "execute_cost": 9.836999893188477,
    "finish_time": 26156487,
    "limit_cost_by_ms": 8.836333274841309,
    "model_name": "googlenet",
    "recv_time": 26131354,
    "tag": "857",
    "total_cost_by_ms": 25.132999420166016,
    "wait_cost": 15.295999526977539
}
