{
    "child_model_execute_cost_by_ms": [
        15.357999801635742,
        8.876999855041504
    ],
    "child_model_run_time": [
        [
            26285719,
            26301077
        ],
        [
            26301124,
            26310001
        ]
    ],
    "execute_cost": 24.235000610351563,
    "finish_time": 26310010,
    "limit_cost_by_ms": 19.33300018310547,
    "model_name": "resnet50",
    "recv_time": 26284043,
    "tag": "864",
    "total_cost_by_ms": 25.966999053955078,
    "wait_cost": 1.7319984436035156
}
