{
    "child_model_execute_cost_by_ms": [
        9.668999671936035
    ],
    "child_model_run_time": [
        [
            26437971,
            26447640
        ]
    ],
    "execute_cost": 9.668999671936035,
    "finish_time": 26447656,
    "limit_cost_by_ms": 8.836333274841309,
    "model_name": "googlenet",
    "recv_time": 26427414,
    "tag": "871",
    "total_cost_by_ms": 20.242000579833984,
    "wait_cost": 10.57300090789795
}
