{
    "child_model_execute_cost_by_ms": [
        10.241000175476074
    ],
    "child_model_run_time": [
        [
            26657092,
            26667333
        ]
    ],
    "execute_cost": 10.241000175476074,
    "finish_time": 26667344,
    "limit_cost_by_ms": 8.836333274841309,
    "model_name": "googlenet",
    "recv_time": 26656917,
    "tag": "881",
    "total_cost_by_ms": 10.427000045776367,
    "wait_cost": 0.18599987030029297
}
