{
    "child_model_execute_cost_by_ms": [
        9.069000244140625
    ],
    "child_model_run_time": [
        [
            26950119,
            26959188
        ]
    ],
    "execute_cost": 9.069000244140625,
    "finish_time": 26959196,
    "limit_cost_by_ms": 8.836333274841309,
    "model_name": "googlenet",
    "recv_time": 26949984,
    "tag": "896",
    "total_cost_by_ms": 9.211999893188477,
    "wait_cost": 0.14299964904785156
}
