{
    "child_model_execute_cost_by_ms": [
        15.968999862670898,
        8.854999542236328
    ],
    "child_model_run_time": [
        [
            8840757,
            8856726
        ],
        [
            8856789,
            8865644
        ]
    ],
    "execute_cost": 24.823999404907227,
    "finish_time": 8865653,
    "limit_cost_by_ms": 19.33300018310547,
    "model_name": "resnet50",
    "recv_time": 8840660,
    "tag": "10",
    "total_cost_by_ms": 24.993000030517578,
    "wait_cost": 0.16900062561035156
}
