{
    "child_model_execute_cost_by_ms": [
        3.180999994277954,
        4.410999774932861
    ],
    "child_model_run_time": [
        [
            10529485,
            10532666
        ],
        [
            10532692,
            10537103
        ]
    ],
    "execute_cost": 7.5920000076293945,
    "finish_time": 10537112,
    "limit_cost_by_ms": 6.090000152587891,
    "model_name": "yolov2",
    "recv_time": 10529400,
    "tag": "91",
    "total_cost_by_ms": 7.711999893188477,
    "wait_cost": 0.11999988555908203
}
