{
    "child_model_execute_cost_by_ms": [
        14.810999870300293,
        8.741999626159668
    ],
    "child_model_run_time": [
        [
            27317989,
            27332800
        ],
        [
            27332855,
            27341597
        ]
    ],
    "execute_cost": 23.55299949645996,
    "finish_time": 27341605,
    "limit_cost_by_ms": 19.33300018310547,
    "model_name": "resnet50",
    "recv_time": 27317902,
    "tag": "914",
    "total_cost_by_ms": 23.702999114990234,
    "wait_cost": 0.14999961853027344
}
