{
    "child_model_execute_cost_by_ms": [
        9.1899995803833
    ],
    "child_model_run_time": [
        [
            27484078,
            27493268
        ]
    ],
    "execute_cost": 9.1899995803833,
    "finish_time": 27493275,
    "limit_cost_by_ms": 8.836333274841309,
    "model_name": "googlenet",
    "recv_time": 27483972,
    "tag": "922",
    "total_cost_by_ms": 9.303000450134277,
    "wait_cost": 0.11300086975097656
}
