{
    "child_model_execute_cost_by_ms": [
        8.255999565124512
    ],
    "child_model_run_time": [
        [
            27583476,
            27591732
        ]
    ],
    "execute_cost": 8.255999565124512,
    "finish_time": 27591739,
    "limit_cost_by_ms": 7.34499979019165,
    "model_name": "squeezenetv1",
    "recv_time": 27574829,
    "tag": "926",
    "total_cost_by_ms": 16.90999984741211,
    "wait_cost": 8.654000282287598
}
