{
    "child_model_execute_cost_by_ms": [
        9.291999816894531
    ],
    "child_model_run_time": [
        [
            27592001,
            27601293
        ]
    ],
    "execute_cost": 9.291999816894531,
    "finish_time": 27601301,
    "limit_cost_by_ms": 8.836333274841309,
    "model_name": "googlenet",
    "recv_time": 27591992,
    "tag": "927",
    "total_cost_by_ms": 9.309000015258789,
    "wait_cost": 0.017000198364257813
}
