{
    "child_model_execute_cost_by_ms": [
        9.51099967956543
    ],
    "child_model_run_time": [
        [
            27699425,
            27708936
        ]
    ],
    "execute_cost": 9.51099967956543,
    "finish_time": 27708945,
    "limit_cost_by_ms": 8.836333274841309,
    "model_name": "googlenet",
    "recv_time": 27699417,
    "tag": "932",
    "total_cost_by_ms": 9.527999877929688,
    "wait_cost": 0.017000198364257813
}
