{
    "child_model_execute_cost_by_ms": [
        15.13599967956543,
        9.123000144958496
    ],
    "child_model_run_time": [
        [
            27716866,
            27732002
        ],
        [
            27732054,
            27741177
        ]
    ],
    "execute_cost": 24.25899887084961,
    "finish_time": 27741186,
    "limit_cost_by_ms": 19.33300018310547,
    "model_name": "resnet50",
    "recv_time": 27712345,
    "tag": "934",
    "total_cost_by_ms": 28.840999603271484,
    "wait_cost": 4.582000732421875
}
