{
    "child_model_execute_cost_by_ms": [
        9.29800033569336
    ],
    "child_model_run_time": [
        [
            28127263,
            28136561
        ]
    ],
    "execute_cost": 9.29800033569336,
    "finish_time": 28136569,
    "limit_cost_by_ms": 8.836333274841309,
    "model_name": "googlenet",
    "recv_time": 28127255,
    "tag": "953",
    "total_cost_by_ms": 9.314000129699707,
    "wait_cost": 0.015999794006347656
}
