{
    "child_model_execute_cost_by_ms": [
        14.873000144958496,
        9.251999855041504
    ],
    "child_model_run_time": [
        [
            28306399,
            28321272
        ],
        [
            28321313,
            28330565
        ]
    ],
    "execute_cost": 24.125,
    "finish_time": 28330578,
    "limit_cost_by_ms": 19.33300018310547,
    "model_name": "resnet50",
    "recv_time": 28296637,
    "tag": "963",
    "total_cost_by_ms": 33.941001892089844,
    "wait_cost": 9.816001892089844
}
