{
    "child_model_execute_cost_by_ms": [
        9.699999809265137
    ],
    "child_model_run_time": [
        [
            28358340,
            28368040
        ]
    ],
    "execute_cost": 9.699999809265137,
    "finish_time": 28368047,
    "limit_cost_by_ms": 8.836333274841309,
    "model_name": "googlenet",
    "recv_time": 28341119,
    "tag": "965",
    "total_cost_by_ms": 26.92799949645996,
    "wait_cost": 17.22800064086914
}
