{
    "child_model_execute_cost_by_ms": [
        15.324000358581543,
        9.052000045776367
    ],
    "child_model_run_time": [
        [
            28529887,
            28545211
        ],
        [
            28562272,
            28571324
        ]
    ],
    "execute_cost": 24.375999450683594,
    "finish_time": 28571335,
    "limit_cost_by_ms": 19.33300018310547,
    "model_name": "resnet50",
    "recv_time": 28529733,
    "tag": "973",
    "total_cost_by_ms": 41.60200119018555,
    "wait_cost": 17.226001739501953
}
