{
    "child_model_execute_cost_by_ms": [
        8.644000053405762
    ],
    "child_model_run_time": [
        [
            28629155,
            28637799
        ]
    ],
    "execute_cost": 8.644000053405762,
    "finish_time": 28637811,
    "limit_cost_by_ms": 7.34499979019165,
    "model_name": "squeezenetv1",
    "recv_time": 28628985,
    "tag": "977",
    "total_cost_by_ms": 8.826000213623047,
    "wait_cost": 0.18200016021728516
}
