{
    "child_model_execute_cost_by_ms": [
        10.305999755859375
    ],
    "child_model_run_time": [
        [
            11086119,
            11096425
        ]
    ],
    "execute_cost": 10.305999755859375,
    "finish_time": 11096436,
    "limit_cost_by_ms": 8.801666259765625,
    "model_name": "googlenet",
    "recv_time": 11086020,
    "tag": "104",
    "total_cost_by_ms": 10.416000366210938,
    "wait_cost": 0.1100006103515625
}
