{
    "child_model_execute_cost_by_ms": [
        17.952999114990234,
        17.107999801635742,
        20.665000915527344
    ],
    "child_model_run_time": [
        [
            11192746,
            11210699
        ],
        [
            11210747,
            11227855
        ],
        [
            11238156,
            11258821
        ]
    ],
    "execute_cost": 55.72599792480469,
    "finish_time": 11258830,
    "limit_cost_by_ms": 47.01599884033203,
    "model_name": "vgg19",
    "recv_time": 11192591,
    "tag": "109",
    "total_cost_by_ms": 66.23899841308594,
    "wait_cost": 10.51300048828125
}
