{
    "child_model_execute_cost_by_ms": [
        2.921999931335449,
        4.230999946594238
    ],
    "child_model_run_time": [
        [
            11400995,
            11403917
        ],
        [
            11403960,
            11408191
        ]
    ],
    "execute_cost": 7.1529998779296875,
    "finish_time": 11408199,
    "limit_cost_by_ms": 6.144000053405762,
    "model_name": "yolov2",
    "recv_time": 11383959,
    "tag": "117",
    "total_cost_by_ms": 24.239999771118164,
    "wait_cost": 17.086999893188477
}
