{
    "child_model_execute_cost_by_ms": [
        18.211000442504883,
        17.003999710083008,
        20.238000869750977
    ],
    "child_model_run_time": [
        [
            11813116,
            11831327
        ],
        [
            11831366,
            11848370
        ],
        [
            11855845,
            11876083
        ]
    ],
    "execute_cost": 55.4530029296875,
    "finish_time": 11876092,
    "limit_cost_by_ms": 47.01599884033203,
    "model_name": "vgg19",
    "recv_time": 11813107,
    "tag": "135",
    "total_cost_by_ms": 62.98500061035156,
    "wait_cost": 7.5319976806640625
}
