{
    "child_model_execute_cost_by_ms": [
        18.701000213623047,
        17.43899917602539,
        19.558000564575195
    ],
    "child_model_run_time": [
        [
            12000282,
            12018983
        ],
        [
            12019023,
            12036462
        ],
        [
            12036492,
            12056050
        ]
    ],
    "execute_cost": 55.697998046875,
    "finish_time": 12056060,
    "limit_cost_by_ms": 47.01599884033203,
    "model_name": "vgg19",
    "recv_time": 12000272,
    "tag": "144",
    "total_cost_by_ms": 55.78799819946289,
    "wait_cost": 0.09000015258789063
}
