{
    "child_model_execute_cost_by_ms": [
        10.1850004196167
    ],
    "child_model_run_time": [
        [
            12333896,
            12344081
        ]
    ],
    "execute_cost": 10.1850004196167,
    "finish_time": 12344091,
    "limit_cost_by_ms": 8.801666259765625,
    "model_name": "googlenet",
    "recv_time": 12333805,
    "tag": "156",
    "total_cost_by_ms": 10.28600025177002,
    "wait_cost": 0.10099983215332031
}
