{
    "child_model_execute_cost_by_ms": [
        8.029999732971191
    ],
    "child_model_run_time": [
        [
            12376033,
            12384063
        ]
    ],
    "execute_cost": 8.029999732971191,
    "finish_time": 12384070,
    "limit_cost_by_ms": 7.297999858856201,
    "model_name": "squeezenetv1",
    "recv_time": 12368816,
    "tag": "159",
    "total_cost_by_ms": 15.253999710083008,
    "wait_cost": 7.223999977111816
}
