{
    "child_model_execute_cost_by_ms": [
        19.5310001373291,
        19.41200065612793,
        20.216999053955078
    ],
    "child_model_run_time": [
        [
            12551055,
            12570586
        ],
        [
            12596598,
            12616010
        ],
        [
            12616051,
            12636268
        ]
    ],
    "execute_cost": 59.15999984741211,
    "finish_time": 12636274,
    "limit_cost_by_ms": 47.01599884033203,
    "model_name": "vgg19",
    "recv_time": 12550959,
    "tag": "166",
    "total_cost_by_ms": 85.31500244140625,
    "wait_cost": 26.15500259399414
}
