{
    "child_model_execute_cost_by_ms": [
        10.574999809265137
    ],
    "child_model_run_time": [
        [
            12733993,
            12744568
        ]
    ],
    "execute_cost": 10.574999809265137,
    "finish_time": 12744575,
    "limit_cost_by_ms": 8.801666259765625,
    "model_name": "googlenet",
    "recv_time": 12718629,
    "tag": "174",
    "total_cost_by_ms": 25.945999145507813,
    "wait_cost": 15.370999336242676
}
