{
    "child_model_execute_cost_by_ms": [
        19.250999450683594,
        17.56399917602539,
        19.823999404907227
    ],
    "child_model_run_time": [
        [
            12855463,
            12874714
        ],
        [
            12874759,
            12892323
        ],
        [
            12892345,
            12912169
        ]
    ],
    "execute_cost": 56.638999938964844,
    "finish_time": 12912178,
    "limit_cost_by_ms": 47.01599884033203,
    "model_name": "vgg19",
    "recv_time": 12855338,
    "tag": "180",
    "total_cost_by_ms": 56.84000015258789,
    "wait_cost": 0.20100021362304688
}
