{
    "child_model_execute_cost_by_ms": [
        18.81100082397461,
        17.75200080871582,
        20.349000930786133
    ],
    "child_model_run_time": [
        [
            13031570,
            13050381
        ],
        [
            13050481,
            13068233
        ],
        [
            13109320,
            13129669
        ]
    ],
    "execute_cost": 56.91200256347656,
    "finish_time": 13129677,
    "limit_cost_by_ms": 47.01599884033203,
    "model_name": "vgg19",
    "recv_time": 13021636,
    "tag": "187",
    "total_cost_by_ms": 108.04100036621094,
    "wait_cost": 51.128997802734375
}
