{
    "child_model_execute_cost_by_ms": [
        10.897000312805176
    ],
    "child_model_run_time": [
        [
            13186994,
            13197891
        ]
    ],
    "execute_cost": 10.897000312805176,
    "finish_time": 13197902,
    "limit_cost_by_ms": 8.801666259765625,
    "model_name": "googlenet",
    "recv_time": 13169732,
    "tag": "192",
    "total_cost_by_ms": 28.170000076293945,
    "wait_cost": 17.272998809814453
}
