{
    "child_model_execute_cost_by_ms": [
        2.8239998817443848,
        4.320000171661377
    ],
    "child_model_run_time": [
        [
            13527336,
            13530160
        ],
        [
            13530184,
            13534504
        ]
    ],
    "execute_cost": 7.144000053405762,
    "finish_time": 13534511,
    "limit_cost_by_ms": 6.144000053405762,
    "model_name": "yolov2",
    "recv_time": 13521752,
    "tag": "207",
    "total_cost_by_ms": 12.758999824523926,
    "wait_cost": 5.614999771118164
}
