{
    "child_model_execute_cost_by_ms": [
        15.795999526977539,
        9.215999603271484
    ],
    "child_model_run_time": [
        [
            13847776,
            13863572
        ],
        [
            13863628,
            13872844
        ]
    ],
    "execute_cost": 25.011999130249023,
    "finish_time": 13872856,
    "limit_cost_by_ms": 19.020000457763672,
    "model_name": "resnet50",
    "recv_time": 13847762,
    "tag": "221",
    "total_cost_by_ms": 25.0939998626709,
    "wait_cost": 0.082000732421875
}
