{
    "child_model_execute_cost_by_ms": [
        9.887999534606934
    ],
    "child_model_run_time": [
        [
            14028731,
            14038619
        ]
    ],
    "execute_cost": 9.887999534606934,
    "finish_time": 14038630,
    "limit_cost_by_ms": 8.801666259765625,
    "model_name": "googlenet",
    "recv_time": 14020322,
    "tag": "228",
    "total_cost_by_ms": 18.308000564575195,
    "wait_cost": 8.420001029968262
}
