{
    "child_model_execute_cost_by_ms": [
        19.639999389648438,
        18.45599937438965,
        19.81599998474121
    ],
    "child_model_run_time": [
        [
            14056279,
            14075919
        ],
        [
            14084571,
            14103027
        ],
        [
            14103058,
            14122874
        ]
    ],
    "execute_cost": 57.91200256347656,
    "finish_time": 14122881,
    "limit_cost_by_ms": 47.01599884033203,
    "model_name": "vgg19",
    "recv_time": 14056265,
    "tag": "230",
    "total_cost_by_ms": 66.61599731445313,
    "wait_cost": 8.703994750976563
}
