{
    "child_model_execute_cost_by_ms": [
        19.812999725341797,
        18.238000869750977,
        20.261999130249023
    ],
    "child_model_run_time": [
        [
            14123196,
            14143009
        ],
        [
            14194235,
            14212473
        ],
        [
            14212505,
            14232767
        ]
    ],
    "execute_cost": 58.31300354003906,
    "finish_time": 14232775,
    "limit_cost_by_ms": 47.01599884033203,
    "model_name": "vgg19",
    "recv_time": 14123147,
    "tag": "232",
    "total_cost_by_ms": 109.62799835205078,
    "wait_cost": 51.31499481201172
}
