{
    "child_model_execute_cost_by_ms": [
        18.301000595092773,
        18.06800079345703,
        20.64900016784668
    ],
    "child_model_run_time": [
        [
            14232797,
            14251098
        ],
        [
            14251128,
            14269196
        ],
        [
            14287163,
            14307812
        ]
    ],
    "execute_cost": 57.01800537109375,
    "finish_time": 14307820,
    "limit_cost_by_ms": 47.01599884033203,
    "model_name": "vgg19",
    "recv_time": 14226495,
    "tag": "237",
    "total_cost_by_ms": 81.32499694824219,
    "wait_cost": 24.306991577148438
}
