{
    "child_model_execute_cost_by_ms": [
        9.810999870300293
    ],
    "child_model_run_time": [
        [
            14535608,
            14545419
        ]
    ],
    "execute_cost": 9.810999870300293,
    "finish_time": 14545425,
    "limit_cost_by_ms": 8.801666259765625,
    "model_name": "googlenet",
    "recv_time": 14507849,
    "tag": "250",
    "total_cost_by_ms": 37.57600021362305,
    "wait_cost": 27.764999389648438
}
