{
    "child_model_execute_cost_by_ms": [
        18.099000930786133,
        17.990999221801758,
        20.274999618530273
    ],
    "child_model_run_time": [
        [
            14964922,
            14983021
        ],
        [
            15000311,
            15018302
        ],
        [
            15018323,
            15038598
        ]
    ],
    "execute_cost": 56.36499786376953,
    "finish_time": 15038608,
    "limit_cost_by_ms": 47.01599884033203,
    "model_name": "vgg19",
    "recv_time": 14964823,
    "tag": "268",
    "total_cost_by_ms": 73.78500366210938,
    "wait_cost": 17.420005798339844
}
