{
    "child_model_execute_cost_by_ms": [
        2.9639999866485596,
        4.24399995803833
    ],
    "child_model_run_time": [
        [
            15370798,
            15373762
        ],
        [
            15373850,
            15378094
        ]
    ],
    "execute_cost": 7.208000183105469,
    "finish_time": 15378099,
    "limit_cost_by_ms": 6.144000053405762,
    "model_name": "yolov2",
    "recv_time": 15369346,
    "tag": "286",
    "total_cost_by_ms": 8.753000259399414,
    "wait_cost": 1.5450000762939453
}
