{
    "child_model_execute_cost_by_ms": [
        18.93000030517578,
        17.899999618530273,
        20.106000900268555
    ],
    "child_model_run_time": [
        [
            15432011,
            15450941
        ],
        [
            15451068,
            15468968
        ],
        [
            15469059,
            15489165
        ]
    ],
    "execute_cost": 56.936004638671875,
    "finish_time": 15489173,
    "limit_cost_by_ms": 47.01599884033203,
    "model_name": "vgg19",
    "recv_time": 15431908,
    "tag": "288",
    "total_cost_by_ms": 57.26499938964844,
    "wait_cost": 0.3289947509765625
}
