{
    "child_model_execute_cost_by_ms": [
        19.12299919128418,
        18.517000198364258,
        20.323999404907227
    ],
    "child_model_run_time": [
        [
            15986655,
            16005778
        ],
        [
            16023355,
            16041872
        ],
        [
            16041914,
            16062238
        ]
    ],
    "execute_cost": 57.96399688720703,
    "finish_time": 16062245,
    "limit_cost_by_ms": 47.01599884033203,
    "model_name": "vgg19",
    "recv_time": 15986605,
    "tag": "311",
    "total_cost_by_ms": 75.63999938964844,
    "wait_cost": 17.676002502441406
}
