{
    "child_model_execute_cost_by_ms": [
        18.371000289916992,
        17.617000579833984,
        19.775999069213867
    ],
    "child_model_run_time": [
        [
            16343778,
            16362149
        ],
        [
            16362170,
            16379787
        ],
        [
            16379823,
            16399599
        ]
    ],
    "execute_cost": 55.763999938964844,
    "finish_time": 16399608,
    "limit_cost_by_ms": 47.01599884033203,
    "model_name": "vgg19",
    "recv_time": 16342813,
    "tag": "326",
    "total_cost_by_ms": 56.79499816894531,
    "wait_cost": 1.0309982299804688
}
