{
    "child_model_execute_cost_by_ms": [
        10.088000297546387
    ],
    "child_model_run_time": [
        [
            16518563,
            16528651
        ]
    ],
    "execute_cost": 10.088000297546387,
    "finish_time": 16528658,
    "limit_cost_by_ms": 8.801666259765625,
    "model_name": "googlenet",
    "recv_time": 16513445,
    "tag": "333",
    "total_cost_by_ms": 15.213000297546387,
    "wait_cost": 5.125
}
