{
    "child_model_execute_cost_by_ms": [
        18.948999404907227,
        17.746999740600586,
        19.986000061035156
    ],
    "child_model_run_time": [
        [
            16993485,
            17012434
        ],
        [
            17012472,
            17030219
        ],
        [
            17030255,
            17050241
        ]
    ],
    "execute_cost": 56.68199920654297,
    "finish_time": 17050252,
    "limit_cost_by_ms": 47.01599884033203,
    "model_name": "vgg19",
    "recv_time": 16993387,
    "tag": "354",
    "total_cost_by_ms": 56.8650016784668,
    "wait_cost": 0.18300247192382813
}
