{
    "child_model_execute_cost_by_ms": [
        7.895999908447266
    ],
    "child_model_run_time": [
        [
            17111698,
            17119594
        ]
    ],
    "execute_cost": 7.895999908447266,
    "finish_time": 17119603,
    "limit_cost_by_ms": 7.297999858856201,
    "model_name": "squeezenetv1",
    "recv_time": 17107729,
    "tag": "359",
    "total_cost_by_ms": 11.87399959564209,
    "wait_cost": 3.977999687194824
}
