{
    "child_model_execute_cost_by_ms": [
        3.428999900817871,
        4.7270002365112305
    ],
    "child_model_run_time": [
        [
            9550710,
            9554139
        ],
        [
            9554187,
            9558914
        ]
    ],
    "execute_cost": 8.156000137329102,
    "finish_time": 9558925,
    "limit_cost_by_ms": 6.144000053405762,
    "model_name": "yolov2",
    "recv_time": 9543310,
    "tag": "38",
    "total_cost_by_ms": 15.614999771118164,
    "wait_cost": 7.4589996337890625
}
