{
    "child_model_execute_cost_by_ms": [
        18.545000076293945,
        18.427000045776367,
        20.878999710083008
    ],
    "child_model_run_time": [
        [
            17433556,
            17452101
        ],
        [
            17459517,
            17477944
        ],
        [
            17520143,
            17541022
        ]
    ],
    "execute_cost": 57.85099792480469,
    "finish_time": 17541032,
    "limit_cost_by_ms": 47.01599884033203,
    "model_name": "vgg19",
    "recv_time": 17433524,
    "tag": "371",
    "total_cost_by_ms": 107.50800323486328,
    "wait_cost": 49.657005310058594
}
