{
    "child_model_execute_cost_by_ms": [
        18.010000228881836,
        17.503000259399414,
        20.51099967956543
    ],
    "child_model_run_time": [
        [
            17541436,
            17559446
        ],
        [
            17559542,
            17577045
        ],
        [
            17584405,
            17604916
        ]
    ],
    "execute_cost": 56.02400207519531,
    "finish_time": 17604923,
    "limit_cost_by_ms": 47.01599884033203,
    "model_name": "vgg19",
    "recv_time": 17541313,
    "tag": "376",
    "total_cost_by_ms": 63.61000061035156,
    "wait_cost": 7.58599853515625
}
