{
    "child_model_execute_cost_by_ms": [
        19.138999938964844,
        17.64900016784668,
        20.152000427246094
    ],
    "child_model_run_time": [
        [
            17648097,
            17667236
        ],
        [
            17667286,
            17684935
        ],
        [
            17684956,
            17705108
        ]
    ],
    "execute_cost": 56.94000244140625,
    "finish_time": 17705113,
    "limit_cost_by_ms": 47.01599884033203,
    "model_name": "vgg19",
    "recv_time": 17640861,
    "tag": "381",
    "total_cost_by_ms": 64.25199890136719,
    "wait_cost": 7.3119964599609375
}
