{
    "child_model_execute_cost_by_ms": [
        19.43400001525879,
        17.863000869750977,
        19.86199951171875
    ],
    "child_model_run_time": [
        [
            17821588,
            17841022
        ],
        [
            17841115,
            17858978
        ],
        [
            17859026,
            17878888
        ]
    ],
    "execute_cost": 57.159000396728516,
    "finish_time": 17878898,
    "limit_cost_by_ms": 47.01599884033203,
    "model_name": "vgg19",
    "recv_time": 17821430,
    "tag": "388",
    "total_cost_by_ms": 57.46799850463867,
    "wait_cost": 0.30899810791015625
}
