{
    "child_model_execute_cost_by_ms": [
        8.786999702453613
    ],
    "child_model_run_time": [
        [
            17967334,
            17976121
        ]
    ],
    "execute_cost": 8.786999702453613,
    "finish_time": 17976130,
    "limit_cost_by_ms": 7.297999858856201,
    "model_name": "squeezenetv1",
    "recv_time": 17948764,
    "tag": "394",
    "total_cost_by_ms": 27.365999221801758,
    "wait_cost": 18.578998565673828
}
