{
    "child_model_execute_cost_by_ms": [
        14.765000343322754,
        9.383999824523926
    ],
    "child_model_run_time": [
        [
            18073954,
            18088719
        ],
        [
            18096931,
            18106315
        ]
    ],
    "execute_cost": 24.14900016784668,
    "finish_time": 18106320,
    "limit_cost_by_ms": 19.020000457763672,
    "model_name": "resnet50",
    "recv_time": 18055596,
    "tag": "398",
    "total_cost_by_ms": 50.7239990234375,
    "wait_cost": 26.57499885559082
}
