{
    "child_model_execute_cost_by_ms": [
        16.90399932861328,
        10.401000022888184
    ],
    "child_model_run_time": [
        [
            8723870,
            8740774
        ],
        [
            8740870,
            8751271
        ]
    ],
    "execute_cost": 27.30500030517578,
    "finish_time": 8751282,
    "limit_cost_by_ms": 19.020000457763672,
    "model_name": "resnet50",
    "recv_time": 8703195,
    "tag": "5",
    "total_cost_by_ms": 48.08700180053711,
    "wait_cost": 20.782001495361328
}
