{
    "child_model_execute_cost_by_ms": [
        8.262999534606934
    ],
    "child_model_run_time": [
        [
            18350749,
            18359012
        ]
    ],
    "execute_cost": 8.262999534606934,
    "finish_time": 18359020,
    "limit_cost_by_ms": 7.297999858856201,
    "model_name": "squeezenetv1",
    "recv_time": 18350738,
    "tag": "409",
    "total_cost_by_ms": 8.281999588012695,
    "wait_cost": 0.01900005340576172
}
