{
    "child_model_execute_cost_by_ms": [
        10.28499984741211
    ],
    "child_model_run_time": [
        [
            18469816,
            18480101
        ]
    ],
    "execute_cost": 10.28499984741211,
    "finish_time": 18480109,
    "limit_cost_by_ms": 8.801666259765625,
    "model_name": "googlenet",
    "recv_time": 18465453,
    "tag": "415",
    "total_cost_by_ms": 14.656000137329102,
    "wait_cost": 4.371000289916992
}
