{
    "child_model_execute_cost_by_ms": [
        3.2139999866485596,
        4.455999851226807
    ],
    "child_model_run_time": [
        [
            18649356,
            18652570
        ],
        [
            18652620,
            18657076
        ]
    ],
    "execute_cost": 7.670000076293945,
    "finish_time": 18657084,
    "limit_cost_by_ms": 6.144000053405762,
    "model_name": "yolov2",
    "recv_time": 18649337,
    "tag": "422",
    "total_cost_by_ms": 7.747000217437744,
    "wait_cost": 0.07700014114379883
}
