{
    "child_model_execute_cost_by_ms": [
        19.297000885009766,
        17.958999633789063,
        20.062000274658203
    ],
    "child_model_run_time": [
        [
            9675101,
            9694398
        ],
        [
            9694434,
            9712393
        ],
        [
            9712426,
            9732488
        ]
    ],
    "execute_cost": 57.31800079345703,
    "finish_time": 9732494,
    "limit_cost_by_ms": 47.01599884033203,
    "model_name": "vgg19",
    "recv_time": 9641189,
    "tag": "43",
    "total_cost_by_ms": 91.30500030517578,
    "wait_cost": 33.98699951171875
}
