{
    "child_model_execute_cost_by_ms": [
        10.180000305175781
    ],
    "child_model_run_time": [
        [
            19215438,
            19225618
        ]
    ],
    "execute_cost": 10.180000305175781,
    "finish_time": 19225626,
    "limit_cost_by_ms": 8.801666259765625,
    "model_name": "googlenet",
    "recv_time": 19215393,
    "tag": "446",
    "total_cost_by_ms": 10.232999801635742,
    "wait_cost": 0.05299949645996094
}
