{
    "child_model_execute_cost_by_ms": [
        8.20300006866455
    ],
    "child_model_run_time": [
        [
            19290955,
            19299158
        ]
    ],
    "execute_cost": 8.20300006866455,
    "finish_time": 19299164,
    "limit_cost_by_ms": 7.297999858856201,
    "model_name": "squeezenetv1",
    "recv_time": 19278646,
    "tag": "449",
    "total_cost_by_ms": 20.51799964904785,
    "wait_cost": 12.3149995803833
}
