{
    "child_model_execute_cost_by_ms": [
        8.331000328063965
    ],
    "child_model_run_time": [
        [
            19398338,
            19406669
        ]
    ],
    "execute_cost": 8.331000328063965,
    "finish_time": 19406675,
    "limit_cost_by_ms": 7.297999858856201,
    "model_name": "squeezenetv1",
    "recv_time": 19393133,
    "tag": "454",
    "total_cost_by_ms": 13.541999816894531,
    "wait_cost": 5.210999488830566
}
