{
    "child_model_execute_cost_by_ms": [
        19.427000045776367,
        17.687000274658203,
        20.628000259399414
    ],
    "child_model_run_time": [
        [
            19971476,
            19990903
        ],
        [
            19990951,
            20008638
        ],
        [
            20008725,
            20029353
        ]
    ],
    "execute_cost": 57.74199676513672,
    "finish_time": 20029361,
    "limit_cost_by_ms": 47.01599884033203,
    "model_name": "vgg19",
    "recv_time": 19966498,
    "tag": "478",
    "total_cost_by_ms": 62.862998962402344,
    "wait_cost": 5.121002197265625
}
