{
    "child_model_execute_cost_by_ms": [
        14.824999809265137,
        8.809000015258789
    ],
    "child_model_run_time": [
        [
            9815021,
            9829846
        ],
        [
            9829924,
            9838733
        ]
    ],
    "execute_cost": 23.63399887084961,
    "finish_time": 9838740,
    "limit_cost_by_ms": 19.020000457763672,
    "model_name": "resnet50",
    "recv_time": 9809192,
    "tag": "50",
    "total_cost_by_ms": 29.54800033569336,
    "wait_cost": 5.91400146484375
}
