{
    "child_model_execute_cost_by_ms": [
        19.09000015258789,
        17.68199920654297,
        20.173999786376953
    ],
    "child_model_run_time": [
        [
            20631310,
            20650400
        ],
        [
            20650433,
            20668115
        ],
        [
            20668144,
            20688318
        ]
    ],
    "execute_cost": 56.94599914550781,
    "finish_time": 20688326,
    "limit_cost_by_ms": 47.01599884033203,
    "model_name": "vgg19",
    "recv_time": 20626473,
    "tag": "506",
    "total_cost_by_ms": 61.85300064086914,
    "wait_cost": 4.907001495361328
}
