{
    "child_model_execute_cost_by_ms": [
        18.430999755859375,
        19.486000061035156,
        20.917999267578125
    ],
    "child_model_run_time": [
        [
            20797823,
            20816254
        ],
        [
            20851395,
            20870881
        ],
        [
            20886510,
            20907428
        ]
    ],
    "execute_cost": 58.834999084472656,
    "finish_time": 20907435,
    "limit_cost_by_ms": 47.01599884033203,
    "model_name": "vgg19",
    "recv_time": 20797740,
    "tag": "512",
    "total_cost_by_ms": 109.69499969482422,
    "wait_cost": 50.86000061035156
}
