{
    "child_model_execute_cost_by_ms": [
        3.242000102996826,
        4.538000106811523
    ],
    "child_model_run_time": [
        [
            20998489,
            21001731
        ],
        [
            21001748,
            21006286
        ]
    ],
    "execute_cost": 7.78000020980835,
    "finish_time": 21006297,
    "limit_cost_by_ms": 6.144000053405762,
    "model_name": "yolov2",
    "recv_time": 20993802,
    "tag": "522",
    "total_cost_by_ms": 12.494999885559082,
    "wait_cost": 4.714999675750732
}
