{
    "child_model_execute_cost_by_ms": [
        19.45400047302246,
        17.959999084472656,
        20.642000198364258
    ],
    "child_model_run_time": [
        [
            21016135,
            21035589
        ],
        [
            21035623,
            21053583
        ],
        [
            21053613,
            21074255
        ]
    ],
    "execute_cost": 58.055999755859375,
    "finish_time": 21074263,
    "limit_cost_by_ms": 47.01599884033203,
    "model_name": "vgg19",
    "recv_time": 20993656,
    "tag": "521",
    "total_cost_by_ms": 80.60700225830078,
    "wait_cost": 22.551002502441406
}
