{
    "child_model_execute_cost_by_ms": [
        7.796000003814697
    ],
    "child_model_run_time": [
        [
            21103091,
            21110887
        ]
    ],
    "execute_cost": 7.796000003814697,
    "finish_time": 21110898,
    "limit_cost_by_ms": 7.297999858856201,
    "model_name": "squeezenetv1",
    "recv_time": 21088244,
    "tag": "525",
    "total_cost_by_ms": 22.65399932861328,
    "wait_cost": 14.857999801635742
}
