{
    "child_model_execute_cost_by_ms": [
        8.095999717712402
    ],
    "child_model_run_time": [
        [
            21337687,
            21345783
        ]
    ],
    "execute_cost": 8.095999717712402,
    "finish_time": 21345791,
    "limit_cost_by_ms": 7.297999858856201,
    "model_name": "squeezenetv1",
    "recv_time": 21329332,
    "tag": "535",
    "total_cost_by_ms": 16.458999633789063,
    "wait_cost": 8.36299991607666
}
