{
    "child_model_execute_cost_by_ms": [
        18.31800079345703,
        17.363000869750977,
        20.503999710083008
    ],
    "child_model_run_time": [
        [
            21366435,
            21384753
        ],
        [
            21384770,
            21402133
        ],
        [
            21409171,
            21429675
        ]
    ],
    "execute_cost": 56.18499755859375,
    "finish_time": 21429685,
    "limit_cost_by_ms": 47.01599884033203,
    "model_name": "vgg19",
    "recv_time": 21366348,
    "tag": "536",
    "total_cost_by_ms": 63.33700180053711,
    "wait_cost": 7.152004241943359
}
