{
    "child_model_execute_cost_by_ms": [
        10.38599967956543
    ],
    "child_model_run_time": [
        [
            21698196,
            21708582
        ]
    ],
    "execute_cost": 10.38599967956543,
    "finish_time": 21708591,
    "limit_cost_by_ms": 8.801666259765625,
    "model_name": "googlenet",
    "recv_time": 21698183,
    "tag": "548",
    "total_cost_by_ms": 10.407999992370605,
    "wait_cost": 0.02200031280517578
}
