{
    "child_model_execute_cost_by_ms": [
        7.9120001792907715
    ],
    "child_model_run_time": [
        [
            21717130,
            21725042
        ]
    ],
    "execute_cost": 7.9120001792907715,
    "finish_time": 21725047,
    "limit_cost_by_ms": 7.297999858856201,
    "model_name": "squeezenetv1",
    "recv_time": 21717117,
    "tag": "550",
    "total_cost_by_ms": 7.929999828338623,
    "wait_cost": 0.017999649047851563
}
