{
    "child_model_execute_cost_by_ms": [
        8.359000205993652
    ],
    "child_model_run_time": [
        [
            22359189,
            22367548
        ]
    ],
    "execute_cost": 8.359000205993652,
    "finish_time": 22367553,
    "limit_cost_by_ms": 7.297999858856201,
    "model_name": "squeezenetv1",
    "recv_time": 22337318,
    "tag": "575",
    "total_cost_by_ms": 30.235000610351563,
    "wait_cost": 21.875999450683594
}
