{
    "child_model_execute_cost_by_ms": [
        18.76799964904785,
        17.583999633789063,
        19.857999801635742
    ],
    "child_model_run_time": [
        [
            22665073,
            22683841
        ],
        [
            22683874,
            22701458
        ],
        [
            22701486,
            22721344
        ]
    ],
    "execute_cost": 56.209999084472656,
    "finish_time": 22721354,
    "limit_cost_by_ms": 47.01599884033203,
    "model_name": "vgg19",
    "recv_time": 22665059,
    "tag": "590",
    "total_cost_by_ms": 56.29499816894531,
    "wait_cost": 0.08499908447265625
}
