{
    "child_model_execute_cost_by_ms": [
        7.748000144958496
    ],
    "child_model_run_time": [
        [
            23542963,
            23550711
        ]
    ],
    "execute_cost": 7.748000144958496,
    "finish_time": 23550720,
    "limit_cost_by_ms": 7.297999858856201,
    "model_name": "squeezenetv1",
    "recv_time": 23530564,
    "tag": "626",
    "total_cost_by_ms": 20.1560001373291,
    "wait_cost": 12.407999992370605
}
