{
    "child_model_execute_cost_by_ms": [
        17.63599967956543,
        17.06100082397461,
        20.71500015258789
    ],
    "child_model_run_time": [
        [
            10115130,
            10132766
        ],
        [
            10132788,
            10149849
        ],
        [
            10159831,
            10180546
        ]
    ],
    "execute_cost": 55.4119987487793,
    "finish_time": 10180555,
    "limit_cost_by_ms": 47.01599884033203,
    "model_name": "vgg19",
    "recv_time": 10115121,
    "tag": "63",
    "total_cost_by_ms": 65.43399810791016,
    "wait_cost": 10.02199935913086
}
