{
    "child_model_execute_cost_by_ms": [
        19.37299919128418,
        18.722000122070313,
        20.691999435424805
    ],
    "child_model_run_time": [
        [
            24047414,
            24066787
        ],
        [
            24083506,
            24102228
        ],
        [
            24102256,
            24122948
        ]
    ],
    "execute_cost": 58.78700256347656,
    "finish_time": 24122956,
    "limit_cost_by_ms": 47.01599884033203,
    "model_name": "vgg19",
    "recv_time": 24047322,
    "tag": "646",
    "total_cost_by_ms": 75.63400268554688,
    "wait_cost": 16.847000122070313
}
