{
    "child_model_execute_cost_by_ms": [
        18.47800064086914,
        18.606000900268555,
        20.709999084472656
    ],
    "child_model_run_time": [
        [
            24411183,
            24429661
        ],
        [
            24437565,
            24456171
        ],
        [
            24456187,
            24476897
        ]
    ],
    "execute_cost": 57.79399871826172,
    "finish_time": 24476901,
    "limit_cost_by_ms": 47.01599884033203,
    "model_name": "vgg19",
    "recv_time": 24410452,
    "tag": "661",
    "total_cost_by_ms": 66.4489974975586,
    "wait_cost": 8.654998779296875
}
