{
    "child_model_execute_cost_by_ms": [
        9.59000015258789
    ],
    "child_model_run_time": [
        [
            24780250,
            24789840
        ]
    ],
    "execute_cost": 9.59000015258789,
    "finish_time": 24789851,
    "limit_cost_by_ms": 8.801666259765625,
    "model_name": "googlenet",
    "recv_time": 24769831,
    "tag": "676",
    "total_cost_by_ms": 20.020000457763672,
    "wait_cost": 10.430000305175781
}
