{
    "child_model_execute_cost_by_ms": [
        18.023000717163086,
        17.28700065612793,
        20.481000900268555
    ],
    "child_model_run_time": [
        [
            24875949,
            24893972
        ],
        [
            24893994,
            24911281
        ],
        [
            24911309,
            24931790
        ]
    ],
    "execute_cost": 55.79100036621094,
    "finish_time": 24931798,
    "limit_cost_by_ms": 47.01599884033203,
    "model_name": "vgg19",
    "recv_time": 24875863,
    "tag": "680",
    "total_cost_by_ms": 55.935001373291016,
    "wait_cost": 0.14400100708007813
}
