{
    "child_model_execute_cost_by_ms": [
        8.324999809265137
    ],
    "child_model_run_time": [
        [
            24966944,
            24975269
        ]
    ],
    "execute_cost": 8.324999809265137,
    "finish_time": 24975280,
    "limit_cost_by_ms": 7.297999858856201,
    "model_name": "squeezenetv1",
    "recv_time": 24953928,
    "tag": "684",
    "total_cost_by_ms": 21.351999282836914,
    "wait_cost": 13.026999473571777
}
