{
    "child_model_execute_cost_by_ms": [
        19.062000274658203,
        17.358999252319336,
        20.2549991607666
    ],
    "child_model_run_time": [
        [
            26099894,
            26118956
        ],
        [
            26118996,
            26136355
        ],
        [
            26136382,
            26156637
        ]
    ],
    "execute_cost": 56.675994873046875,
    "finish_time": 26156647,
    "limit_cost_by_ms": 47.01599884033203,
    "model_name": "vgg19",
    "recv_time": 26099791,
    "tag": "731",
    "total_cost_by_ms": 56.85599899291992,
    "wait_cost": 0.18000411987304688
}
