{
    "child_model_execute_cost_by_ms": [
        14.694999694824219,
        9.003000259399414
    ],
    "child_model_run_time": [
        [
            26285162,
            26299857
        ],
        [
            26299888,
            26308891
        ]
    ],
    "execute_cost": 23.697999954223633,
    "finish_time": 26308902,
    "limit_cost_by_ms": 19.020000457763672,
    "model_name": "resnet50",
    "recv_time": 26270827,
    "tag": "738",
    "total_cost_by_ms": 38.07500076293945,
    "wait_cost": 14.37700080871582
}
