{
    "child_model_execute_cost_by_ms": [
        8.322999954223633
    ],
    "child_model_run_time": [
        [
            26525023,
            26533346
        ]
    ],
    "execute_cost": 8.322999954223633,
    "finish_time": 26533361,
    "limit_cost_by_ms": 7.297999858856201,
    "model_name": "squeezenetv1",
    "recv_time": 26517591,
    "tag": "748",
    "total_cost_by_ms": 15.770000457763672,
    "wait_cost": 7.447000503540039
}
