{
    "child_model_execute_cost_by_ms": [
        10.12600040435791
    ],
    "child_model_run_time": [
        [
            26665007,
            26675133
        ]
    ],
    "execute_cost": 10.12600040435791,
    "finish_time": 26675140,
    "limit_cost_by_ms": 8.801666259765625,
    "model_name": "googlenet",
    "recv_time": 26636244,
    "tag": "754",
    "total_cost_by_ms": 38.895999908447266,
    "wait_cost": 28.770000457763672
}
