{
    "child_model_execute_cost_by_ms": [
        7.859000205993652
    ],
    "child_model_run_time": [
        [
            10456493,
            10464352
        ]
    ],
    "execute_cost": 7.859000205993652,
    "finish_time": 10464359,
    "limit_cost_by_ms": 7.297999858856201,
    "model_name": "squeezenetv1",
    "recv_time": 10441521,
    "tag": "77",
    "total_cost_by_ms": 22.83799934387207,
    "wait_cost": 14.978999137878418
}
