{
    "child_model_execute_cost_by_ms": [
        18.937999725341797,
        17.95800018310547,
        20.583999633789063
    ],
    "child_model_run_time": [
        [
            27036128,
            27055066
        ],
        [
            27055119,
            27073077
        ],
        [
            27073123,
            27093707
        ]
    ],
    "execute_cost": 57.47999954223633,
    "finish_time": 27093717,
    "limit_cost_by_ms": 47.01599884033203,
    "model_name": "vgg19",
    "recv_time": 27030868,
    "tag": "770",
    "total_cost_by_ms": 62.8489990234375,
    "wait_cost": 5.368999481201172
}
