{
    "child_model_execute_cost_by_ms": [
        9.958999633789063
    ],
    "child_model_run_time": [
        [
            10500013,
            10509972
        ]
    ],
    "execute_cost": 9.958999633789063,
    "finish_time": 10509991,
    "limit_cost_by_ms": 8.801666259765625,
    "model_name": "googlenet",
    "recv_time": 10490241,
    "tag": "79",
    "total_cost_by_ms": 19.75,
    "wait_cost": 9.791000366210938
}
