{
    "child_model_execute_cost_by_ms": [
        8.246999740600586
    ],
    "child_model_run_time": [
        [
            27156747,
            27164994
        ]
    ],
    "execute_cost": 8.246999740600586,
    "finish_time": 27165010,
    "limit_cost_by_ms": 7.297999858856201,
    "model_name": "squeezenetv1",
    "recv_time": 27141166,
    "tag": "775",
    "total_cost_by_ms": 23.8439998626709,
    "wait_cost": 15.597000122070313
}
