{
    "child_model_execute_cost_by_ms": [
        3.2860000133514404,
        4.71999979019165
    ],
    "child_model_run_time": [
        [
            27652539,
            27655825
        ],
        [
            27655917,
            27660637
        ]
    ],
    "execute_cost": 8.005999565124512,
    "finish_time": 27660646,
    "limit_cost_by_ms": 6.144000053405762,
    "model_name": "yolov2",
    "recv_time": 27652525,
    "tag": "793",
    "total_cost_by_ms": 8.121000289916992,
    "wait_cost": 0.11500072479248047
}
