{
    "child_model_execute_cost_by_ms": [
        19.41699981689453,
        18.090999603271484,
        20.54599952697754
    ],
    "child_model_run_time": [
        [
            27790092,
            27809509
        ],
        [
            27809602,
            27827693
        ],
        [
            27851828,
            27872374
        ]
    ],
    "execute_cost": 58.05400085449219,
    "finish_time": 27872382,
    "limit_cost_by_ms": 47.01599884033203,
    "model_name": "vgg19",
    "recv_time": 27783141,
    "tag": "801",
    "total_cost_by_ms": 89.24099731445313,
    "wait_cost": 31.186996459960938
}
