{
    "child_model_execute_cost_by_ms": [
        19.371999740600586,
        17.983999252319336,
        20.4060001373291
    ],
    "child_model_run_time": [
        [
            28069465,
            28088837
        ],
        [
            28088888,
            28106872
        ],
        [
            28106960,
            28127366
        ]
    ],
    "execute_cost": 57.762001037597656,
    "finish_time": 28127374,
    "limit_cost_by_ms": 47.01599884033203,
    "model_name": "vgg19",
    "recv_time": 28069334,
    "tag": "812",
    "total_cost_by_ms": 58.040000915527344,
    "wait_cost": 0.2779998779296875
}
