{
    "child_model_execute_cost_by_ms": [
        10.008000373840332
    ],
    "child_model_run_time": [
        [
            28646402,
            28656410
        ]
    ],
    "execute_cost": 10.008000373840332,
    "finish_time": 28656420,
    "limit_cost_by_ms": 8.801666259765625,
    "model_name": "googlenet",
    "recv_time": 28633011,
    "tag": "837",
    "total_cost_by_ms": 23.409000396728516,
    "wait_cost": 13.401000022888184
}
