{
    "child_model_execute_cost_by_ms": [
        19.240999221801758,
        18.209999084472656,
        20.5049991607666
    ],
    "child_model_run_time": [
        [
            28656597,
            28675838
        ],
        [
            28675887,
            28694097
        ],
        [
            28694116,
            28714621
        ]
    ],
    "execute_cost": 57.95599365234375,
    "finish_time": 28714629,
    "limit_cost_by_ms": 47.01599884033203,
    "model_name": "vgg19",
    "recv_time": 28613172,
    "tag": "835",
    "total_cost_by_ms": 101.45700073242188,
    "wait_cost": 43.501007080078125
}
