{
    "child_model_execute_cost_by_ms": [
        17.861000061035156,
        17.32900047302246,
        20.55299949645996
    ],
    "child_model_run_time": [
        [
            29070811,
            29088672
        ],
        [
            29088767,
            29106096
        ],
        [
            29137459,
            29158012
        ]
    ],
    "execute_cost": 55.743003845214844,
    "finish_time": 29158021,
    "limit_cost_by_ms": 47.01599884033203,
    "model_name": "vgg19",
    "recv_time": 29070692,
    "tag": "853",
    "total_cost_by_ms": 87.3290023803711,
    "wait_cost": 31.58599853515625
}
