{
    "child_model_execute_cost_by_ms": [
        8.347999572753906
    ],
    "child_model_run_time": [
        [
            29297208,
            29305556
        ]
    ],
    "execute_cost": 8.347999572753906,
    "finish_time": 29305569,
    "limit_cost_by_ms": 7.297999858856201,
    "model_name": "squeezenetv1",
    "recv_time": 29289266,
    "tag": "863",
    "total_cost_by_ms": 16.30299949645996,
    "wait_cost": 7.954999923706055
}
