{
    "child_model_execute_cost_by_ms": [
        8.28499984741211
    ],
    "child_model_run_time": [
        [
            29807573,
            29815858
        ]
    ],
    "execute_cost": 8.28499984741211,
    "finish_time": 29815868,
    "limit_cost_by_ms": 7.297999858856201,
    "model_name": "squeezenetv1",
    "recv_time": 29807453,
    "tag": "883",
    "total_cost_by_ms": 8.414999961853027,
    "wait_cost": 0.13000011444091797
}
