{
    "child_model_execute_cost_by_ms": [
        17.517000198364258,
        17.43199920654297,
        19.767000198364258
    ],
    "child_model_run_time": [
        [
            10841283,
            10858800
        ],
        [
            10868798,
            10886230
        ],
        [
            10886341,
            10906108
        ]
    ],
    "execute_cost": 54.71599578857422,
    "finish_time": 10906117,
    "limit_cost_by_ms": 47.01599884033203,
    "model_name": "vgg19",
    "recv_time": 10841110,
    "tag": "94",
    "total_cost_by_ms": 65.00700378417969,
    "wait_cost": 10.291007995605469
}
