{
    "child_model_execute_cost_by_ms": [
        19.027999877929688,
        17.878000259399414,
        21.125999450683594
    ],
    "child_model_run_time": [
        [
            31198939,
            31217967
        ],
        [
            31218084,
            31235962
        ],
        [
            31270595,
            31291721
        ]
    ],
    "execute_cost": 58.03199768066406,
    "finish_time": 31291732,
    "limit_cost_by_ms": 47.01599884033203,
    "model_name": "vgg19",
    "recv_time": 31194292,
    "tag": "942",
    "total_cost_by_ms": 97.44000244140625,
    "wait_cost": 39.40800476074219
}
