{
    "child_model_execute_cost_by_ms": [
        15.065999984741211,
        9.604000091552734
    ],
    "child_model_run_time": [
        [
            31395696,
            31410762
        ],
        [
            31419399,
            31429003
        ]
    ],
    "execute_cost": 24.670000076293945,
    "finish_time": 31429015,
    "limit_cost_by_ms": 19.020000457763672,
    "model_name": "resnet50",
    "recv_time": 31380782,
    "tag": "950",
    "total_cost_by_ms": 48.233001708984375,
    "wait_cost": 23.56300163269043
}
