{
    "child_model_execute_cost_by_ms": [
        17.940000534057617,
        18.558000564575195,
        20.527999877929688
    ],
    "child_model_run_time": [
        [
            31377704,
            31395644
        ],
        [
            31429143,
            31447701
        ],
        [
            31447750,
            31468278
        ]
    ],
    "execute_cost": 57.0260009765625,
    "finish_time": 31468286,
    "limit_cost_by_ms": 47.01599884033203,
    "model_name": "vgg19",
    "recv_time": 31377628,
    "tag": "949",
    "total_cost_by_ms": 90.65799713134766,
    "wait_cost": 33.631996154785156
}
