{
    "child_model_execute_cost_by_ms": [
        19.009000778198242,
        19.05699920654297,
        20.791000366210938
    ],
    "child_model_run_time": [
        [
            32227456,
            32246465
        ],
        [
            32256304,
            32275361
        ],
        [
            32275409,
            32296200
        ]
    ],
    "execute_cost": 58.85700225830078,
    "finish_time": 32296209,
    "limit_cost_by_ms": 47.01599884033203,
    "model_name": "vgg19",
    "recv_time": 32227357,
    "tag": "984",
    "total_cost_by_ms": 68.85199737548828,
    "wait_cost": 9.9949951171875
}
