{
    "child_model_execute_cost_by_ms": [
        8.317000389099121
    ],
    "child_model_run_time": [
        [
            32544505,
            32552822
        ]
    ],
    "execute_cost": 8.317000389099121,
    "finish_time": 32552834,
    "limit_cost_by_ms": 7.297999858856201,
    "model_name": "squeezenetv1",
    "recv_time": 32530115,
    "tag": "998",
    "total_cost_by_ms": 22.7189998626709,
    "wait_cost": 14.401999473571777
}
