name,min,avg,max
resnet50,1.0,1.4525258367543559,3.96337131887636
vgg19,1.0,1.0643948484061472,1.513277805376006
yolov2,1.0184316644546614,2.748163611422694,11.613096870414008
googlenet,1.0279783546923809,2.3797127270301415,7.37883527364018
squeezenetv1,1.080859771074238,2.826156133392663,9.569321272419128
total,1.0,2.0923786132942896,11.613096870414008
