name,Std. Deviation of RR
resnet50,0.7104990592146716
vgg19,0.1228419552228816
yolov2,2.3472651011700845
googlenet,1.6661271832768454
squeezenetv1,2.1830824080411717
total,1.771543615984494
