{
    "child_model_execute_cost_by_ms": [
        20.7810001373291,
        17.28499984741211,
        19.583999633789063
    ],
    "child_model_run_time": [
        [
            8778541,
            8799322
        ],
        [
            8799417,
            8816702
        ],
        [
            8816798,
            8836382
        ]
    ],
    "execute_cost": 57.650001525878906,
    "finish_time": 8836391,
    "limit_cost_by_ms": 47.3489990234375,
    "model_name": "vgg19",
    "recv_time": 8778345,
    "tag": "11",
    "total_cost_by_ms": 58.04600143432617,
    "wait_cost": 0.3959999084472656
}
