{
    "child_model_execute_cost_by_ms": [
        9.78600025177002
    ],
    "child_model_run_time": [
        [
            11142432,
            11152218
        ]
    ],
    "execute_cost": 9.78600025177002,
    "finish_time": 11152233,
    "limit_cost_by_ms": 9.13700008392334,
    "model_name": "googlenet",
    "recv_time": 11137151,
    "tag": "126",
    "total_cost_by_ms": 15.081999778747559,
    "wait_cost": 5.295999526977539
}
