{
    "child_model_execute_cost_by_ms": [
        2.694999933242798,
        4.132999897003174
    ],
    "child_model_run_time": [
        [
            11892561,
            11895256
        ],
        [
            11895353,
            11899486
        ]
    ],
    "execute_cost": 6.828000068664551,
    "finish_time": 11899492,
    "limit_cost_by_ms": 6.240333557128906,
    "model_name": "yolov2",
    "recv_time": 11882280,
    "tag": "162",
    "total_cost_by_ms": 17.211999893188477,
    "wait_cost": 10.383999824523926
}
