{
    "child_model_execute_cost_by_ms": [
        19.371999740600586,
        19.010000228881836,
        20.253999710083008
    ],
    "child_model_run_time": [
        [
            12326971,
            12346343
        ],
        [
            12370698,
            12389708
        ],
        [
            12389761,
            12410015
        ]
    ],
    "execute_cost": 58.63600158691406,
    "finish_time": 12410024,
    "limit_cost_by_ms": 47.3489990234375,
    "model_name": "vgg19",
    "recv_time": 12326860,
    "tag": "185",
    "total_cost_by_ms": 83.16400146484375,
    "wait_cost": 24.527999877929688
}
