{
    "child_model_execute_cost_by_ms": [
        19.283000946044922,
        17.26099967956543,
        19.815000534057617
    ],
    "child_model_run_time": [
        [
            12461334,
            12480617
        ],
        [
            12480713,
            12497974
        ],
        [
            12497994,
            12517809
        ]
    ],
    "execute_cost": 56.35900115966797,
    "finish_time": 12517818,
    "limit_cost_by_ms": 47.3489990234375,
    "model_name": "vgg19",
    "recv_time": 12461173,
    "tag": "191",
    "total_cost_by_ms": 56.64500045776367,
    "wait_cost": 0.2859992980957031
}
