{
    "child_model_execute_cost_by_ms": [
        10.73799991607666
    ],
    "child_model_run_time": [
        [
            12517928,
            12528666
        ]
    ],
    "execute_cost": 10.73799991607666,
    "finish_time": 12528679,
    "limit_cost_by_ms": 9.13700008392334,
    "model_name": "googlenet",
    "recv_time": 12510773,
    "tag": "192",
    "total_cost_by_ms": 17.9060001373291,
    "wait_cost": 7.168000221252441
}
