{
    "child_model_execute_cost_by_ms": [
        18.812999725341797,
        17.999000549316406,
        20.031999588012695
    ],
    "child_model_run_time": [
        [
            12610552,
            12629365
        ],
        [
            12637654,
            12655653
        ],
        [
            12655691,
            12675723
        ]
    ],
    "execute_cost": 56.84400177001953,
    "finish_time": 12675731,
    "limit_cost_by_ms": 47.3489990234375,
    "model_name": "vgg19",
    "recv_time": 12572358,
    "tag": "197",
    "total_cost_by_ms": 103.37300109863281,
    "wait_cost": 46.52899932861328
}
