{
    "child_model_execute_cost_by_ms": [
        9.670999526977539
    ],
    "child_model_run_time": [
        [
            12716432,
            12726103
        ]
    ],
    "execute_cost": 9.670999526977539,
    "finish_time": 12726110,
    "limit_cost_by_ms": 9.13700008392334,
    "model_name": "googlenet",
    "recv_time": 12711958,
    "tag": "204",
    "total_cost_by_ms": 14.152000427246094,
    "wait_cost": 4.481000900268555
}
