{
    "child_model_execute_cost_by_ms": [
        19.222999572753906,
        17.299999237060547,
        19.756999969482422
    ],
    "child_model_run_time": [
        [
            12858503,
            12877726
        ],
        [
            12877779,
            12895079
        ],
        [
            12895124,
            12914881
        ]
    ],
    "execute_cost": 56.279998779296875,
    "finish_time": 12914890,
    "limit_cost_by_ms": 47.3489990234375,
    "model_name": "vgg19",
    "recv_time": 12858349,
    "tag": "211",
    "total_cost_by_ms": 56.54100036621094,
    "wait_cost": 0.2610015869140625
}
