{
    "child_model_execute_cost_by_ms": [
        10.574999809265137
    ],
    "child_model_run_time": [
        [
            13454041,
            13464616
        ]
    ],
    "execute_cost": 10.574999809265137,
    "finish_time": 13464629,
    "limit_cost_by_ms": 9.13700008392334,
    "model_name": "googlenet",
    "recv_time": 13446226,
    "tag": "239",
    "total_cost_by_ms": 18.402999877929688,
    "wait_cost": 7.828000068664551
}
