{
    "child_model_execute_cost_by_ms": [
        14.857000350952148,
        8.73799991607666
    ],
    "child_model_run_time": [
        [
            9147635,
            9162492
        ],
        [
            9162542,
            9171280
        ]
    ],
    "execute_cost": 23.595001220703125,
    "finish_time": 9171291,
    "limit_cost_by_ms": 19.242000579833984,
    "model_name": "resnet50",
    "recv_time": 9147491,
    "tag": "29",
    "total_cost_by_ms": 23.799999237060547,
    "wait_cost": 0.20499801635742188
}
