{
    "child_model_execute_cost_by_ms": [
        9.758000373840332
    ],
    "child_model_run_time": [
        [
            14396387,
            14406145
        ]
    ],
    "execute_cost": 9.758000373840332,
    "finish_time": 14406156,
    "limit_cost_by_ms": 9.13700008392334,
    "model_name": "googlenet",
    "recv_time": 14378410,
    "tag": "285",
    "total_cost_by_ms": 27.746000289916992,
    "wait_cost": 17.987998962402344
}
