{
    "child_model_execute_cost_by_ms": [
        19.229000091552734,
        17.6560001373291,
        20.384000778198242
    ],
    "child_model_run_time": [
        [
            14554095,
            14573324
        ],
        [
            14580682,
            14598338
        ],
        [
            14642280,
            14662664
        ]
    ],
    "execute_cost": 57.269004821777344,
    "finish_time": 14662673,
    "limit_cost_by_ms": 47.3489990234375,
    "model_name": "vgg19",
    "recv_time": 14554084,
    "tag": "294",
    "total_cost_by_ms": 108.58899688720703,
    "wait_cost": 51.31999206542969
}
