{
    "child_model_execute_cost_by_ms": [
        18.718000411987305,
        17.83799934387207,
        19.750999450683594
    ],
    "child_model_run_time": [
        [
            14695182,
            14713900
        ],
        [
            14713944,
            14731782
        ],
        [
            14749269,
            14769020
        ]
    ],
    "execute_cost": 56.30699920654297,
    "finish_time": 14769026,
    "limit_cost_by_ms": 47.3489990234375,
    "model_name": "vgg19",
    "recv_time": 14695172,
    "tag": "301",
    "total_cost_by_ms": 73.85399627685547,
    "wait_cost": 17.5469970703125
}
