{
    "child_model_execute_cost_by_ms": [
        7.7210001945495605
    ],
    "child_model_run_time": [
        [
            14801887,
            14809608
        ]
    ],
    "execute_cost": 7.7210001945495605,
    "finish_time": 14809616,
    "limit_cost_by_ms": 7.394000053405762,
    "model_name": "squeezenetv1",
    "recv_time": 14801869,
    "tag": "306",
    "total_cost_by_ms": 7.747000217437744,
    "wait_cost": 0.026000022888183594
}
