{
    "child_model_execute_cost_by_ms": [
        18.753000259399414,
        17.66900062561035,
        20.072999954223633
    ],
    "child_model_run_time": [
        [
            14844859,
            14863612
        ],
        [
            14863704,
            14881373
        ],
        [
            14881394,
            14901467
        ]
    ],
    "execute_cost": 56.49500274658203,
    "finish_time": 14901474,
    "limit_cost_by_ms": 47.3489990234375,
    "model_name": "vgg19",
    "recv_time": 14818988,
    "tag": "309",
    "total_cost_by_ms": 82.48600006103516,
    "wait_cost": 25.990997314453125
}
