{
    "child_model_execute_cost_by_ms": [
        7.994999885559082
    ],
    "child_model_run_time": [
        [
            15889246,
            15897241
        ]
    ],
    "execute_cost": 7.994999885559082,
    "finish_time": 15897248,
    "limit_cost_by_ms": 7.394000053405762,
    "model_name": "squeezenetv1",
    "recv_time": 15879413,
    "tag": "359",
    "total_cost_by_ms": 17.834999084472656,
    "wait_cost": 9.839999198913574
}
