{
    "child_model_execute_cost_by_ms": [
        18.93899917602539,
        17.67099952697754,
        19.899999618530273
    ],
    "child_model_run_time": [
        [
            15897293,
            15916232
        ],
        [
            15916281,
            15933952
        ],
        [
            15934043,
            15953943
        ]
    ],
    "execute_cost": 56.51000213623047,
    "finish_time": 15953949,
    "limit_cost_by_ms": 47.3489990234375,
    "model_name": "vgg19",
    "recv_time": 15895965,
    "tag": "360",
    "total_cost_by_ms": 57.98400115966797,
    "wait_cost": 1.4739990234375
}
