{
    "child_model_execute_cost_by_ms": [
        3.075000047683716,
        4.329999923706055
    ],
    "child_model_run_time": [
        [
            15978513,
            15981588
        ],
        [
            15981670,
            15986000
        ]
    ],
    "execute_cost": 7.404999732971191,
    "finish_time": 15986003,
    "limit_cost_by_ms": 6.240333557128906,
    "model_name": "yolov2",
    "recv_time": 15975834,
    "tag": "362",
    "total_cost_by_ms": 10.168999671936035,
    "wait_cost": 2.7639999389648438
}
