{
    "child_model_execute_cost_by_ms": [
        7.709000110626221
    ],
    "child_model_run_time": [
        [
            16215888,
            16223597
        ]
    ],
    "execute_cost": 7.709000110626221,
    "finish_time": 16223607,
    "limit_cost_by_ms": 7.394000053405762,
    "model_name": "squeezenetv1",
    "recv_time": 16212829,
    "tag": "375",
    "total_cost_by_ms": 10.777999877929688,
    "wait_cost": 3.068999767303467
}
