{
    "child_model_execute_cost_by_ms": [
        21.27899932861328,
        20.510000228881836,
        24.297000885009766
    ],
    "child_model_run_time": [
        [
            8626168,
            8647447
        ],
        [
            8647497,
            8668007
        ],
        [
            8668052,
            8692349
        ]
    ],
    "execute_cost": 66.08599853515625,
    "finish_time": 8692361,
    "limit_cost_by_ms": 47.3489990234375,
    "model_name": "vgg19",
    "recv_time": 8626057,
    "tag": "5",
    "total_cost_by_ms": 66.30400085449219,
    "wait_cost": 0.2180023193359375
}
