{
    "child_model_execute_cost_by_ms": [
        19.23699951171875,
        19.072999954223633,
        20.93899917602539
    ],
    "child_model_run_time": [
        [
            17078341,
            17097578
        ],
        [
            17104749,
            17123822
        ],
        [
            17148094,
            17169033
        ]
    ],
    "execute_cost": 59.24899673461914,
    "finish_time": 17169041,
    "limit_cost_by_ms": 47.3489990234375,
    "model_name": "vgg19",
    "recv_time": 17078243,
    "tag": "417",
    "total_cost_by_ms": 90.7979965209961,
    "wait_cost": 31.548999786376953
}
