{
    "child_model_execute_cost_by_ms": [
        10.437000274658203
    ],
    "child_model_run_time": [
        [
            17177774,
            17188211
        ]
    ],
    "execute_cost": 10.437000274658203,
    "finish_time": 17188220,
    "limit_cost_by_ms": 9.13700008392334,
    "model_name": "googlenet",
    "recv_time": 17177763,
    "tag": "421",
    "total_cost_by_ms": 10.456999778747559,
    "wait_cost": 0.01999950408935547
}
