{
    "child_model_execute_cost_by_ms": [
        14.79800033569336,
        9.119999885559082
    ],
    "child_model_run_time": [
        [
            17330300,
            17345098
        ],
        [
            17352985,
            17362105
        ]
    ],
    "execute_cost": 23.917999267578125,
    "finish_time": 17362112,
    "limit_cost_by_ms": 19.242000579833984,
    "model_name": "resnet50",
    "recv_time": 17330153,
    "tag": "429",
    "total_cost_by_ms": 31.958999633789063,
    "wait_cost": 8.041000366210938
}
