{
    "child_model_execute_cost_by_ms": [
        15.189000129699707,
        9.61299991607666
    ],
    "child_model_run_time": [
        [
            18234252,
            18249441
        ],
        [
            18259939,
            18269552
        ]
    ],
    "execute_cost": 24.802000045776367,
    "finish_time": 18269560,
    "limit_cost_by_ms": 19.242000579833984,
    "model_name": "resnet50",
    "recv_time": 18234094,
    "tag": "472",
    "total_cost_by_ms": 35.465999603271484,
    "wait_cost": 10.663999557495117
}
