{
    "child_model_execute_cost_by_ms": [
        9.96399974822998
    ],
    "child_model_run_time": [
        [
            18662743,
            18672707
        ]
    ],
    "execute_cost": 9.96399974822998,
    "finish_time": 18672716,
    "limit_cost_by_ms": 9.13700008392334,
    "model_name": "googlenet",
    "recv_time": 18662726,
    "tag": "493",
    "total_cost_by_ms": 9.989999771118164,
    "wait_cost": 0.026000022888183594
}
