{
    "child_model_execute_cost_by_ms": [
        3.130000114440918,
        4.326000213623047
    ],
    "child_model_run_time": [
        [
            18681413,
            18684543
        ],
        [
            18684579,
            18688905
        ]
    ],
    "execute_cost": 7.456000328063965,
    "finish_time": 18688912,
    "limit_cost_by_ms": 6.240333557128906,
    "model_name": "yolov2",
    "recv_time": 18673324,
    "tag": "496",
    "total_cost_by_ms": 15.588000297546387,
    "wait_cost": 8.131999969482422
}
