{
    "child_model_execute_cost_by_ms": [
        8.394000053405762
    ],
    "child_model_run_time": [
        [
            19643355,
            19651749
        ]
    ],
    "execute_cost": 8.394000053405762,
    "finish_time": 19651759,
    "limit_cost_by_ms": 7.394000053405762,
    "model_name": "squeezenetv1",
    "recv_time": 19637671,
    "tag": "541",
    "total_cost_by_ms": 14.088000297546387,
    "wait_cost": 5.694000244140625
}
