{
    "child_model_execute_cost_by_ms": [
        10.317000389099121
    ],
    "child_model_run_time": [
        [
            19848236,
            19858553
        ]
    ],
    "execute_cost": 10.317000389099121,
    "finish_time": 19858561,
    "limit_cost_by_ms": 9.13700008392334,
    "model_name": "googlenet",
    "recv_time": 19843927,
    "tag": "550",
    "total_cost_by_ms": 14.633999824523926,
    "wait_cost": 4.316999435424805
}
