{
    "child_model_execute_cost_by_ms": [
        14.91100025177002,
        9.430000305175781
    ],
    "child_model_run_time": [
        [
            20041520,
            20056431
        ],
        [
            20064826,
            20074256
        ]
    ],
    "execute_cost": 24.340999603271484,
    "finish_time": 20074266,
    "limit_cost_by_ms": 19.242000579833984,
    "model_name": "resnet50",
    "recv_time": 20023331,
    "tag": "560",
    "total_cost_by_ms": 50.935001373291016,
    "wait_cost": 26.59400177001953
}
