{
    "child_model_execute_cost_by_ms": [
        18.874000549316406,
        17.964000701904297,
        20.607999801635742
    ],
    "child_model_run_time": [
        [
            20166502,
            20185376
        ],
        [
            20185431,
            20203395
        ],
        [
            20203415,
            20224023
        ]
    ],
    "execute_cost": 57.44599914550781,
    "finish_time": 20224035,
    "limit_cost_by_ms": 47.3489990234375,
    "model_name": "vgg19",
    "recv_time": 20158261,
    "tag": "567",
    "total_cost_by_ms": 65.77400207519531,
    "wait_cost": 8.3280029296875
}
