{
    "child_model_execute_cost_by_ms": [
        2.812999963760376,
        4.443999767303467
    ],
    "child_model_run_time": [
        [
            20382309,
            20385122
        ],
        [
            20385157,
            20389601
        ]
    ],
    "execute_cost": 7.256999969482422,
    "finish_time": 20389607,
    "limit_cost_by_ms": 6.240333557128906,
    "model_name": "yolov2",
    "recv_time": 20368632,
    "tag": "576",
    "total_cost_by_ms": 20.975000381469727,
    "wait_cost": 13.718000411987305
}
