{
    "child_model_execute_cost_by_ms": [
        2.9769999980926514,
        4.302999973297119
    ],
    "child_model_run_time": [
        [
            20668864,
            20671841
        ],
        [
            20671874,
            20676177
        ]
    ],
    "execute_cost": 7.279999732971191,
    "finish_time": 20676185,
    "limit_cost_by_ms": 6.240333557128906,
    "model_name": "yolov2",
    "recv_time": 20668784,
    "tag": "591",
    "total_cost_by_ms": 7.401000022888184,
    "wait_cost": 0.12100028991699219
}
