{
    "child_model_execute_cost_by_ms": [
        8.359999656677246
    ],
    "child_model_run_time": [
        [
            21285721,
            21294081
        ]
    ],
    "execute_cost": 8.359999656677246,
    "finish_time": 21294091,
    "limit_cost_by_ms": 7.394000053405762,
    "model_name": "squeezenetv1",
    "recv_time": 21285551,
    "tag": "620",
    "total_cost_by_ms": 8.539999961853027,
    "wait_cost": 0.18000030517578125
}
