{
    "child_model_execute_cost_by_ms": [
        2.9079999923706055,
        4.544000148773193
    ],
    "child_model_run_time": [
        [
            21505407,
            21508315
        ],
        [
            21508353,
            21512897
        ]
    ],
    "execute_cost": 7.452000141143799,
    "finish_time": 21512905,
    "limit_cost_by_ms": 6.240333557128906,
    "model_name": "yolov2",
    "recv_time": 21499181,
    "tag": "633",
    "total_cost_by_ms": 13.723999977111816,
    "wait_cost": 6.271999835968018
}
