{
    "child_model_execute_cost_by_ms": [
        10.456999778747559
    ],
    "child_model_run_time": [
        [
            22118252,
            22128709
        ]
    ],
    "execute_cost": 10.456999778747559,
    "finish_time": 22128720,
    "limit_cost_by_ms": 9.13700008392334,
    "model_name": "googlenet",
    "recv_time": 22094352,
    "tag": "661",
    "total_cost_by_ms": 34.36800003051758,
    "wait_cost": 23.910999298095703
}
