{
    "child_model_execute_cost_by_ms": [
        19.264999389648438,
        18.332000732421875,
        20.583999633789063
    ],
    "child_model_run_time": [
        [
            22245902,
            22265167
        ],
        [
            22265206,
            22283538
        ],
        [
            22291994,
            22312578
        ]
    ],
    "execute_cost": 58.180999755859375,
    "finish_time": 22312584,
    "limit_cost_by_ms": 47.3489990234375,
    "model_name": "vgg19",
    "recv_time": 22245737,
    "tag": "668",
    "total_cost_by_ms": 66.84700012207031,
    "wait_cost": 8.666000366210938
}
