{
    "child_model_execute_cost_by_ms": [
        8.074000358581543
    ],
    "child_model_run_time": [
        [
            22372164,
            22380238
        ]
    ],
    "execute_cost": 8.074000358581543,
    "finish_time": 22380253,
    "limit_cost_by_ms": 7.394000053405762,
    "model_name": "squeezenetv1",
    "recv_time": 22361262,
    "tag": "675",
    "total_cost_by_ms": 18.990999221801758,
    "wait_cost": 10.916998863220215
}
