{
    "child_model_execute_cost_by_ms": [
        10.449999809265137
    ],
    "child_model_run_time": [
        [
            22447675,
            22458125
        ]
    ],
    "execute_cost": 10.449999809265137,
    "finish_time": 22458134,
    "limit_cost_by_ms": 9.13700008392334,
    "model_name": "googlenet",
    "recv_time": 22441834,
    "tag": "676",
    "total_cost_by_ms": 16.299999237060547,
    "wait_cost": 5.84999942779541
}
