{
    "child_model_execute_cost_by_ms": [
        8.13700008392334
    ],
    "child_model_run_time": [
        [
            22490542,
            22498679
        ]
    ],
    "execute_cost": 8.13700008392334,
    "finish_time": 22498689,
    "limit_cost_by_ms": 7.394000053405762,
    "model_name": "squeezenetv1",
    "recv_time": 22490439,
    "tag": "679",
    "total_cost_by_ms": 8.25,
    "wait_cost": 0.11299991607666016
}
