{
    "child_model_execute_cost_by_ms": [
        9.859999656677246
    ],
    "child_model_run_time": [
        [
            22758284,
            22768144
        ]
    ],
    "execute_cost": 9.859999656677246,
    "finish_time": 22768161,
    "limit_cost_by_ms": 9.13700008392334,
    "model_name": "googlenet",
    "recv_time": 22749347,
    "tag": "692",
    "total_cost_by_ms": 18.81399917602539,
    "wait_cost": 8.953999519348145
}
