{
    "child_model_execute_cost_by_ms": [
        11.694000244140625
    ],
    "child_model_run_time": [
        [
            8730187,
            8741881
        ]
    ],
    "execute_cost": 11.694000244140625,
    "finish_time": 8741894,
    "limit_cost_by_ms": 9.13700008392334,
    "model_name": "googlenet",
    "recv_time": 8730030,
    "tag": "8",
    "total_cost_by_ms": 11.86400032043457,
    "wait_cost": 0.1700000762939453
}
