{
    "child_model_execute_cost_by_ms": [
        19.257999420166016,
        17.229999542236328,
        19.660999298095703
    ],
    "child_model_run_time": [
        [
            23039135,
            23058393
        ],
        [
            23058494,
            23075724
        ],
        [
            23075767,
            23095428
        ]
    ],
    "execute_cost": 56.14899826049805,
    "finish_time": 23095436,
    "limit_cost_by_ms": 47.3489990234375,
    "model_name": "vgg19",
    "recv_time": 23038960,
    "tag": "706",
    "total_cost_by_ms": 56.47600173950195,
    "wait_cost": 0.32700347900390625
}
