{
    "child_model_execute_cost_by_ms": [
        10.006999969482422
    ],
    "child_model_run_time": [
        [
            23285240,
            23295247
        ]
    ],
    "execute_cost": 10.006999969482422,
    "finish_time": 23295256,
    "limit_cost_by_ms": 9.13700008392334,
    "model_name": "googlenet",
    "recv_time": 23285071,
    "tag": "717",
    "total_cost_by_ms": 10.1850004196167,
    "wait_cost": 0.17800045013427734
}
