{
    "child_model_execute_cost_by_ms": [
        3.069999933242798,
        4.289999961853027
    ],
    "child_model_run_time": [
        [
            23438245,
            23441315
        ],
        [
            23441352,
            23445642
        ]
    ],
    "execute_cost": 7.359999656677246,
    "finish_time": 23445646,
    "limit_cost_by_ms": 6.240333557128906,
    "model_name": "yolov2",
    "recv_time": 23433280,
    "tag": "725",
    "total_cost_by_ms": 12.366000175476074,
    "wait_cost": 5.006000518798828
}
