{
    "child_model_execute_cost_by_ms": [
        19.757999420166016,
        19.660999298095703,
        21.290000915527344
    ],
    "child_model_run_time": [
        [
            24240567,
            24260325
        ],
        [
            24294173,
            24313834
        ],
        [
            24321534,
            24342824
        ]
    ],
    "execute_cost": 60.70899963378906,
    "finish_time": 24342832,
    "limit_cost_by_ms": 47.3489990234375,
    "model_name": "vgg19",
    "recv_time": 24240410,
    "tag": "764",
    "total_cost_by_ms": 102.4219970703125,
    "wait_cost": 41.71299743652344
}
