{
    "child_model_execute_cost_by_ms": [
        8.319000244140625
    ],
    "child_model_run_time": [
        [
            24379664,
            24387983
        ]
    ],
    "execute_cost": 8.319000244140625,
    "finish_time": 24387994,
    "limit_cost_by_ms": 7.394000053405762,
    "model_name": "squeezenetv1",
    "recv_time": 24379510,
    "tag": "770",
    "total_cost_by_ms": 8.484000205993652,
    "wait_cost": 0.16499996185302734
}
