{
    "child_model_execute_cost_by_ms": [
        9.717000007629395
    ],
    "child_model_run_time": [
        [
            25012484,
            25022201
        ]
    ],
    "execute_cost": 9.717000007629395,
    "finish_time": 25022211,
    "limit_cost_by_ms": 9.13700008392334,
    "model_name": "googlenet",
    "recv_time": 25012357,
    "tag": "800",
    "total_cost_by_ms": 9.854000091552734,
    "wait_cost": 0.13700008392333984
}
