{
    "child_model_execute_cost_by_ms": [
        7.704999923706055
    ],
    "child_model_run_time": [
        [
            25022233,
            25029938
        ]
    ],
    "execute_cost": 7.704999923706055,
    "finish_time": 25029943,
    "limit_cost_by_ms": 7.394000053405762,
    "model_name": "squeezenetv1",
    "recv_time": 25017717,
    "tag": "801",
    "total_cost_by_ms": 12.22599983215332,
    "wait_cost": 4.520999908447266
}
