{
    "child_model_execute_cost_by_ms": [
        15.093999862670898,
        8.67300033569336
    ],
    "child_model_run_time": [
        [
            25136593,
            25151687
        ],
        [
            25151781,
            25160454
        ]
    ],
    "execute_cost": 23.767000198364258,
    "finish_time": 25160463,
    "limit_cost_by_ms": 19.242000579833984,
    "model_name": "resnet50",
    "recv_time": 25136492,
    "tag": "807",
    "total_cost_by_ms": 23.97100067138672,
    "wait_cost": 0.20400047302246094
}
