{
    "child_model_execute_cost_by_ms": [
        8.02400016784668
    ],
    "child_model_run_time": [
        [
            25205128,
            25213152
        ]
    ],
    "execute_cost": 8.02400016784668,
    "finish_time": 25213158,
    "limit_cost_by_ms": 7.394000053405762,
    "model_name": "squeezenetv1",
    "recv_time": 25190910,
    "tag": "811",
    "total_cost_by_ms": 22.24799919128418,
    "wait_cost": 14.2239990234375
}
