{
    "child_model_execute_cost_by_ms": [
        18.690000534057617,
        17.820999145507813,
        20.156999588012695
    ],
    "child_model_run_time": [
        [
            25161112,
            25179802
        ],
        [
            25179850,
            25197671
        ],
        [
            25246842,
            25266999
        ]
    ],
    "execute_cost": 56.667999267578125,
    "finish_time": 25267008,
    "limit_cost_by_ms": 47.3489990234375,
    "model_name": "vgg19",
    "recv_time": 25160991,
    "tag": "808",
    "total_cost_by_ms": 106.01699829101563,
    "wait_cost": 49.3489990234375
}
