{
    "child_model_execute_cost_by_ms": [
        7.644999980926514
    ],
    "child_model_run_time": [
        [
            25653449,
            25661094
        ]
    ],
    "execute_cost": 7.644999980926514,
    "finish_time": 25661099,
    "limit_cost_by_ms": 7.394000053405762,
    "model_name": "squeezenetv1",
    "recv_time": 25653376,
    "tag": "832",
    "total_cost_by_ms": 7.7230000495910645,
    "wait_cost": 0.07800006866455078
}
