{
    "child_model_execute_cost_by_ms": [
        10.071999549865723
    ],
    "child_model_run_time": [
        [
            25739084,
            25749156
        ]
    ],
    "execute_cost": 10.071999549865723,
    "finish_time": 25749163,
    "limit_cost_by_ms": 9.13700008392334,
    "model_name": "googlenet",
    "recv_time": 25714785,
    "tag": "836",
    "total_cost_by_ms": 34.37799835205078,
    "wait_cost": 24.305999755859375
}
