{
    "child_model_execute_cost_by_ms": [
        18.072999954223633,
        17.70599937438965,
        20.78499984741211
    ],
    "child_model_run_time": [
        [
            25812384,
            25830457
        ],
        [
            25830547,
            25848253
        ],
        [
            25879367,
            25900152
        ]
    ],
    "execute_cost": 56.56399917602539,
    "finish_time": 25900160,
    "limit_cost_by_ms": 47.3489990234375,
    "model_name": "vgg19",
    "recv_time": 25812344,
    "tag": "841",
    "total_cost_by_ms": 87.81600189208984,
    "wait_cost": 31.252002716064453
}
