{
    "child_model_execute_cost_by_ms": [
        2.8919999599456787,
        4.493000030517578
    ],
    "child_model_run_time": [
        [
            25992265,
            25995157
        ],
        [
            25995243,
            25999736
        ]
    ],
    "execute_cost": 7.385000228881836,
    "finish_time": 25999742,
    "limit_cost_by_ms": 6.240333557128906,
    "model_name": "yolov2",
    "recv_time": 25987181,
    "tag": "849",
    "total_cost_by_ms": 12.560999870300293,
    "wait_cost": 5.175999641418457
}
