{
    "child_model_execute_cost_by_ms": [
        7.695000171661377
    ],
    "child_model_run_time": [
        [
            26192420,
            26200115
        ]
    ],
    "execute_cost": 7.695000171661377,
    "finish_time": 26200122,
    "limit_cost_by_ms": 7.394000053405762,
    "model_name": "squeezenetv1",
    "recv_time": 26192414,
    "tag": "858",
    "total_cost_by_ms": 7.708000183105469,
    "wait_cost": 0.013000011444091797
}
