{
    "child_model_execute_cost_by_ms": [
        3.305999994277954,
        4.724999904632568
    ],
    "child_model_run_time": [
        [
            26259434,
            26262740
        ],
        [
            26262826,
            26267551
        ]
    ],
    "execute_cost": 8.031000137329102,
    "finish_time": 26267558,
    "limit_cost_by_ms": 6.240333557128906,
    "model_name": "yolov2",
    "recv_time": 26244454,
    "tag": "860",
    "total_cost_by_ms": 23.104000091552734,
    "wait_cost": 15.072999954223633
}
