{
    "child_model_execute_cost_by_ms": [
        7.982999801635742
    ],
    "child_model_run_time": [
        [
            26440319,
            26448302
        ]
    ],
    "execute_cost": 7.982999801635742,
    "finish_time": 26448307,
    "limit_cost_by_ms": 7.394000053405762,
    "model_name": "squeezenetv1",
    "recv_time": 26435531,
    "tag": "869",
    "total_cost_by_ms": 12.776000022888184,
    "wait_cost": 4.793000221252441
}
