{
    "child_model_execute_cost_by_ms": [
        18.878000259399414,
        18.79599952697754,
        21.041000366210938
    ],
    "child_model_run_time": [
        [
            27005573,
            27024451
        ],
        [
            27048836,
            27067632
        ],
        [
            27075346,
            27096387
        ]
    ],
    "execute_cost": 58.71500015258789,
    "finish_time": 27096394,
    "limit_cost_by_ms": 47.3489990234375,
    "model_name": "vgg19",
    "recv_time": 27005503,
    "tag": "898",
    "total_cost_by_ms": 90.89099884033203,
    "wait_cost": 32.17599868774414
}
