{
    "child_model_execute_cost_by_ms": [
        9.866999626159668
    ],
    "child_model_run_time": [
        [
            28295398,
            28305265
        ]
    ],
    "execute_cost": 9.866999626159668,
    "finish_time": 28305273,
    "limit_cost_by_ms": 9.13700008392334,
    "model_name": "googlenet",
    "recv_time": 28279903,
    "tag": "959",
    "total_cost_by_ms": 25.3700008392334,
    "wait_cost": 15.50300121307373
}
