{
    "child_model_execute_cost_by_ms": [
        15.04800033569336,
        9.130999565124512
    ],
    "child_model_run_time": [
        [
            28305330,
            28320378
        ],
        [
            28320418,
            28329549
        ]
    ],
    "execute_cost": 24.179000854492188,
    "finish_time": 28329556,
    "limit_cost_by_ms": 19.242000579833984,
    "model_name": "resnet50",
    "recv_time": 28292000,
    "tag": "960",
    "total_cost_by_ms": 37.555999755859375,
    "wait_cost": 13.376998901367188
}
