{
    "child_model_execute_cost_by_ms": [
        19.243999481201172,
        18.20400047302246,
        20.496999740600586
    ],
    "child_model_run_time": [
        [
            28380971,
            28400215
        ],
        [
            28400312,
            28418516
        ],
        [
            28418555,
            28439052
        ]
    ],
    "execute_cost": 57.94499969482422,
    "finish_time": 28439060,
    "limit_cost_by_ms": 47.3489990234375,
    "model_name": "vgg19",
    "recv_time": 28341413,
    "tag": "963",
    "total_cost_by_ms": 97.64700317382813,
    "wait_cost": 39.702003479003906
}
