{
    "child_model_execute_cost_by_ms": [
        15.38599967956543,
        9.36299991607666
    ],
    "child_model_run_time": [
        [
            28548482,
            28563868
        ],
        [
            28563970,
            28573333
        ]
    ],
    "execute_cost": 24.749000549316406,
    "finish_time": 28573341,
    "limit_cost_by_ms": 19.242000579833984,
    "model_name": "resnet50",
    "recv_time": 28535459,
    "tag": "971",
    "total_cost_by_ms": 37.88199996948242,
    "wait_cost": 13.132999420166016
}
