{
    "child_model_execute_cost_by_ms": [
        9.854999542236328
    ],
    "child_model_run_time": [
        [
            28589821,
            28599676
        ]
    ],
    "execute_cost": 9.854999542236328,
    "finish_time": 28599692,
    "limit_cost_by_ms": 9.13700008392334,
    "model_name": "googlenet",
    "recv_time": 28589684,
    "tag": "974",
    "total_cost_by_ms": 10.008000373840332,
    "wait_cost": 0.1530008316040039
}
