{
    "child_model_execute_cost_by_ms": [
        10.076000213623047
    ],
    "child_model_run_time": [
        [
            10587171,
            10597247
        ]
    ],
    "execute_cost": 10.076000213623047,
    "finish_time": 10597262,
    "limit_cost_by_ms": 9.13700008392334,
    "model_name": "googlenet",
    "recv_time": 10586987,
    "tag": "99",
    "total_cost_by_ms": 10.274999618530273,
    "wait_cost": 0.19899940490722656
}
