{
    "child_model_execute_cost_by_ms": [
        18.83799934387207,
        19.558000564575195,
        21.363000869750977
    ],
    "child_model_run_time": [
        [
            28733954,
            28752792
        ],
        [
            28794206,
            28813764
        ],
        [
            28813867,
            28835230
        ]
    ],
    "execute_cost": 59.759002685546875,
    "finish_time": 28835237,
    "limit_cost_by_ms": 47.3489990234375,
    "model_name": "vgg19",
    "recv_time": 28733799,
    "tag": "981",
    "total_cost_by_ms": 101.43800354003906,
    "wait_cost": 41.67900085449219
}
