{
    "child_model_execute_cost_by_ms": [
        10.588000297546387
    ],
    "child_model_run_time": [
        [
            29089731,
            29100319
        ]
    ],
    "execute_cost": 10.588000297546387,
    "finish_time": 29100331,
    "limit_cost_by_ms": 9.13700008392334,
    "model_name": "googlenet",
    "recv_time": 29067829,
    "tag": "997",
    "total_cost_by_ms": 32.50199890136719,
    "wait_cost": 21.913997650146484
}
