{
    "child_model_execute_cost_by_ms": [
        54.69900131225586
    ],
    "child_model_run_time": [
        [
            8736437,
            8791136
        ]
    ],
    "execute_cost": 54.69900131225586,
    "finish_time": 8791146,
    "limit_cost_by_ms": 45.30766677856445,
    "model_name": "vgg19",
    "recv_time": 8736204,
    "tag": "1",
    "total_cost_by_ms": 54.94200134277344,
    "wait_cost": 0.24300003051757813
}
