{
    "child_model_execute_cost_by_ms": [
        20.47599983215332
    ],
    "child_model_run_time": [
        [
            10855195,
            10875671
        ]
    ],
    "execute_cost": 20.47599983215332,
    "finish_time": 10875683,
    "limit_cost_by_ms": 18.531665802001953,
    "model_name": "resnet50",
    "recv_time": 10827684,
    "tag": "106",
    "total_cost_by_ms": 47.999000549316406,
    "wait_cost": 27.523000717163086
}
