{
    "child_model_execute_cost_by_ms": [
        6.7779998779296875
    ],
    "child_model_run_time": [
        [
            10875914,
            10882692
        ]
    ],
    "execute_cost": 6.7779998779296875,
    "finish_time": 10882705,
    "limit_cost_by_ms": 5.890999794006348,
    "model_name": "yolov2",
    "recv_time": 10856046,
    "tag": "107",
    "total_cost_by_ms": 26.659000396728516,
    "wait_cost": 19.881000518798828
}
