{
    "child_model_execute_cost_by_ms": [
        43.24800109863281
    ],
    "child_model_run_time": [
        [
            11032701,
            11075949
        ]
    ],
    "execute_cost": 43.24800109863281,
    "finish_time": 11075956,
    "limit_cost_by_ms": 45.30766677856445,
    "model_name": "vgg19",
    "recv_time": 11032610,
    "tag": "116",
    "total_cost_by_ms": 43.34600067138672,
    "wait_cost": 0.09799957275390625
}
