{
    "child_model_execute_cost_by_ms": [
        10.095000267028809
    ],
    "child_model_run_time": [
        [
            11314275,
            11324370
        ]
    ],
    "execute_cost": 10.095000267028809,
    "finish_time": 11324384,
    "limit_cost_by_ms": 8.803333282470703,
    "model_name": "googlenet",
    "recv_time": 11314121,
    "tag": "130",
    "total_cost_by_ms": 10.262999534606934,
    "wait_cost": 0.167999267578125
}
