{
    "child_model_execute_cost_by_ms": [
        10.368000030517578
    ],
    "child_model_run_time": [
        [
            11684403,
            11694771
        ]
    ],
    "execute_cost": 10.368000030517578,
    "finish_time": 11694780,
    "limit_cost_by_ms": 8.803333282470703,
    "model_name": "googlenet",
    "recv_time": 11626679,
    "tag": "147",
    "total_cost_by_ms": 68.10099792480469,
    "wait_cost": 57.73299789428711
}
