{
    "child_model_execute_cost_by_ms": [
        43.01100158691406
    ],
    "child_model_run_time": [
        [
            11784769,
            11827780
        ]
    ],
    "execute_cost": 43.01100158691406,
    "finish_time": 11827789,
    "limit_cost_by_ms": 45.30766677856445,
    "model_name": "vgg19",
    "recv_time": 11784602,
    "tag": "155",
    "total_cost_by_ms": 43.1870002746582,
    "wait_cost": 0.17599868774414063
}
