{
    "child_model_execute_cost_by_ms": [
        9.451000213623047
    ],
    "child_model_run_time": [
        [
            11828119,
            11837570
        ]
    ],
    "execute_cost": 9.451000213623047,
    "finish_time": 11837580,
    "limit_cost_by_ms": 8.803333282470703,
    "model_name": "googlenet",
    "recv_time": 11828103,
    "tag": "156",
    "total_cost_by_ms": 9.47700023651123,
    "wait_cost": 0.026000022888183594
}
