{
    "child_model_execute_cost_by_ms": [
        6.9079999923706055
    ],
    "child_model_run_time": [
        [
            12446162,
            12453070
        ]
    ],
    "execute_cost": 6.9079999923706055,
    "finish_time": 12453086,
    "limit_cost_by_ms": 5.890999794006348,
    "model_name": "yolov2",
    "recv_time": 12415381,
    "tag": "188",
    "total_cost_by_ms": 37.70500183105469,
    "wait_cost": 30.797000885009766
}
