{
    "child_model_execute_cost_by_ms": [
        19.207000732421875
    ],
    "child_model_run_time": [
        [
            12847424,
            12866631
        ]
    ],
    "execute_cost": 19.207000732421875,
    "finish_time": 12866640,
    "limit_cost_by_ms": 18.531665802001953,
    "model_name": "resnet50",
    "recv_time": 12824522,
    "tag": "209",
    "total_cost_by_ms": 42.11800003051758,
    "wait_cost": 22.910999298095703
}
