{
    "child_model_execute_cost_by_ms": [
        7.3379998207092285
    ],
    "child_model_run_time": [
        [
            13742026,
            13749364
        ]
    ],
    "execute_cost": 7.3379998207092285,
    "finish_time": 13749379,
    "limit_cost_by_ms": 5.890999794006348,
    "model_name": "yolov2",
    "recv_time": 13716906,
    "tag": "254",
    "total_cost_by_ms": 32.472999572753906,
    "wait_cost": 25.135000228881836
}
