{
    "child_model_execute_cost_by_ms": [
        45.229000091552734
    ],
    "child_model_run_time": [
        [
            14672292,
            14717521
        ]
    ],
    "execute_cost": 45.229000091552734,
    "finish_time": 14717534,
    "limit_cost_by_ms": 45.30766677856445,
    "model_name": "vgg19",
    "recv_time": 14672200,
    "tag": "303",
    "total_cost_by_ms": 45.33399963378906,
    "wait_cost": 0.10499954223632813
}
