{
    "child_model_execute_cost_by_ms": [
        6.85699987411499
    ],
    "child_model_run_time": [
        [
            14737476,
            14744333
        ]
    ],
    "execute_cost": 6.85699987411499,
    "finish_time": 14744338,
    "limit_cost_by_ms": 5.890999794006348,
    "model_name": "yolov2",
    "recv_time": 14722972,
    "tag": "305",
    "total_cost_by_ms": 21.365999221801758,
    "wait_cost": 14.50899887084961
}
