{
    "child_model_execute_cost_by_ms": [
        6.9770002365112305
    ],
    "child_model_run_time": [
        [
            14939769,
            14946746
        ]
    ],
    "execute_cost": 6.9770002365112305,
    "finish_time": 14946758,
    "limit_cost_by_ms": 5.890999794006348,
    "model_name": "yolov2",
    "recv_time": 14921930,
    "tag": "315",
    "total_cost_by_ms": 24.827999114990234,
    "wait_cost": 17.850997924804688
}
