{
    "child_model_execute_cost_by_ms": [
        8.020000457763672
    ],
    "child_model_run_time": [
        [
            15448871,
            15456891
        ]
    ],
    "execute_cost": 8.020000457763672,
    "finish_time": 15456901,
    "limit_cost_by_ms": 7.185999870300293,
    "model_name": "squeezenetv1",
    "recv_time": 15444972,
    "tag": "344",
    "total_cost_by_ms": 11.928999900817871,
    "wait_cost": 3.908999443054199
}
