{
    "child_model_execute_cost_by_ms": [
        43.43000030517578
    ],
    "child_model_run_time": [
        [
            15591631,
            15635061
        ]
    ],
    "execute_cost": 43.43000030517578,
    "finish_time": 15635070,
    "limit_cost_by_ms": 45.30766677856445,
    "model_name": "vgg19",
    "recv_time": 15591542,
    "tag": "350",
    "total_cost_by_ms": 43.52799987792969,
    "wait_cost": 0.09799957275390625
}
