{
    "child_model_execute_cost_by_ms": [
        42.742000579833984
    ],
    "child_model_run_time": [
        [
            9457991,
            9500733
        ]
    ],
    "execute_cost": 42.742000579833984,
    "finish_time": 9500744,
    "limit_cost_by_ms": 45.30766677856445,
    "model_name": "vgg19",
    "recv_time": 9457865,
    "tag": "36",
    "total_cost_by_ms": 42.87900161743164,
    "wait_cost": 0.13700103759765625
}
