{
    "child_model_execute_cost_by_ms": [
        9.803000450134277
    ],
    "child_model_run_time": [
        [
            15651131,
            15660934
        ]
    ],
    "execute_cost": 9.803000450134277,
    "finish_time": 15660942,
    "limit_cost_by_ms": 8.803333282470703,
    "model_name": "googlenet",
    "recv_time": 15647353,
    "tag": "353",
    "total_cost_by_ms": 13.58899974822998,
    "wait_cost": 3.785999298095703
}
