{
    "child_model_execute_cost_by_ms": [
        9.711999893188477
    ],
    "child_model_run_time": [
        [
            15956204,
            15965916
        ]
    ],
    "execute_cost": 9.711999893188477,
    "finish_time": 15965924,
    "limit_cost_by_ms": 8.803333282470703,
    "model_name": "googlenet",
    "recv_time": 15956105,
    "tag": "368",
    "total_cost_by_ms": 9.819000244140625,
    "wait_cost": 0.10700035095214844
}
