{
    "child_model_execute_cost_by_ms": [
        7.952000141143799
    ],
    "child_model_run_time": [
        [
            16259278,
            16267230
        ]
    ],
    "execute_cost": 7.952000141143799,
    "finish_time": 16267239,
    "limit_cost_by_ms": 7.185999870300293,
    "model_name": "squeezenetv1",
    "recv_time": 16249368,
    "tag": "384",
    "total_cost_by_ms": 17.871000289916992,
    "wait_cost": 9.919000625610352
}
