{
    "child_model_execute_cost_by_ms": [
        10.38700008392334
    ],
    "child_model_run_time": [
        [
            16481168,
            16491555
        ]
    ],
    "execute_cost": 10.38700008392334,
    "finish_time": 16491563,
    "limit_cost_by_ms": 8.803333282470703,
    "model_name": "googlenet",
    "recv_time": 16477494,
    "tag": "395",
    "total_cost_by_ms": 14.069000244140625,
    "wait_cost": 3.682000160217285
}
