{
    "child_model_execute_cost_by_ms": [
        10.520999908447266
    ],
    "child_model_run_time": [
        [
            17088601,
            17099122
        ]
    ],
    "execute_cost": 10.520999908447266,
    "finish_time": 17099131,
    "limit_cost_by_ms": 8.803333282470703,
    "model_name": "googlenet",
    "recv_time": 17084457,
    "tag": "426",
    "total_cost_by_ms": 14.673999786376953,
    "wait_cost": 4.1529998779296875
}
