{
    "child_model_execute_cost_by_ms": [
        8.227999687194824
    ],
    "child_model_run_time": [
        [
            17150646,
            17158874
        ]
    ],
    "execute_cost": 8.227999687194824,
    "finish_time": 17158882,
    "limit_cost_by_ms": 7.185999870300293,
    "model_name": "squeezenetv1",
    "recv_time": 17150520,
    "tag": "429",
    "total_cost_by_ms": 8.362000465393066,
    "wait_cost": 0.1340007781982422
}
