{
    "child_model_execute_cost_by_ms": [
        7.331999778747559
    ],
    "child_model_run_time": [
        [
            17302593,
            17309925
        ]
    ],
    "execute_cost": 7.331999778747559,
    "finish_time": 17309939,
    "limit_cost_by_ms": 5.890999794006348,
    "model_name": "yolov2",
    "recv_time": 17292731,
    "tag": "438",
    "total_cost_by_ms": 17.20800018310547,
    "wait_cost": 9.87600040435791
}
