{
    "child_model_execute_cost_by_ms": [
        7.830999851226807
    ],
    "child_model_run_time": [
        [
            17418793,
            17426624
        ]
    ],
    "execute_cost": 7.830999851226807,
    "finish_time": 17426636,
    "limit_cost_by_ms": 7.185999870300293,
    "model_name": "squeezenetv1",
    "recv_time": 17414385,
    "tag": "445",
    "total_cost_by_ms": 12.25100040435791,
    "wait_cost": 4.4200005531311035
}
