{
    "child_model_execute_cost_by_ms": [
        44.42900085449219
    ],
    "child_model_run_time": [
        [
            17426734,
            17471163
        ]
    ],
    "execute_cost": 44.42900085449219,
    "finish_time": 17471172,
    "limit_cost_by_ms": 45.30766677856445,
    "model_name": "vgg19",
    "recv_time": 17406289,
    "tag": "444",
    "total_cost_by_ms": 64.88300323486328,
    "wait_cost": 20.454002380371094
}
