{
    "child_model_execute_cost_by_ms": [
        8.194000244140625
    ],
    "child_model_run_time": [
        [
            17918159,
            17926353
        ]
    ],
    "execute_cost": 8.194000244140625,
    "finish_time": 17926360,
    "limit_cost_by_ms": 7.185999870300293,
    "model_name": "squeezenetv1",
    "recv_time": 17914343,
    "tag": "469",
    "total_cost_by_ms": 12.017000198364258,
    "wait_cost": 3.822999954223633
}
