{
    "child_model_execute_cost_by_ms": [
        6.7729997634887695
    ],
    "child_model_run_time": [
        [
            9724540,
            9731313
        ]
    ],
    "execute_cost": 6.7729997634887695,
    "finish_time": 9731324,
    "limit_cost_by_ms": 5.890999794006348,
    "model_name": "yolov2",
    "recv_time": 9724435,
    "tag": "48",
    "total_cost_by_ms": 6.888999938964844,
    "wait_cost": 0.11600017547607422
}
