{
    "child_model_execute_cost_by_ms": [
        19.02400016784668
    ],
    "child_model_run_time": [
        [
            18151904,
            18170928
        ]
    ],
    "execute_cost": 19.02400016784668,
    "finish_time": 18170942,
    "limit_cost_by_ms": 18.531665802001953,
    "model_name": "resnet50",
    "recv_time": 18151796,
    "tag": "481",
    "total_cost_by_ms": 19.145999908447266,
    "wait_cost": 0.12199974060058594
}
