{
    "child_model_execute_cost_by_ms": [
        6.4770002365112305
    ],
    "child_model_run_time": [
        [
            18325727,
            18332204
        ]
    ],
    "execute_cost": 6.4770002365112305,
    "finish_time": 18332211,
    "limit_cost_by_ms": 5.890999794006348,
    "model_name": "yolov2",
    "recv_time": 18325585,
    "tag": "490",
    "total_cost_by_ms": 6.625999927520752,
    "wait_cost": 0.14899969100952148
}
