{
    "child_model_execute_cost_by_ms": [
        42.5620002746582
    ],
    "child_model_run_time": [
        [
            9761437,
            9803999
        ]
    ],
    "execute_cost": 42.5620002746582,
    "finish_time": 9804010,
    "limit_cost_by_ms": 45.30766677856445,
    "model_name": "vgg19",
    "recv_time": 9761419,
    "tag": "51",
    "total_cost_by_ms": 42.590999603271484,
    "wait_cost": 0.02899932861328125
}
