{
    "child_model_execute_cost_by_ms": [
        8.486000061035156
    ],
    "child_model_run_time": [
        [
            18755601,
            18764087
        ]
    ],
    "execute_cost": 8.486000061035156,
    "finish_time": 18764094,
    "limit_cost_by_ms": 7.185999870300293,
    "model_name": "squeezenetv1",
    "recv_time": 18720409,
    "tag": "511",
    "total_cost_by_ms": 43.685001373291016,
    "wait_cost": 35.19900131225586
}
