{
    "child_model_execute_cost_by_ms": [
        8.288000106811523
    ],
    "child_model_run_time": [
        [
            18826580,
            18834868
        ]
    ],
    "execute_cost": 8.288000106811523,
    "finish_time": 18834875,
    "limit_cost_by_ms": 7.185999870300293,
    "model_name": "squeezenetv1",
    "recv_time": 18819600,
    "tag": "516",
    "total_cost_by_ms": 15.274999618530273,
    "wait_cost": 6.98699951171875
}
