{
    "child_model_execute_cost_by_ms": [
        43.22600173950195
    ],
    "child_model_run_time": [
        [
            9823501,
            9866727
        ]
    ],
    "execute_cost": 43.22600173950195,
    "finish_time": 9866739,
    "limit_cost_by_ms": 45.30766677856445,
    "model_name": "vgg19",
    "recv_time": 9823334,
    "tag": "54",
    "total_cost_by_ms": 43.404998779296875,
    "wait_cost": 0.17899703979492188
}
