{
    "child_model_execute_cost_by_ms": [
        44.43899917602539
    ],
    "child_model_run_time": [
        [
            19235870,
            19280309
        ]
    ],
    "execute_cost": 44.43899917602539,
    "finish_time": 19280314,
    "limit_cost_by_ms": 45.30766677856445,
    "model_name": "vgg19",
    "recv_time": 19235857,
    "tag": "536",
    "total_cost_by_ms": 44.457000732421875,
    "wait_cost": 0.018001556396484375
}
