{
    "child_model_execute_cost_by_ms": [
        10.611000061035156
    ],
    "child_model_run_time": [
        [
            19308231,
            19318842
        ]
    ],
    "execute_cost": 10.611000061035156,
    "finish_time": 19318854,
    "limit_cost_by_ms": 8.803333282470703,
    "model_name": "googlenet",
    "recv_time": 19297681,
    "tag": "539",
    "total_cost_by_ms": 21.17300033569336,
    "wait_cost": 10.562000274658203
}
