{
    "child_model_execute_cost_by_ms": [
        7.955999851226807
    ],
    "child_model_run_time": [
        [
            19319232,
            19327188
        ]
    ],
    "execute_cost": 7.955999851226807,
    "finish_time": 19327196,
    "limit_cost_by_ms": 7.185999870300293,
    "model_name": "squeezenetv1",
    "recv_time": 19319215,
    "tag": "540",
    "total_cost_by_ms": 7.980999946594238,
    "wait_cost": 0.02500009536743164
}
