{
    "child_model_execute_cost_by_ms": [
        7.105999946594238
    ],
    "child_model_run_time": [
        [
            9866976,
            9874082
        ]
    ],
    "execute_cost": 7.105999946594238,
    "finish_time": 9874097,
    "limit_cost_by_ms": 5.890999794006348,
    "model_name": "yolov2",
    "recv_time": 9823570,
    "tag": "55",
    "total_cost_by_ms": 50.527000427246094,
    "wait_cost": 43.42100143432617
}
