{
    "child_model_execute_cost_by_ms": [
        8.449999809265137
    ],
    "child_model_run_time": [
        [
            19660447,
            19668897
        ]
    ],
    "execute_cost": 8.449999809265137,
    "finish_time": 19668905,
    "limit_cost_by_ms": 7.185999870300293,
    "model_name": "squeezenetv1",
    "recv_time": 19637560,
    "tag": "556",
    "total_cost_by_ms": 31.344999313354492,
    "wait_cost": 22.895000457763672
}
