{
    "child_model_execute_cost_by_ms": [
        43.87099838256836
    ],
    "child_model_run_time": [
        [
            20230465,
            20274336
        ]
    ],
    "execute_cost": 43.87099838256836,
    "finish_time": 20274348,
    "limit_cost_by_ms": 45.30766677856445,
    "model_name": "vgg19",
    "recv_time": 20230361,
    "tag": "586",
    "total_cost_by_ms": 43.98699951171875,
    "wait_cost": 0.11600112915039063
}
