{
    "child_model_execute_cost_by_ms": [
        7.166999816894531
    ],
    "child_model_run_time": [
        [
            20274453,
            20281620
        ]
    ],
    "execute_cost": 7.166999816894531,
    "finish_time": 20281627,
    "limit_cost_by_ms": 5.890999794006348,
    "model_name": "yolov2",
    "recv_time": 20230546,
    "tag": "587",
    "total_cost_by_ms": 51.08100128173828,
    "wait_cost": 43.91400146484375
}
