{
    "child_model_execute_cost_by_ms": [
        8.406999588012695
    ],
    "child_model_run_time": [
        [
            20417455,
            20425862
        ]
    ],
    "execute_cost": 8.406999588012695,
    "finish_time": 20425874,
    "limit_cost_by_ms": 7.185999870300293,
    "model_name": "squeezenetv1",
    "recv_time": 20401689,
    "tag": "595",
    "total_cost_by_ms": 24.184999465942383,
    "wait_cost": 15.777999877929688
}
