{
    "child_model_execute_cost_by_ms": [
        6.818999767303467
    ],
    "child_model_run_time": [
        [
            20517564,
            20524383
        ]
    ],
    "execute_cost": 6.818999767303467,
    "finish_time": 20524392,
    "limit_cost_by_ms": 5.890999794006348,
    "model_name": "yolov2",
    "recv_time": 20514414,
    "tag": "601",
    "total_cost_by_ms": 9.977999687194824,
    "wait_cost": 3.1589999198913574
}
