{
    "child_model_execute_cost_by_ms": [
        19.10300064086914
    ],
    "child_model_run_time": [
        [
            20580230,
            20599333
        ]
    ],
    "execute_cost": 19.10300064086914,
    "finish_time": 20599342,
    "limit_cost_by_ms": 18.531665802001953,
    "model_name": "resnet50",
    "recv_time": 20580119,
    "tag": "603",
    "total_cost_by_ms": 19.222999572753906,
    "wait_cost": 0.11999893188476563
}
