{
    "child_model_execute_cost_by_ms": [
        7.318999767303467
    ],
    "child_model_run_time": [
        [
            20662434,
            20669753
        ]
    ],
    "execute_cost": 7.318999767303467,
    "finish_time": 20669761,
    "limit_cost_by_ms": 5.890999794006348,
    "model_name": "yolov2",
    "recv_time": 20625859,
    "tag": "607",
    "total_cost_by_ms": 43.902000427246094,
    "wait_cost": 36.58300018310547
}
