{
    "child_model_execute_cost_by_ms": [
        7.982999801635742
    ],
    "child_model_run_time": [
        [
            20806836,
            20814819
        ]
    ],
    "execute_cost": 7.982999801635742,
    "finish_time": 20814828,
    "limit_cost_by_ms": 7.185999870300293,
    "model_name": "squeezenetv1",
    "recv_time": 20806726,
    "tag": "614",
    "total_cost_by_ms": 8.10200023651123,
    "wait_cost": 0.11900043487548828
}
