{
    "child_model_execute_cost_by_ms": [
        6.672999858856201
    ],
    "child_model_run_time": [
        [
            21051962,
            21058635
        ]
    ],
    "execute_cost": 6.672999858856201,
    "finish_time": 21058640,
    "limit_cost_by_ms": 5.890999794006348,
    "model_name": "yolov2",
    "recv_time": 21036696,
    "tag": "627",
    "total_cost_by_ms": 21.944000244140625,
    "wait_cost": 15.270999908447266
}
