{
    "child_model_execute_cost_by_ms": [
        6.521999835968018
    ],
    "child_model_run_time": [
        [
            21141769,
            21148291
        ]
    ],
    "execute_cost": 6.521999835968018,
    "finish_time": 21148297,
    "limit_cost_by_ms": 5.890999794006348,
    "model_name": "yolov2",
    "recv_time": 21141000,
    "tag": "633",
    "total_cost_by_ms": 7.296999931335449,
    "wait_cost": 0.7750000953674316
}
