{
    "child_model_execute_cost_by_ms": [
        9.923999786376953
    ],
    "child_model_run_time": [
        [
            21489748,
            21499672
        ]
    ],
    "execute_cost": 9.923999786376953,
    "finish_time": 21499684,
    "limit_cost_by_ms": 8.803333282470703,
    "model_name": "googlenet",
    "recv_time": 21489647,
    "tag": "649",
    "total_cost_by_ms": 10.036999702453613,
    "wait_cost": 0.11299991607666016
}
