{
    "child_model_execute_cost_by_ms": [
        45.42100143432617
    ],
    "child_model_run_time": [
        [
            21525388,
            21570809
        ]
    ],
    "execute_cost": 45.42100143432617,
    "finish_time": 21570818,
    "limit_cost_by_ms": 45.30766677856445,
    "model_name": "vgg19",
    "recv_time": 21500069,
    "tag": "651",
    "total_cost_by_ms": 70.7490005493164,
    "wait_cost": 25.327999114990234
}
