{
    "child_model_execute_cost_by_ms": [
        10.593000411987305
    ],
    "child_model_run_time": [
        [
            21624256,
            21634849
        ]
    ],
    "execute_cost": 10.593000411987305,
    "finish_time": 21634859,
    "limit_cost_by_ms": 8.803333282470703,
    "model_name": "googlenet",
    "recv_time": 21624206,
    "tag": "655",
    "total_cost_by_ms": 10.652999877929688,
    "wait_cost": 0.05999946594238281
}
