{
    "child_model_execute_cost_by_ms": [
        8.937000274658203
    ],
    "child_model_run_time": [
        [
            21706324,
            21715261
        ]
    ],
    "execute_cost": 8.937000274658203,
    "finish_time": 21715270,
    "limit_cost_by_ms": 7.185999870300293,
    "model_name": "squeezenetv1",
    "recv_time": 21678728,
    "tag": "659",
    "total_cost_by_ms": 36.54199981689453,
    "wait_cost": 27.604999542236328
}
