{
    "child_model_execute_cost_by_ms": [
        10.052000045776367
    ],
    "child_model_run_time": [
        [
            21857881,
            21867933
        ]
    ],
    "execute_cost": 10.052000045776367,
    "finish_time": 21867938,
    "limit_cost_by_ms": 8.803333282470703,
    "model_name": "googlenet",
    "recv_time": 21817558,
    "tag": "666",
    "total_cost_by_ms": 50.380001068115234,
    "wait_cost": 40.3280029296875
}
