{
    "child_model_execute_cost_by_ms": [
        9.819999694824219
    ],
    "child_model_run_time": [
        [
            21920964,
            21930784
        ]
    ],
    "execute_cost": 9.819999694824219,
    "finish_time": 21930793,
    "limit_cost_by_ms": 8.803333282470703,
    "model_name": "googlenet",
    "recv_time": 21915573,
    "tag": "671",
    "total_cost_by_ms": 15.220000267028809,
    "wait_cost": 5.40000057220459
}
