{
    "child_model_execute_cost_by_ms": [
        19.95599937438965
    ],
    "child_model_run_time": [
        [
            21930842,
            21950798
        ]
    ],
    "execute_cost": 19.95599937438965,
    "finish_time": 21950808,
    "limit_cost_by_ms": 18.531665802001953,
    "model_name": "resnet50",
    "recv_time": 21883451,
    "tag": "670",
    "total_cost_by_ms": 67.35700225830078,
    "wait_cost": 47.4010009765625
}
