{
    "child_model_execute_cost_by_ms": [
        10.241000175476074
    ],
    "child_model_run_time": [
        [
            22030718,
            22040959
        ]
    ],
    "execute_cost": 10.241000175476074,
    "finish_time": 22040973,
    "limit_cost_by_ms": 8.803333282470703,
    "model_name": "googlenet",
    "recv_time": 22015890,
    "tag": "676",
    "total_cost_by_ms": 25.08300018310547,
    "wait_cost": 14.842000007629395
}
