{
    "child_model_execute_cost_by_ms": [
        44.018001556396484
    ],
    "child_model_run_time": [
        [
            22489010,
            22533028
        ]
    ],
    "execute_cost": 44.018001556396484,
    "finish_time": 22533039,
    "limit_cost_by_ms": 45.30766677856445,
    "model_name": "vgg19",
    "recv_time": 22488991,
    "tag": "700",
    "total_cost_by_ms": 44.04800033569336,
    "wait_cost": 0.029998779296875
}
