{
    "child_model_execute_cost_by_ms": [
        7.255000114440918
    ],
    "child_model_run_time": [
        [
            22757821,
            22765076
        ]
    ],
    "execute_cost": 7.255000114440918,
    "finish_time": 22765085,
    "limit_cost_by_ms": 5.890999794006348,
    "model_name": "yolov2",
    "recv_time": 22740300,
    "tag": "714",
    "total_cost_by_ms": 24.78499984741211,
    "wait_cost": 17.529998779296875
}
