{
    "child_model_execute_cost_by_ms": [
        8.781999588012695
    ],
    "child_model_run_time": [
        [
            22765305,
            22774087
        ]
    ],
    "execute_cost": 8.781999588012695,
    "finish_time": 22774099,
    "limit_cost_by_ms": 7.185999870300293,
    "model_name": "squeezenetv1",
    "recv_time": 22752401,
    "tag": "715",
    "total_cost_by_ms": 21.697999954223633,
    "wait_cost": 12.916000366210938
}
