{
    "child_model_execute_cost_by_ms": [
        8.777999877929688
    ],
    "child_model_run_time": [
        [
            23075664,
            23084442
        ]
    ],
    "execute_cost": 8.777999877929688,
    "finish_time": 23084458,
    "limit_cost_by_ms": 7.185999870300293,
    "model_name": "squeezenetv1",
    "recv_time": 23057717,
    "tag": "729",
    "total_cost_by_ms": 26.740999221801758,
    "wait_cost": 17.96299934387207
}
