{
    "child_model_execute_cost_by_ms": [
        6.929999828338623
    ],
    "child_model_run_time": [
        [
            23095302,
            23102232
        ]
    ],
    "execute_cost": 6.929999828338623,
    "finish_time": 23102237,
    "limit_cost_by_ms": 5.890999794006348,
    "model_name": "yolov2",
    "recv_time": 23084848,
    "tag": "730",
    "total_cost_by_ms": 17.388999938964844,
    "wait_cost": 10.458999633789063
}
