{
    "child_model_execute_cost_by_ms": [
        43.382999420166016
    ],
    "child_model_run_time": [
        [
            23328261,
            23371644
        ]
    ],
    "execute_cost": 43.382999420166016,
    "finish_time": 23371650,
    "limit_cost_by_ms": 45.30766677856445,
    "model_name": "vgg19",
    "recv_time": 23328166,
    "tag": "742",
    "total_cost_by_ms": 43.48400115966797,
    "wait_cost": 0.10100173950195313
}
