{
    "child_model_execute_cost_by_ms": [
        8.713000297546387
    ],
    "child_model_run_time": [
        [
            23378967,
            23387680
        ]
    ],
    "execute_cost": 8.713000297546387,
    "finish_time": 23387693,
    "limit_cost_by_ms": 7.185999870300293,
    "model_name": "squeezenetv1",
    "recv_time": 23335791,
    "tag": "744",
    "total_cost_by_ms": 51.902000427246094,
    "wait_cost": 43.18899917602539
}
