{
    "child_model_execute_cost_by_ms": [
        20.211999893188477
    ],
    "child_model_run_time": [
        [
            23534441,
            23554653
        ]
    ],
    "execute_cost": 20.211999893188477,
    "finish_time": 23554661,
    "limit_cost_by_ms": 18.531665802001953,
    "model_name": "resnet50",
    "recv_time": 23504472,
    "tag": "752",
    "total_cost_by_ms": 50.18899917602539,
    "wait_cost": 29.976999282836914
}
