{
    "child_model_execute_cost_by_ms": [
        8.541999816894531
    ],
    "child_model_run_time": [
        [
            10280455,
            10288997
        ]
    ],
    "execute_cost": 8.541999816894531,
    "finish_time": 10289005,
    "limit_cost_by_ms": 7.185999870300293,
    "model_name": "squeezenetv1",
    "recv_time": 10280336,
    "tag": "77",
    "total_cost_by_ms": 8.668999671936035,
    "wait_cost": 0.1269998550415039
}
