{
    "child_model_execute_cost_by_ms": [
        42.52399826049805
    ],
    "child_model_run_time": [
        [
            10289475,
            10331999
        ]
    ],
    "execute_cost": 42.52399826049805,
    "finish_time": 10332013,
    "limit_cost_by_ms": 45.30766677856445,
    "model_name": "vgg19",
    "recv_time": 10289352,
    "tag": "78",
    "total_cost_by_ms": 42.6609992980957,
    "wait_cost": 0.13700103759765625
}
