{
    "child_model_execute_cost_by_ms": [
        44.57400131225586
    ],
    "child_model_run_time": [
        [
            23954522,
            23999096
        ]
    ],
    "execute_cost": 44.57400131225586,
    "finish_time": 23999107,
    "limit_cost_by_ms": 45.30766677856445,
    "model_name": "vgg19",
    "recv_time": 23954427,
    "tag": "774",
    "total_cost_by_ms": 44.68000030517578,
    "wait_cost": 0.10599899291992188
}
