{
    "child_model_execute_cost_by_ms": [
        6.998000144958496
    ],
    "child_model_run_time": [
        [
            24071658,
            24078656
        ]
    ],
    "execute_cost": 6.998000144958496,
    "finish_time": 24078666,
    "limit_cost_by_ms": 5.890999794006348,
    "model_name": "yolov2",
    "recv_time": 24036233,
    "tag": "778",
    "total_cost_by_ms": 42.43299865722656,
    "wait_cost": 35.43499755859375
}
