{
    "child_model_execute_cost_by_ms": [
        10.00100040435791
    ],
    "child_model_run_time": [
        [
            24178766,
            24188767
        ]
    ],
    "execute_cost": 10.00100040435791,
    "finish_time": 24188777,
    "limit_cost_by_ms": 8.803333282470703,
    "model_name": "googlenet",
    "recv_time": 24178752,
    "tag": "785",
    "total_cost_by_ms": 10.024999618530273,
    "wait_cost": 0.02399921417236328
}
