{
    "child_model_execute_cost_by_ms": [
        6.318999767303467
    ],
    "child_model_run_time": [
        [
            24234143,
            24240462
        ]
    ],
    "execute_cost": 6.318999767303467,
    "finish_time": 24240471,
    "limit_cost_by_ms": 5.890999794006348,
    "model_name": "yolov2",
    "recv_time": 24234128,
    "tag": "787",
    "total_cost_by_ms": 6.3429999351501465,
    "wait_cost": 0.024000167846679688
}
