{
    "child_model_execute_cost_by_ms": [
        44.61800003051758
    ],
    "child_model_run_time": [
        [
            24240945,
            24285563
        ]
    ],
    "execute_cost": 44.61800003051758,
    "finish_time": 24285575,
    "limit_cost_by_ms": 45.30766677856445,
    "model_name": "vgg19",
    "recv_time": 24240932,
    "tag": "788",
    "total_cost_by_ms": 44.643001556396484,
    "wait_cost": 0.02500152587890625
}
