{
    "child_model_execute_cost_by_ms": [
        8.595000267028809
    ],
    "child_model_run_time": [
        [
            24694424,
            24703019
        ]
    ],
    "execute_cost": 8.595000267028809,
    "finish_time": 24703031,
    "limit_cost_by_ms": 7.185999870300293,
    "model_name": "squeezenetv1",
    "recv_time": 24667145,
    "tag": "809",
    "total_cost_by_ms": 35.88600158691406,
    "wait_cost": 27.291000366210938
}
