{
    "child_model_execute_cost_by_ms": [
        8.701000213623047
    ],
    "child_model_run_time": [
        [
            25432501,
            25441202
        ]
    ],
    "execute_cost": 8.701000213623047,
    "finish_time": 25441218,
    "limit_cost_by_ms": 7.185999870300293,
    "model_name": "squeezenetv1",
    "recv_time": 25406273,
    "tag": "847",
    "total_cost_by_ms": 34.94499969482422,
    "wait_cost": 26.243999481201172
}
