{
    "child_model_execute_cost_by_ms": [
        7.090000152587891
    ],
    "child_model_run_time": [
        [
            25461291,
            25468381
        ]
    ],
    "execute_cost": 7.090000152587891,
    "finish_time": 25468387,
    "limit_cost_by_ms": 5.890999794006348,
    "model_name": "yolov2",
    "recv_time": 25443073,
    "tag": "849",
    "total_cost_by_ms": 25.31399917602539,
    "wait_cost": 18.2239990234375
}
