{
    "child_model_execute_cost_by_ms": [
        44.1349983215332
    ],
    "child_model_run_time": [
        [
            25532680,
            25576815
        ]
    ],
    "execute_cost": 44.1349983215332,
    "finish_time": 25576821,
    "limit_cost_by_ms": 45.30766677856445,
    "model_name": "vgg19",
    "recv_time": 25532630,
    "tag": "853",
    "total_cost_by_ms": 44.191001892089844,
    "wait_cost": 0.056003570556640625
}
