{
    "child_model_execute_cost_by_ms": [
        6.955999851226807
    ],
    "child_model_run_time": [
        [
            25576882,
            25583838
        ]
    ],
    "execute_cost": 6.955999851226807,
    "finish_time": 25583849,
    "limit_cost_by_ms": 5.890999794006348,
    "model_name": "yolov2",
    "recv_time": 25548376,
    "tag": "855",
    "total_cost_by_ms": 35.472999572753906,
    "wait_cost": 28.517000198364258
}
