{
    "child_model_execute_cost_by_ms": [
        18.847000122070313
    ],
    "child_model_run_time": [
        [
            25913364,
            25932211
        ]
    ],
    "execute_cost": 18.847000122070313,
    "finish_time": 25932226,
    "limit_cost_by_ms": 18.531665802001953,
    "model_name": "resnet50",
    "recv_time": 25913349,
    "tag": "872",
    "total_cost_by_ms": 18.87700080871582,
    "wait_cost": 0.030000686645507813
}
