{
    "child_model_execute_cost_by_ms": [
        6.242000102996826
    ],
    "child_model_run_time": [
        [
            26990273,
            26996515
        ]
    ],
    "execute_cost": 6.242000102996826,
    "finish_time": 26996525,
    "limit_cost_by_ms": 5.890999794006348,
    "model_name": "yolov2",
    "recv_time": 26980291,
    "tag": "927",
    "total_cost_by_ms": 16.233999252319336,
    "wait_cost": 9.991998672485352
}
