{
    "child_model_execute_cost_by_ms": [
        7.793000221252441
    ],
    "child_model_run_time": [
        [
            27041849,
            27049642
        ]
    ],
    "execute_cost": 7.793000221252441,
    "finish_time": 27049651,
    "limit_cost_by_ms": 7.185999870300293,
    "model_name": "squeezenetv1",
    "recv_time": 27041678,
    "tag": "929",
    "total_cost_by_ms": 7.9730000495910645,
    "wait_cost": 0.17999982833862305
}
