{
    "child_model_execute_cost_by_ms": [
        7.123000144958496
    ],
    "child_model_run_time": [
        [
            27113457,
            27120580
        ]
    ],
    "execute_cost": 7.123000144958496,
    "finish_time": 27120591,
    "limit_cost_by_ms": 5.890999794006348,
    "model_name": "yolov2",
    "recv_time": 27094485,
    "tag": "932",
    "total_cost_by_ms": 26.106000900268555,
    "wait_cost": 18.983001708984375
}
