{
    "child_model_execute_cost_by_ms": [
        7.802000045776367
    ],
    "child_model_run_time": [
        [
            27265352,
            27273154
        ]
    ],
    "execute_cost": 7.802000045776367,
    "finish_time": 27273161,
    "limit_cost_by_ms": 7.185999870300293,
    "model_name": "squeezenetv1",
    "recv_time": 27265264,
    "tag": "940",
    "total_cost_by_ms": 7.896999835968018,
    "wait_cost": 0.09499979019165039
}
