{
    "child_model_execute_cost_by_ms": [
        6.916999816894531
    ],
    "child_model_run_time": [
        [
            28013889,
            28020806
        ]
    ],
    "execute_cost": 6.916999816894531,
    "finish_time": 28020816,
    "limit_cost_by_ms": 5.890999794006348,
    "model_name": "yolov2",
    "recv_time": 27993785,
    "tag": "978",
    "total_cost_by_ms": 27.0310001373291,
    "wait_cost": 20.11400032043457
}
