{
    "child_model_execute_cost_by_ms": [
        10.454000473022461
    ],
    "child_model_run_time": [
        [
            28255560,
            28266014
        ]
    ],
    "execute_cost": 10.454000473022461,
    "finish_time": 28266025,
    "limit_cost_by_ms": 8.803333282470703,
    "model_name": "googlenet",
    "recv_time": 28248080,
    "tag": "990",
    "total_cost_by_ms": 17.94499969482422,
    "wait_cost": 7.490999221801758
}
