{
    "child_model_execute_cost_by_ms": [
        10.21399974822998
    ],
    "child_model_run_time": [
        [
            10732436,
            10742650
        ]
    ],
    "execute_cost": 10.21399974822998,
    "finish_time": 10742660,
    "limit_cost_by_ms": 8.803333282470703,
    "model_name": "googlenet",
    "recv_time": 10712113,
    "tag": "100",
    "total_cost_by_ms": 30.547000885009766,
    "wait_cost": 20.33300018310547
}
