{
    "child_model_execute_cost_by_ms": [
        6.861000061035156
    ],
    "child_model_run_time": [
        [
            28356211,
            28363072
        ]
    ],
    "execute_cost": 6.861000061035156,
    "finish_time": 28363078,
    "limit_cost_by_ms": 5.890999794006348,
    "model_name": "yolov2",
    "recv_time": 28348348,
    "tag": "996",
    "total_cost_by_ms": 14.729999542236328,
    "wait_cost": 7.868999481201172
}
