name,min,avg,max
vgg19,1.0,1.0735013347743654,1.879346213605592
resnet50,1.010751932437829,2.2734247044816183,5.045101929890312
yolov2,1.0188648941935792,4.649187168985015,15.430604464154982
squeezenetv1,1.0600155423104898,3.9206911010595675,10.633015991030561
googlenet,1.0772717010850923,3.88313300393346,10.800251388235745
total,1.0,3.059418589731961,15.430604464154982
