{
    "vgg19": {
        "min": 1.0,
        "avg": 1.0735013347743654,
        "max": 1.879346213605592,
        "std": 0.1418211598508349
    },
    "resnet50": {
        "min": 1.010751932437829,
        "avg": 2.2734247044816183,
        "max": 5.045101929890312,
        "std": 1.1465165131884731
    },
    "yolov2": {
        "min": 1.0188648941935792,
        "avg": 4.649187168985015,
        "max": 15.430604464154982,
        "std": 3.6743087525245217
    },
    "squeezenetv1": {
        "min": 1.0600155423104898,
        "avg": 3.9206911010595675,
        "max": 10.633015991030561,
        "std": 2.5905209330282633
    },
    "googlenet": {
        "min": 1.0772717010850923,
        "avg": 3.88313300393346,
        "max": 10.800251388235745,
        "std": 2.5522050053778376
    },
    "total": {
        "min": 1.0,
        "avg": 3.059418589731961,
        "max": 15.430604464154982,
        "std": 2.6987512373627625
    }
}