name,Std. Deviation of RR
vgg19,0.1418211598508349
resnet50,1.1465165131884731
yolov2,3.6743087525245217
squeezenetv1,2.5905209330282633
googlenet,2.5522050053778376
total,2.6987512373627625
