name,min,avg,max
vgg19,1.0,1.0768095339466899,1.820249438805457
resnet50,1.0,1.7522867826817574,4.414201103472178
yolov2,1.025942227939669,4.2432728509749715,14.252896091281364
googlenet,1.051095696727458,3.473848015697996,10.010105027618872
squeezenetv1,1.0520016205509795,2.400192577858146,9.049937556570702
total,1.0,2.589957429480648,14.252896091281364
