name,Std. Deviation of RR
vgg19,0.143149803711412
resnet50,0.9583680479086771
yolov2,3.2150426246515544
googlenet,2.257108154701291
squeezenetv1,1.7296243215309361
total,2.2728485682639326
