name,min,avg,max
vgg19,1.0,1.0728367108698857,1.9617992559422137
resnet50,1.0164814288648898,2.3060100709127864,4.938771028282419
googlenet,1.0512030914176107,3.6815608426038677,10.835734870317003
yolov2,1.0577098197036758,4.70147490203169,15.121785136360332
squeezenetv1,1.063319901151012,3.2212247754657484,14.087954735559874
total,1.0,2.850571495958072,15.121785136360332
