name,Std. Deviation of RR
vgg19,0.14693622736798162
resnet50,1.1674183938603815
googlenet,2.4403708300456546
yolov2,3.5368709328526293
squeezenetv1,2.591017892809922
total,2.5407666598149174
