{
    "child_model_execute_cost_by_ms": [
        8.548999786376953
    ],
    "child_model_run_time": [
        [
            8740130,
            8748679
        ]
    ],
    "execute_cost": 8.548999786376953,
    "finish_time": 8748688,
    "limit_cost_by_ms": 6.167333126068115,
    "model_name": "yolov2",
    "recv_time": 8732115,
    "tag": "2",
    "total_cost_by_ms": 16.572999954223633,
    "wait_cost": 8.02400016784668
}
