{
    "child_model_execute_cost_by_ms": [
        6.506999969482422
    ],
    "child_model_run_time": [
        [
            10790649,
            10797156
        ]
    ],
    "execute_cost": 6.506999969482422,
    "finish_time": 10797169,
    "limit_cost_by_ms": 6.167333126068115,
    "model_name": "yolov2",
    "recv_time": 10781271,
    "tag": "128",
    "total_cost_by_ms": 15.89799976348877,
    "wait_cost": 9.390999794006348
}
