{
    "child_model_execute_cost_by_ms": [
        8.071999549865723
    ],
    "child_model_run_time": [
        [
            11164885,
            11172957
        ]
    ],
    "execute_cost": 8.071999549865723,
    "finish_time": 11172965,
    "limit_cost_by_ms": 7.328333377838135,
    "model_name": "squeezenetv1",
    "recv_time": 11121272,
    "tag": "150",
    "total_cost_by_ms": 51.69300079345703,
    "wait_cost": 43.621002197265625
}
