{
    "child_model_execute_cost_by_ms": [
        6.7230000495910645
    ],
    "child_model_run_time": [
        [
            11538294,
            11545017
        ]
    ],
    "execute_cost": 6.7230000495910645,
    "finish_time": 11545029,
    "limit_cost_by_ms": 6.167333126068115,
    "model_name": "yolov2",
    "recv_time": 11526553,
    "tag": "175",
    "total_cost_by_ms": 18.47599983215332,
    "wait_cost": 11.753000259399414
}
