{
    "child_model_execute_cost_by_ms": [
        7.263999938964844
    ],
    "child_model_run_time": [
        [
            11809955,
            11817219
        ]
    ],
    "execute_cost": 7.263999938964844,
    "finish_time": 11817226,
    "limit_cost_by_ms": 6.167333126068115,
    "model_name": "yolov2",
    "recv_time": 11801325,
    "tag": "191",
    "total_cost_by_ms": 15.901000022888184,
    "wait_cost": 8.63700008392334
}
