{
    "child_model_execute_cost_by_ms": [
        10.942000389099121
    ],
    "child_model_run_time": [
        [
            11918358,
            11929300
        ]
    ],
    "execute_cost": 10.942000389099121,
    "finish_time": 11929311,
    "limit_cost_by_ms": 8.977333068847656,
    "model_name": "googlenet",
    "recv_time": 11918273,
    "tag": "198",
    "total_cost_by_ms": 11.038000106811523,
    "wait_cost": 0.09599971771240234
}
