{
    "child_model_execute_cost_by_ms": [
        7.070000171661377
    ],
    "child_model_run_time": [
        [
            9070480,
            9077550
        ]
    ],
    "execute_cost": 7.070000171661377,
    "finish_time": 9077556,
    "limit_cost_by_ms": 6.167333126068115,
    "model_name": "yolov2",
    "recv_time": 9065912,
    "tag": "21",
    "total_cost_by_ms": 11.644000053405762,
    "wait_cost": 4.573999881744385
}
