{
    "child_model_execute_cost_by_ms": [
        8.288999557495117
    ],
    "child_model_run_time": [
        [
            12037297,
            12045586
        ]
    ],
    "execute_cost": 8.288999557495117,
    "finish_time": 12045601,
    "limit_cost_by_ms": 7.328333377838135,
    "model_name": "squeezenetv1",
    "recv_time": 12037269,
    "tag": "206",
    "total_cost_by_ms": 8.331999778747559,
    "wait_cost": 0.043000221252441406
}
