{
    "child_model_execute_cost_by_ms": [
        10.163000106811523
    ],
    "child_model_run_time": [
        [
            12170880,
            12181043
        ]
    ],
    "execute_cost": 10.163000106811523,
    "finish_time": 12181059,
    "limit_cost_by_ms": 8.977333068847656,
    "model_name": "googlenet",
    "recv_time": 12151514,
    "tag": "215",
    "total_cost_by_ms": 29.545000076293945,
    "wait_cost": 19.381999969482422
}
