{
    "child_model_execute_cost_by_ms": [
        45.49800109863281
    ],
    "child_model_run_time": [
        [
            12506369,
            12551867
        ]
    ],
    "execute_cost": 45.49800109863281,
    "finish_time": 12551876,
    "limit_cost_by_ms": 47.34466552734375,
    "model_name": "vgg19",
    "recv_time": 12506188,
    "tag": "237",
    "total_cost_by_ms": 45.6879997253418,
    "wait_cost": 0.18999862670898438
}
