{
    "child_model_execute_cost_by_ms": [
        8.109000205993652
    ],
    "child_model_run_time": [
        [
            12925371,
            12933480
        ]
    ],
    "execute_cost": 8.109000205993652,
    "finish_time": 12933491,
    "limit_cost_by_ms": 7.328333377838135,
    "model_name": "squeezenetv1",
    "recv_time": 12925214,
    "tag": "263",
    "total_cost_by_ms": 8.277000427246094,
    "wait_cost": 0.1680002212524414
}
