{
    "child_model_execute_cost_by_ms": [
        19.524999618530273
    ],
    "child_model_run_time": [
        [
            13098561,
            13118086
        ]
    ],
    "execute_cost": 19.524999618530273,
    "finish_time": 13118100,
    "limit_cost_by_ms": 19.174999237060547,
    "model_name": "resnet50",
    "recv_time": 13098445,
    "tag": "273",
    "total_cost_by_ms": 19.655000686645508,
    "wait_cost": 0.13000106811523438
}
