{
    "child_model_execute_cost_by_ms": [
        10.923999786376953
    ],
    "child_model_run_time": [
        [
            13185801,
            13196725
        ]
    ],
    "execute_cost": 10.923999786376953,
    "finish_time": 13196738,
    "limit_cost_by_ms": 8.977333068847656,
    "model_name": "googlenet",
    "recv_time": 13146214,
    "tag": "278",
    "total_cost_by_ms": 50.52399826049805,
    "wait_cost": 39.599998474121094
}
