{
    "child_model_execute_cost_by_ms": [
        6.663000106811523
    ],
    "child_model_run_time": [
        [
            13343452,
            13350115
        ]
    ],
    "execute_cost": 6.663000106811523,
    "finish_time": 13350123,
    "limit_cost_by_ms": 6.167333126068115,
    "model_name": "yolov2",
    "recv_time": 13343440,
    "tag": "289",
    "total_cost_by_ms": 6.683000087738037,
    "wait_cost": 0.019999980926513672
}
