{
    "child_model_execute_cost_by_ms": [
        7.757999897003174
    ],
    "child_model_run_time": [
        [
            13441141,
            13448899
        ]
    ],
    "execute_cost": 7.757999897003174,
    "finish_time": 13448908,
    "limit_cost_by_ms": 7.328333377838135,
    "model_name": "squeezenetv1",
    "recv_time": 13441035,
    "tag": "295",
    "total_cost_by_ms": 7.873000144958496,
    "wait_cost": 0.11500024795532227
}
