{
    "child_model_execute_cost_by_ms": [
        6.89300012588501
    ],
    "child_model_run_time": [
        [
            14149461,
            14156354
        ]
    ],
    "execute_cost": 6.89300012588501,
    "finish_time": 14156363,
    "limit_cost_by_ms": 6.167333126068115,
    "model_name": "yolov2",
    "recv_time": 14149432,
    "tag": "339",
    "total_cost_by_ms": 6.931000232696533,
    "wait_cost": 0.03800010681152344
}
