{
    "child_model_execute_cost_by_ms": [
        6.730999946594238
    ],
    "child_model_run_time": [
        [
            14277330,
            14284061
        ]
    ],
    "execute_cost": 6.730999946594238,
    "finish_time": 14284067,
    "limit_cost_by_ms": 6.167333126068115,
    "model_name": "yolov2",
    "recv_time": 14269519,
    "tag": "347",
    "total_cost_by_ms": 14.54800033569336,
    "wait_cost": 7.817000389099121
}
