{
    "child_model_execute_cost_by_ms": [
        9.95199966430664
    ],
    "child_model_run_time": [
        [
            14284641,
            14294593
        ]
    ],
    "execute_cost": 9.95199966430664,
    "finish_time": 14294603,
    "limit_cost_by_ms": 8.977333068847656,
    "model_name": "googlenet",
    "recv_time": 14284622,
    "tag": "348",
    "total_cost_by_ms": 9.980999946594238,
    "wait_cost": 0.029000282287597656
}
