{
    "child_model_execute_cost_by_ms": [
        8.956999778747559
    ],
    "child_model_run_time": [
        [
            9372968,
            9381925
        ]
    ],
    "execute_cost": 8.956999778747559,
    "finish_time": 9381936,
    "limit_cost_by_ms": 7.328333377838135,
    "model_name": "squeezenetv1",
    "recv_time": 9357311,
    "tag": "39",
    "total_cost_by_ms": 24.625,
    "wait_cost": 15.668000221252441
}
