{
    "child_model_execute_cost_by_ms": [
        10.836000442504883
    ],
    "child_model_run_time": [
        [
            14875331,
            14886167
        ]
    ],
    "execute_cost": 10.836000442504883,
    "finish_time": 14886177,
    "limit_cost_by_ms": 8.977333068847656,
    "model_name": "googlenet",
    "recv_time": 14875319,
    "tag": "384",
    "total_cost_by_ms": 10.857999801635742,
    "wait_cost": 0.021999359130859375
}
