{
    "child_model_execute_cost_by_ms": [
        8.45300006866455
    ],
    "child_model_run_time": [
        [
            15084997,
            15093450
        ]
    ],
    "execute_cost": 8.45300006866455,
    "finish_time": 15093454,
    "limit_cost_by_ms": 7.328333377838135,
    "model_name": "squeezenetv1",
    "recv_time": 15062233,
    "tag": "397",
    "total_cost_by_ms": 31.22100067138672,
    "wait_cost": 22.768001556396484
}
