{
    "child_model_execute_cost_by_ms": [
        6.979000091552734
    ],
    "child_model_run_time": [
        [
            15114933,
            15121912
        ]
    ],
    "execute_cost": 6.979000091552734,
    "finish_time": 15121918,
    "limit_cost_by_ms": 6.167333126068115,
    "model_name": "yolov2",
    "recv_time": 15114924,
    "tag": "399",
    "total_cost_by_ms": 6.99399995803833,
    "wait_cost": 0.014999866485595703
}
