{
    "child_model_execute_cost_by_ms": [
        6.515999794006348
    ],
    "child_model_run_time": [
        [
            9393490,
            9400006
        ]
    ],
    "execute_cost": 6.515999794006348,
    "finish_time": 9400016,
    "limit_cost_by_ms": 6.167333126068115,
    "model_name": "yolov2",
    "recv_time": 9393406,
    "tag": "41",
    "total_cost_by_ms": 6.610000133514404,
    "wait_cost": 0.09400033950805664
}
