{
    "child_model_execute_cost_by_ms": [
        6.26800012588501
    ],
    "child_model_run_time": [
        [
            15141352,
            15147620
        ]
    ],
    "execute_cost": 6.26800012588501,
    "finish_time": 15147629,
    "limit_cost_by_ms": 6.167333126068115,
    "model_name": "yolov2",
    "recv_time": 15141269,
    "tag": "402",
    "total_cost_by_ms": 6.360000133514404,
    "wait_cost": 0.09200000762939453
}
