{
    "child_model_execute_cost_by_ms": [
        8.102999687194824
    ],
    "child_model_run_time": [
        [
            15240439,
            15248542
        ]
    ],
    "execute_cost": 8.102999687194824,
    "finish_time": 15248550,
    "limit_cost_by_ms": 7.328333377838135,
    "model_name": "squeezenetv1",
    "recv_time": 15240429,
    "tag": "408",
    "total_cost_by_ms": 8.121000289916992,
    "wait_cost": 0.01800060272216797
}
