{
    "child_model_execute_cost_by_ms": [
        8.279000282287598
    ],
    "child_model_run_time": [
        [
            9400529,
            9408808
        ]
    ],
    "execute_cost": 8.279000282287598,
    "finish_time": 9408822,
    "limit_cost_by_ms": 7.328333377838135,
    "model_name": "squeezenetv1",
    "recv_time": 9400484,
    "tag": "42",
    "total_cost_by_ms": 8.338000297546387,
    "wait_cost": 0.05900001525878906
}
