{
    "child_model_execute_cost_by_ms": [
        8.418000221252441
    ],
    "child_model_run_time": [
        [
            15333389,
            15341807
        ]
    ],
    "execute_cost": 8.418000221252441,
    "finish_time": 15341815,
    "limit_cost_by_ms": 7.328333377838135,
    "model_name": "squeezenetv1",
    "recv_time": 15333314,
    "tag": "413",
    "total_cost_by_ms": 8.50100040435791,
    "wait_cost": 0.08300018310546875
}
