{
    "child_model_execute_cost_by_ms": [
        7.084000110626221
    ],
    "child_model_run_time": [
        [
            15434623,
            15441707
        ]
    ],
    "execute_cost": 7.084000110626221,
    "finish_time": 15441714,
    "limit_cost_by_ms": 6.167333126068115,
    "model_name": "yolov2",
    "recv_time": 15393855,
    "tag": "419",
    "total_cost_by_ms": 47.85900115966797,
    "wait_cost": 40.775001525878906
}
