{
    "child_model_execute_cost_by_ms": [
        45.47100067138672
    ],
    "child_model_run_time": [
        [
            15467547,
            15513018
        ]
    ],
    "execute_cost": 45.47100067138672,
    "finish_time": 15513030,
    "limit_cost_by_ms": 47.34466552734375,
    "model_name": "vgg19",
    "recv_time": 15466128,
    "tag": "423",
    "total_cost_by_ms": 46.902000427246094,
    "wait_cost": 1.430999755859375
}
