{
    "child_model_execute_cost_by_ms": [
        8.718000411987305
    ],
    "child_model_run_time": [
        [
            15534796,
            15543514
        ]
    ],
    "execute_cost": 8.718000411987305,
    "finish_time": 15543525,
    "limit_cost_by_ms": 7.328333377838135,
    "model_name": "squeezenetv1",
    "recv_time": 15515086,
    "tag": "425",
    "total_cost_by_ms": 28.43899917602539,
    "wait_cost": 19.720998764038086
}
