{
    "child_model_execute_cost_by_ms": [
        8.038999557495117
    ],
    "child_model_run_time": [
        [
            15670613,
            15678652
        ]
    ],
    "execute_cost": 8.038999557495117,
    "finish_time": 15678660,
    "limit_cost_by_ms": 7.328333377838135,
    "model_name": "squeezenetv1",
    "recv_time": 15670465,
    "tag": "435",
    "total_cost_by_ms": 8.194999694824219,
    "wait_cost": 0.15600013732910156
}
