{
    "child_model_execute_cost_by_ms": [
        6.9039998054504395
    ],
    "child_model_run_time": [
        [
            15866679,
            15873583
        ]
    ],
    "execute_cost": 6.9039998054504395,
    "finish_time": 15873591,
    "limit_cost_by_ms": 6.167333126068115,
    "model_name": "yolov2",
    "recv_time": 15826211,
    "tag": "446",
    "total_cost_by_ms": 47.380001068115234,
    "wait_cost": 40.47600173950195
}
