{
    "child_model_execute_cost_by_ms": [
        8.951000213623047
    ],
    "child_model_run_time": [
        [
            15966457,
            15975408
        ]
    ],
    "execute_cost": 8.951000213623047,
    "finish_time": 15975423,
    "limit_cost_by_ms": 7.328333377838135,
    "model_name": "squeezenetv1",
    "recv_time": 15918483,
    "tag": "452",
    "total_cost_by_ms": 56.939998626708984,
    "wait_cost": 47.98899841308594
}
