{
    "child_model_execute_cost_by_ms": [
        8.13700008392334
    ],
    "child_model_run_time": [
        [
            16102236,
            16110373
        ]
    ],
    "execute_cost": 8.13700008392334,
    "finish_time": 16110383,
    "limit_cost_by_ms": 7.328333377838135,
    "model_name": "squeezenetv1",
    "recv_time": 16102091,
    "tag": "462",
    "total_cost_by_ms": 8.291999816894531,
    "wait_cost": 0.1549997329711914
}
