{
    "child_model_execute_cost_by_ms": [
        44.87099838256836
    ],
    "child_model_run_time": [
        [
            16111136,
            16156007
        ]
    ],
    "execute_cost": 44.87099838256836,
    "finish_time": 16156019,
    "limit_cost_by_ms": 47.34466552734375,
    "model_name": "vgg19",
    "recv_time": 16110844,
    "tag": "463",
    "total_cost_by_ms": 45.17499923706055,
    "wait_cost": 0.3040008544921875
}
