{
    "child_model_execute_cost_by_ms": [
        21.323999404907227
    ],
    "child_model_run_time": [
        [
            16156140,
            16177464
        ]
    ],
    "execute_cost": 21.323999404907227,
    "finish_time": 16177481,
    "limit_cost_by_ms": 19.174999237060547,
    "model_name": "resnet50",
    "recv_time": 16110877,
    "tag": "464",
    "total_cost_by_ms": 66.60399627685547,
    "wait_cost": 45.279998779296875
}
