{
    "child_model_execute_cost_by_ms": [
        6.339000225067139
    ],
    "child_model_run_time": [
        [
            9502968,
            9509307
        ]
    ],
    "execute_cost": 6.339000225067139,
    "finish_time": 9509318,
    "limit_cost_by_ms": 6.167333126068115,
    "model_name": "yolov2",
    "recv_time": 9502927,
    "tag": "48",
    "total_cost_by_ms": 6.390999794006348,
    "wait_cost": 0.051999568939208984
}
