{
    "child_model_execute_cost_by_ms": [
        11.175999641418457
    ],
    "child_model_run_time": [
        [
            16285835,
            16297011
        ]
    ],
    "execute_cost": 11.175999641418457,
    "finish_time": 16297025,
    "limit_cost_by_ms": 8.977333068847656,
    "model_name": "googlenet",
    "recv_time": 16236390,
    "tag": "472",
    "total_cost_by_ms": 60.6349983215332,
    "wait_cost": 49.45899963378906
}
