{
    "child_model_execute_cost_by_ms": [
        6.828999996185303
    ],
    "child_model_run_time": [
        [
            16405628,
            16412457
        ]
    ],
    "execute_cost": 6.828999996185303,
    "finish_time": 16412465,
    "limit_cost_by_ms": 6.167333126068115,
    "model_name": "yolov2",
    "recv_time": 16405621,
    "tag": "480",
    "total_cost_by_ms": 6.843999862670898,
    "wait_cost": 0.014999866485595703
}
