{
    "child_model_execute_cost_by_ms": [
        44.7130012512207
    ],
    "child_model_run_time": [
        [
            16532508,
            16577221
        ]
    ],
    "execute_cost": 44.7130012512207,
    "finish_time": 16577228,
    "limit_cost_by_ms": 47.34466552734375,
    "model_name": "vgg19",
    "recv_time": 16532494,
    "tag": "489",
    "total_cost_by_ms": 44.73400115966797,
    "wait_cost": 0.020999908447265625
}
