{
    "child_model_execute_cost_by_ms": [
        8.315999984741211
    ],
    "child_model_run_time": [
        [
            16854800,
            16863116
        ]
    ],
    "execute_cost": 8.315999984741211,
    "finish_time": 16863123,
    "limit_cost_by_ms": 7.328333377838135,
    "model_name": "squeezenetv1",
    "recv_time": 16848480,
    "tag": "509",
    "total_cost_by_ms": 14.642999649047852,
    "wait_cost": 6.326999664306641
}
