{
    "child_model_execute_cost_by_ms": [
        7.361999988555908
    ],
    "child_model_run_time": [
        [
            17143197,
            17150559
        ]
    ],
    "execute_cost": 7.361999988555908,
    "finish_time": 17150569,
    "limit_cost_by_ms": 6.167333126068115,
    "model_name": "yolov2",
    "recv_time": 17110530,
    "tag": "525",
    "total_cost_by_ms": 40.03900146484375,
    "wait_cost": 32.677001953125
}
