{
    "child_model_execute_cost_by_ms": [
        8.362000465393066
    ],
    "child_model_run_time": [
        [
            17478379,
            17486741
        ]
    ],
    "execute_cost": 8.362000465393066,
    "finish_time": 17486751,
    "limit_cost_by_ms": 7.328333377838135,
    "model_name": "squeezenetv1",
    "recv_time": 17478344,
    "tag": "547",
    "total_cost_by_ms": 8.406999588012695,
    "wait_cost": 0.044999122619628906
}
