{
    "child_model_execute_cost_by_ms": [
        8.357999801635742
    ],
    "child_model_run_time": [
        [
            17815533,
            17823891
        ]
    ],
    "execute_cost": 8.357999801635742,
    "finish_time": 17823901,
    "limit_cost_by_ms": 7.328333377838135,
    "model_name": "squeezenetv1",
    "recv_time": 17802253,
    "tag": "568",
    "total_cost_by_ms": 21.648000717163086,
    "wait_cost": 13.290000915527344
}
