{
    "child_model_execute_cost_by_ms": [
        8.352999687194824
    ],
    "child_model_run_time": [
        [
            9695664,
            9704017
        ]
    ],
    "execute_cost": 8.352999687194824,
    "finish_time": 9704027,
    "limit_cost_by_ms": 7.328333377838135,
    "model_name": "squeezenetv1",
    "recv_time": 9695471,
    "tag": "59",
    "total_cost_by_ms": 8.555999755859375,
    "wait_cost": 0.20300006866455078
}
