{
    "child_model_execute_cost_by_ms": [
        7.363999843597412
    ],
    "child_model_run_time": [
        [
            18205282,
            18212646
        ]
    ],
    "execute_cost": 7.363999843597412,
    "finish_time": 18212654,
    "limit_cost_by_ms": 6.167333126068115,
    "model_name": "yolov2",
    "recv_time": 18194400,
    "tag": "591",
    "total_cost_by_ms": 18.253999710083008,
    "wait_cost": 10.889999389648438
}
