{
    "child_model_execute_cost_by_ms": [
        8.119999885559082
    ],
    "child_model_run_time": [
        [
            18330548,
            18338668
        ]
    ],
    "execute_cost": 8.119999885559082,
    "finish_time": 18338679,
    "limit_cost_by_ms": 7.328333377838135,
    "model_name": "squeezenetv1",
    "recv_time": 18330441,
    "tag": "600",
    "total_cost_by_ms": 8.23799991607666,
    "wait_cost": 0.11800003051757813
}
