{
    "child_model_execute_cost_by_ms": [
        8.154000282287598
    ],
    "child_model_run_time": [
        [
            8847317,
            8855471
        ]
    ],
    "execute_cost": 8.154000282287598,
    "finish_time": 8855478,
    "limit_cost_by_ms": 7.328333377838135,
    "model_name": "squeezenetv1",
    "recv_time": 8792922,
    "tag": "7",
    "total_cost_by_ms": 62.555999755859375,
    "wait_cost": 54.402000427246094
}
