{
    "child_model_execute_cost_by_ms": [
        19.01799964904785
    ],
    "child_model_run_time": [
        [
            18348915,
            18367933
        ]
    ],
    "execute_cost": 19.01799964904785,
    "finish_time": 18367946,
    "limit_cost_by_ms": 19.174999237060547,
    "model_name": "resnet50",
    "recv_time": 18339124,
    "tag": "602",
    "total_cost_by_ms": 28.82200050354004,
    "wait_cost": 9.804000854492188
}
