{
    "child_model_execute_cost_by_ms": [
        8.652000427246094
    ],
    "child_model_run_time": [
        [
            18943369,
            18952021
        ]
    ],
    "execute_cost": 8.652000427246094,
    "finish_time": 18952030,
    "limit_cost_by_ms": 7.328333377838135,
    "model_name": "squeezenetv1",
    "recv_time": 18924350,
    "tag": "637",
    "total_cost_by_ms": 27.68000030517578,
    "wait_cost": 19.027999877929688
}
