{
    "child_model_execute_cost_by_ms": [
        6.5879998207092285
    ],
    "child_model_run_time": [
        [
            18952459,
            18959047
        ]
    ],
    "execute_cost": 6.5879998207092285,
    "finish_time": 18959054,
    "limit_cost_by_ms": 6.167333126068115,
    "model_name": "yolov2",
    "recv_time": 18952451,
    "tag": "638",
    "total_cost_by_ms": 6.603000164031982,
    "wait_cost": 0.015000343322753906
}
