{
    "child_model_execute_cost_by_ms": [
        9.890000343322754
    ],
    "child_model_run_time": [
        [
            19281884,
            19291774
        ]
    ],
    "execute_cost": 9.890000343322754,
    "finish_time": 19291786,
    "limit_cost_by_ms": 8.977333068847656,
    "model_name": "googlenet",
    "recv_time": 19281871,
    "tag": "659",
    "total_cost_by_ms": 9.914999961853027,
    "wait_cost": 0.024999618530273438
}
