{
    "child_model_execute_cost_by_ms": [
        10.142999649047852
    ],
    "child_model_run_time": [
        [
            19376047,
            19386190
        ]
    ],
    "execute_cost": 10.142999649047852,
    "finish_time": 19386203,
    "limit_cost_by_ms": 8.977333068847656,
    "model_name": "googlenet",
    "recv_time": 19375931,
    "tag": "664",
    "total_cost_by_ms": 10.272000312805176,
    "wait_cost": 0.12900066375732422
}
