{
    "child_model_execute_cost_by_ms": [
        8.680999755859375
    ],
    "child_model_run_time": [
        [
            19485183,
            19493864
        ]
    ],
    "execute_cost": 8.680999755859375,
    "finish_time": 19493873,
    "limit_cost_by_ms": 7.328333377838135,
    "model_name": "squeezenetv1",
    "recv_time": 19470129,
    "tag": "671",
    "total_cost_by_ms": 23.743999481201172,
    "wait_cost": 15.062999725341797
}
