{
    "child_model_execute_cost_by_ms": [
        8.255999565124512
    ],
    "child_model_run_time": [
        [
            19501037,
            19509293
        ]
    ],
    "execute_cost": 8.255999565124512,
    "finish_time": 19509306,
    "limit_cost_by_ms": 7.328333377838135,
    "model_name": "squeezenetv1",
    "recv_time": 19500923,
    "tag": "673",
    "total_cost_by_ms": 8.383000373840332,
    "wait_cost": 0.1270008087158203
}
