{
    "child_model_execute_cost_by_ms": [
        20.865999221801758
    ],
    "child_model_run_time": [
        [
            19565877,
            19586743
        ]
    ],
    "execute_cost": 20.865999221801758,
    "finish_time": 19586755,
    "limit_cost_by_ms": 19.174999237060547,
    "model_name": "resnet50",
    "recv_time": 19555428,
    "tag": "676",
    "total_cost_by_ms": 31.32699966430664,
    "wait_cost": 10.461000442504883
}
