{
    "child_model_execute_cost_by_ms": [
        8.552000045776367
    ],
    "child_model_run_time": [
        [
            19594672,
            19603224
        ]
    ],
    "execute_cost": 8.552000045776367,
    "finish_time": 19603234,
    "limit_cost_by_ms": 7.328333377838135,
    "model_name": "squeezenetv1",
    "recv_time": 19594526,
    "tag": "678",
    "total_cost_by_ms": 8.708000183105469,
    "wait_cost": 0.15600013732910156
}
