{
    "child_model_execute_cost_by_ms": [
        6.618000030517578
    ],
    "child_model_run_time": [
        [
            19907870,
            19914488
        ]
    ],
    "execute_cost": 6.618000030517578,
    "finish_time": 19914495,
    "limit_cost_by_ms": 6.167333126068115,
    "model_name": "yolov2",
    "recv_time": 19900181,
    "tag": "697",
    "total_cost_by_ms": 14.314000129699707,
    "wait_cost": 7.696000099182129
}
