{
    "child_model_execute_cost_by_ms": [
        8.243000030517578
    ],
    "child_model_run_time": [
        [
            20114646,
            20122889
        ]
    ],
    "execute_cost": 8.243000030517578,
    "finish_time": 20122899,
    "limit_cost_by_ms": 7.328333377838135,
    "model_name": "squeezenetv1",
    "recv_time": 20114611,
    "tag": "710",
    "total_cost_by_ms": 8.288000106811523,
    "wait_cost": 0.04500007629394531
}
