{
    "child_model_execute_cost_by_ms": [
        8.800999641418457
    ],
    "child_model_run_time": [
        [
            9905976,
            9914777
        ]
    ],
    "execute_cost": 8.800999641418457,
    "finish_time": 9914787,
    "limit_cost_by_ms": 7.328333377838135,
    "model_name": "squeezenetv1",
    "recv_time": 9867868,
    "tag": "72",
    "total_cost_by_ms": 46.91899871826172,
    "wait_cost": 38.11800003051758
}
