{
    "child_model_execute_cost_by_ms": [
        9.897000312805176
    ],
    "child_model_run_time": [
        [
            20232937,
            20242834
        ]
    ],
    "execute_cost": 9.897000312805176,
    "finish_time": 20242844,
    "limit_cost_by_ms": 8.977333068847656,
    "model_name": "googlenet",
    "recv_time": 20232922,
    "tag": "718",
    "total_cost_by_ms": 9.92199993133545,
    "wait_cost": 0.024999618530273438
}
