{
    "child_model_execute_cost_by_ms": [
        6.559000015258789
    ],
    "child_model_run_time": [
        [
            20243491,
            20250050
        ]
    ],
    "execute_cost": 6.559000015258789,
    "finish_time": 20250064,
    "limit_cost_by_ms": 6.167333126068115,
    "model_name": "yolov2",
    "recv_time": 20243335,
    "tag": "719",
    "total_cost_by_ms": 6.729000091552734,
    "wait_cost": 0.1700000762939453
}
