{
    "child_model_execute_cost_by_ms": [
        8.239999771118164
    ],
    "child_model_run_time": [
        [
            20344178,
            20352418
        ]
    ],
    "execute_cost": 8.239999771118164,
    "finish_time": 20352429,
    "limit_cost_by_ms": 7.328333377838135,
    "model_name": "squeezenetv1",
    "recv_time": 20344031,
    "tag": "725",
    "total_cost_by_ms": 8.39799976348877,
    "wait_cost": 0.15799999237060547
}
