{
    "child_model_execute_cost_by_ms": [
        9.529999732971191
    ],
    "child_model_run_time": [
        [
            20553863,
            20563393
        ]
    ],
    "execute_cost": 9.529999732971191,
    "finish_time": 20563403,
    "limit_cost_by_ms": 8.977333068847656,
    "model_name": "googlenet",
    "recv_time": 20553848,
    "tag": "738",
    "total_cost_by_ms": 9.555000305175781,
    "wait_cost": 0.025000572204589844
}
