{
    "child_model_execute_cost_by_ms": [
        21.506999969482422
    ],
    "child_model_run_time": [
        [
            20716520,
            20738027
        ]
    ],
    "execute_cost": 21.506999969482422,
    "finish_time": 20738039,
    "limit_cost_by_ms": 19.174999237060547,
    "model_name": "resnet50",
    "recv_time": 20687777,
    "tag": "747",
    "total_cost_by_ms": 50.262001037597656,
    "wait_cost": 28.755001068115234
}
