{
    "child_model_execute_cost_by_ms": [
        8.38700008392334
    ],
    "child_model_run_time": [
        [
            21088328,
            21096715
        ]
    ],
    "execute_cost": 8.38700008392334,
    "finish_time": 21096727,
    "limit_cost_by_ms": 7.328333377838135,
    "model_name": "squeezenetv1",
    "recv_time": 21082223,
    "tag": "771",
    "total_cost_by_ms": 14.503999710083008,
    "wait_cost": 6.116999626159668
}
