{
    "child_model_execute_cost_by_ms": [
        8.612000465393066
    ],
    "child_model_run_time": [
        [
            21289733,
            21298345
        ]
    ],
    "execute_cost": 8.612000465393066,
    "finish_time": 21298355,
    "limit_cost_by_ms": 7.328333377838135,
    "model_name": "squeezenetv1",
    "recv_time": 21262093,
    "tag": "783",
    "total_cost_by_ms": 36.262001037597656,
    "wait_cost": 27.650001525878906
}
