{
    "child_model_execute_cost_by_ms": [
        8.935999870300293
    ],
    "child_model_run_time": [
        [
            21361355,
            21370291
        ]
    ],
    "execute_cost": 8.935999870300293,
    "finish_time": 21370305,
    "limit_cost_by_ms": 7.328333377838135,
    "model_name": "squeezenetv1",
    "recv_time": 21321068,
    "tag": "787",
    "total_cost_by_ms": 49.23699951171875,
    "wait_cost": 40.30099868774414
}
