{
    "child_model_execute_cost_by_ms": [
        10.361000061035156
    ],
    "child_model_run_time": [
        [
            21704638,
            21714999
        ]
    ],
    "execute_cost": 10.361000061035156,
    "finish_time": 21715008,
    "limit_cost_by_ms": 8.977333068847656,
    "model_name": "googlenet",
    "recv_time": 21678804,
    "tag": "808",
    "total_cost_by_ms": 36.20399856567383,
    "wait_cost": 25.842998504638672
}
