{
    "child_model_execute_cost_by_ms": [
        8.081999778747559
    ],
    "child_model_run_time": [
        [
            21804272,
            21812354
        ]
    ],
    "execute_cost": 8.081999778747559,
    "finish_time": 21812363,
    "limit_cost_by_ms": 7.328333377838135,
    "model_name": "squeezenetv1",
    "recv_time": 21740136,
    "tag": "814",
    "total_cost_by_ms": 72.22699737548828,
    "wait_cost": 64.1449966430664
}
