{
    "child_model_execute_cost_by_ms": [
        44.62099838256836
    ],
    "child_model_run_time": [
        [
            22154259,
            22198880
        ]
    ],
    "execute_cost": 44.62099838256836,
    "finish_time": 22198893,
    "limit_cost_by_ms": 47.34466552734375,
    "model_name": "vgg19",
    "recv_time": 22154230,
    "tag": "837",
    "total_cost_by_ms": 44.66299819946289,
    "wait_cost": 0.04199981689453125
}
