{
    "child_model_execute_cost_by_ms": [
        8.541000366210938
    ],
    "child_model_run_time": [
        [
            22239346,
            22247887
        ]
    ],
    "execute_cost": 8.541000366210938,
    "finish_time": 22247894,
    "limit_cost_by_ms": 7.328333377838135,
    "model_name": "squeezenetv1",
    "recv_time": 22239335,
    "tag": "841",
    "total_cost_by_ms": 8.559000015258789,
    "wait_cost": 0.017999649047851563
}
