{
    "child_model_execute_cost_by_ms": [
        6.698999881744385
    ],
    "child_model_run_time": [
        [
            22248360,
            22255059
        ]
    ],
    "execute_cost": 6.698999881744385,
    "finish_time": 22255071,
    "limit_cost_by_ms": 6.167333126068115,
    "model_name": "yolov2",
    "recv_time": 22248274,
    "tag": "842",
    "total_cost_by_ms": 6.796999931335449,
    "wait_cost": 0.09800004959106445
}
