{
    "child_model_execute_cost_by_ms": [
        6.940000057220459
    ],
    "child_model_run_time": [
        [
            22462492,
            22469432
        ]
    ],
    "execute_cost": 6.940000057220459,
    "finish_time": 22469438,
    "limit_cost_by_ms": 6.167333126068115,
    "model_name": "yolov2",
    "recv_time": 22449959,
    "tag": "855",
    "total_cost_by_ms": 19.479000091552734,
    "wait_cost": 12.538999557495117
}
