{
    "child_model_execute_cost_by_ms": [
        7.3520002365112305
    ],
    "child_model_run_time": [
        [
            22742826,
            22750178
        ]
    ],
    "execute_cost": 7.3520002365112305,
    "finish_time": 22750187,
    "limit_cost_by_ms": 6.167333126068115,
    "model_name": "yolov2",
    "recv_time": 22725936,
    "tag": "872",
    "total_cost_by_ms": 24.250999450683594,
    "wait_cost": 16.898998260498047
}
