{
    "child_model_execute_cost_by_ms": [
        6.513000011444092
    ],
    "child_model_run_time": [
        [
            22886719,
            22893232
        ]
    ],
    "execute_cost": 6.513000011444092,
    "finish_time": 22893240,
    "limit_cost_by_ms": 6.167333126068115,
    "model_name": "yolov2",
    "recv_time": 22886635,
    "tag": "881",
    "total_cost_by_ms": 6.605000019073486,
    "wait_cost": 0.09200000762939453
}
