{
    "child_model_execute_cost_by_ms": [
        7.081999778747559
    ],
    "child_model_run_time": [
        [
            22979045,
            22986127
        ]
    ],
    "execute_cost": 7.081999778747559,
    "finish_time": 22986135,
    "limit_cost_by_ms": 6.167333126068115,
    "model_name": "yolov2",
    "recv_time": 22949096,
    "tag": "886",
    "total_cost_by_ms": 37.03900146484375,
    "wait_cost": 29.957000732421875
}
