{
    "child_model_execute_cost_by_ms": [
        8.829000473022461
    ],
    "child_model_run_time": [
        [
            23403184,
            23412013
        ]
    ],
    "execute_cost": 8.829000473022461,
    "finish_time": 23412024,
    "limit_cost_by_ms": 7.328333377838135,
    "model_name": "squeezenetv1",
    "recv_time": 23347401,
    "tag": "912",
    "total_cost_by_ms": 64.62300109863281,
    "wait_cost": 55.79399871826172
}
