{
    "child_model_execute_cost_by_ms": [
        8.28499984741211
    ],
    "child_model_run_time": [
        [
            23419594,
            23427879
        ]
    ],
    "execute_cost": 8.28499984741211,
    "finish_time": 23427888,
    "limit_cost_by_ms": 7.328333377838135,
    "model_name": "squeezenetv1",
    "recv_time": 23419581,
    "tag": "914",
    "total_cost_by_ms": 8.307000160217285,
    "wait_cost": 0.02200031280517578
}
