{
    "child_model_execute_cost_by_ms": [
        8.16100025177002
    ],
    "child_model_run_time": [
        [
            23539066,
            23547227
        ]
    ],
    "execute_cost": 8.16100025177002,
    "finish_time": 23547238,
    "limit_cost_by_ms": 7.328333377838135,
    "model_name": "squeezenetv1",
    "recv_time": 23538962,
    "tag": "922",
    "total_cost_by_ms": 8.276000022888184,
    "wait_cost": 0.11499977111816406
}
