{
    "child_model_execute_cost_by_ms": [
        6.730999946594238
    ],
    "child_model_run_time": [
        [
            23734792,
            23741523
        ]
    ],
    "execute_cost": 6.730999946594238,
    "finish_time": 23741530,
    "limit_cost_by_ms": 6.167333126068115,
    "model_name": "yolov2",
    "recv_time": 23734788,
    "tag": "933",
    "total_cost_by_ms": 6.742000102996826,
    "wait_cost": 0.01100015640258789
}
