{
    "child_model_execute_cost_by_ms": [
        6.401000022888184
    ],
    "child_model_run_time": [
        [
            23750533,
            23756934
        ]
    ],
    "execute_cost": 6.401000022888184,
    "finish_time": 23756940,
    "limit_cost_by_ms": 6.167333126068115,
    "model_name": "yolov2",
    "recv_time": 23750523,
    "tag": "935",
    "total_cost_by_ms": 6.416999816894531,
    "wait_cost": 0.015999794006347656
}
