{
    "child_model_execute_cost_by_ms": [
        19.128000259399414
    ],
    "child_model_run_time": [
        [
            23870101,
            23889229
        ]
    ],
    "execute_cost": 19.128000259399414,
    "finish_time": 23889242,
    "limit_cost_by_ms": 19.174999237060547,
    "model_name": "resnet50",
    "recv_time": 23869999,
    "tag": "943",
    "total_cost_by_ms": 19.243000030517578,
    "wait_cost": 0.11499977111816406
}
