{
    "child_model_execute_cost_by_ms": [
        10.326000213623047
    ],
    "child_model_run_time": [
        [
            24485757,
            24496083
        ]
    ],
    "execute_cost": 10.326000213623047,
    "finish_time": 24496093,
    "limit_cost_by_ms": 8.977333068847656,
    "model_name": "googlenet",
    "recv_time": 24485740,
    "tag": "980",
    "total_cost_by_ms": 10.352999687194824,
    "wait_cost": 0.026999473571777344
}
