{
    "child_model_execute_cost_by_ms": [
        6.418000221252441
    ],
    "child_model_run_time": [
        [
            10343089,
            10349507
        ]
    ],
    "execute_cost": 6.418000221252441,
    "finish_time": 10349519,
    "limit_cost_by_ms": 6.167333126068115,
    "model_name": "yolov2",
    "recv_time": 10342913,
    "tag": "100",
    "total_cost_by_ms": 6.605999946594238,
    "wait_cost": 0.18799972534179688
}
