{
    "child_model_execute_cost_by_ms": [
        15.293000221252441,
        9.5600004196167
    ],
    "child_model_run_time": [
        [
            11284360,
            11299653
        ],
        [
            11316738,
            11326298
        ]
    ],
    "execute_cost": 24.85300064086914,
    "finish_time": 11326310,
    "limit_cost_by_ms": 19.095333099365234,
    "model_name": "resnet50",
    "recv_time": 11284253,
    "tag": "110",
    "total_cost_by_ms": 42.05699920654297,
    "wait_cost": 17.203998565673828
}
