{
    "child_model_execute_cost_by_ms": [
        9.760000228881836
    ],
    "child_model_run_time": [
        [
            11344971,
            11354731
        ]
    ],
    "execute_cost": 9.760000228881836,
    "finish_time": 11354742,
    "limit_cost_by_ms": 9.082666397094727,
    "model_name": "googlenet",
    "recv_time": 11329551,
    "tag": "114",
    "total_cost_by_ms": 25.19099998474121,
    "wait_cost": 15.430999755859375
}
