{
    "child_model_execute_cost_by_ms": [
        19.94300079345703,
        18.618000030517578,
        20.69099998474121
    ],
    "child_model_run_time": [
        [
            11610375,
            11630318
        ],
        [
            11648418,
            11667036
        ],
        [
            11675605,
            11696296
        ]
    ],
    "execute_cost": 59.25199890136719,
    "finish_time": 11696304,
    "limit_cost_by_ms": 47.67300033569336,
    "model_name": "vgg19",
    "recv_time": 11610357,
    "tag": "123",
    "total_cost_by_ms": 85.9469985961914,
    "wait_cost": 26.69499969482422
}
