{
    "child_model_execute_cost_by_ms": [
        15.397000312805176,
        9.33899974822998
    ],
    "child_model_run_time": [
        [
            11995283,
            12010680
        ],
        [
            12010783,
            12020122
        ]
    ],
    "execute_cost": 24.736000061035156,
    "finish_time": 12020133,
    "limit_cost_by_ms": 19.095333099365234,
    "model_name": "resnet50",
    "recv_time": 11992003,
    "tag": "139",
    "total_cost_by_ms": 28.1299991607666,
    "wait_cost": 3.3939990997314453
}
