{
    "child_model_execute_cost_by_ms": [
        9.954999923706055
    ],
    "child_model_run_time": [
        [
            12709387,
            12719342
        ]
    ],
    "execute_cost": 9.954999923706055,
    "finish_time": 12719354,
    "limit_cost_by_ms": 9.082666397094727,
    "model_name": "googlenet",
    "recv_time": 12697323,
    "tag": "167",
    "total_cost_by_ms": 22.0310001373291,
    "wait_cost": 12.076000213623047
}
