{
    "child_model_execute_cost_by_ms": [
        14.432000160217285,
        8.741000175476074
    ],
    "child_model_run_time": [
        [
            12803444,
            12817876
        ],
        [
            12817928,
            12826669
        ]
    ],
    "execute_cost": 23.17300033569336,
    "finish_time": 12826677,
    "limit_cost_by_ms": 19.095333099365234,
    "model_name": "resnet50",
    "recv_time": 12803232,
    "tag": "171",
    "total_cost_by_ms": 23.44499969482422,
    "wait_cost": 0.2719993591308594
}
