{
    "child_model_execute_cost_by_ms": [
        10.366999626159668
    ],
    "child_model_run_time": [
        [
            12845587,
            12855954
        ]
    ],
    "execute_cost": 10.366999626159668,
    "finish_time": 12855968,
    "limit_cost_by_ms": 9.082666397094727,
    "model_name": "googlenet",
    "recv_time": 12830664,
    "tag": "173",
    "total_cost_by_ms": 25.304000854492188,
    "wait_cost": 14.93700122833252
}
