{
    "child_model_execute_cost_by_ms": [
        17.95400047302246,
        17.599000930786133,
        20.697999954223633
    ],
    "child_model_run_time": [
        [
            13442327,
            13460281
        ],
        [
            13460327,
            13477926
        ],
        [
            13477974,
            13498672
        ]
    ],
    "execute_cost": 56.250999450683594,
    "finish_time": 13498681,
    "limit_cost_by_ms": 47.67300033569336,
    "model_name": "vgg19",
    "recv_time": 13442257,
    "tag": "197",
    "total_cost_by_ms": 56.42399978637695,
    "wait_cost": 0.17300033569335938
}
