{
    "child_model_execute_cost_by_ms": [
        8.625
    ],
    "child_model_run_time": [
        [
            13908921,
            13917546
        ]
    ],
    "execute_cost": 8.625,
    "finish_time": 13917559,
    "limit_cost_by_ms": 7.392333507537842,
    "model_name": "squeezenetv1",
    "recv_time": 13901590,
    "tag": "216",
    "total_cost_by_ms": 15.968999862670898,
    "wait_cost": 7.343999862670898
}
