{
    "child_model_execute_cost_by_ms": [
        15.456000328063965,
        9.071000099182129
    ],
    "child_model_run_time": [
        [
            13927642,
            13943098
        ],
        [
            13943189,
            13952260
        ]
    ],
    "execute_cost": 24.527000427246094,
    "finish_time": 13952269,
    "limit_cost_by_ms": 19.095333099365234,
    "model_name": "resnet50",
    "recv_time": 13888961,
    "tag": "213",
    "total_cost_by_ms": 63.30799865722656,
    "wait_cost": 38.78099822998047
}
