{
    "child_model_execute_cost_by_ms": [
        18.454999923706055,
        17.500999450683594,
        20.41200065612793
    ],
    "child_model_run_time": [
        [
            14753998,
            14772453
        ],
        [
            14772550,
            14790051
        ],
        [
            14798637,
            14819049
        ]
    ],
    "execute_cost": 56.368003845214844,
    "finish_time": 14819059,
    "limit_cost_by_ms": 47.67300033569336,
    "model_name": "vgg19",
    "recv_time": 14753974,
    "tag": "248",
    "total_cost_by_ms": 65.08499908447266,
    "wait_cost": 8.716995239257813
}
