{
    "child_model_execute_cost_by_ms": [
        10.227999687194824
    ],
    "child_model_run_time": [
        [
            14976933,
            14987161
        ]
    ],
    "execute_cost": 10.227999687194824,
    "finish_time": 14987176,
    "limit_cost_by_ms": 9.082666397094727,
    "model_name": "googlenet",
    "recv_time": 14958126,
    "tag": "257",
    "total_cost_by_ms": 29.049999237060547,
    "wait_cost": 18.821998596191406
}
