{
    "child_model_execute_cost_by_ms": [
        19.650999069213867,
        18.136999130249023,
        20.957000732421875
    ],
    "child_model_run_time": [
        [
            15190639,
            15210290
        ],
        [
            15210401,
            15228538
        ],
        [
            15238299,
            15259256
        ]
    ],
    "execute_cost": 58.744998931884766,
    "finish_time": 15259266,
    "limit_cost_by_ms": 47.67300033569336,
    "model_name": "vgg19",
    "recv_time": 15168720,
    "tag": "265",
    "total_cost_by_ms": 90.5459976196289,
    "wait_cost": 31.80099868774414
}
