{
    "child_model_execute_cost_by_ms": [
        8.413999557495117
    ],
    "child_model_run_time": [
        [
            16775362,
            16783776
        ]
    ],
    "execute_cost": 8.413999557495117,
    "finish_time": 16783785,
    "limit_cost_by_ms": 7.392333507537842,
    "model_name": "squeezenetv1",
    "recv_time": 16775196,
    "tag": "327",
    "total_cost_by_ms": 8.58899974822998,
    "wait_cost": 0.17500019073486328
}
