{
    "child_model_execute_cost_by_ms": [
        8.805999755859375
    ],
    "child_model_run_time": [
        [
            16962285,
            16971091
        ]
    ],
    "execute_cost": 8.805999755859375,
    "finish_time": 16971102,
    "limit_cost_by_ms": 7.392333507537842,
    "model_name": "squeezenetv1",
    "recv_time": 16954419,
    "tag": "334",
    "total_cost_by_ms": 16.683000564575195,
    "wait_cost": 7.87700080871582
}
