{
    "child_model_execute_cost_by_ms": [
        17.889999389648438,
        17.729000091552734,
        20.792999267578125
    ],
    "child_model_run_time": [
        [
            17489717,
            17507607
        ],
        [
            17507697,
            17525426
        ],
        [
            17544148,
            17564941
        ]
    ],
    "execute_cost": 56.4119987487793,
    "finish_time": 17564948,
    "limit_cost_by_ms": 47.67300033569336,
    "model_name": "vgg19",
    "recv_time": 17473704,
    "tag": "356",
    "total_cost_by_ms": 91.24400329589844,
    "wait_cost": 34.83200454711914
}
