{
    "child_model_execute_cost_by_ms": [
        14.052000045776367,
        8.991000175476074
    ],
    "child_model_run_time": [
        [
            17584060,
            17598112
        ],
        [
            17606784,
            17615775
        ]
    ],
    "execute_cost": 23.042999267578125,
    "finish_time": 17615784,
    "limit_cost_by_ms": 19.095333099365234,
    "model_name": "resnet50",
    "recv_time": 17566838,
    "tag": "360",
    "total_cost_by_ms": 48.94599914550781,
    "wait_cost": 25.902999877929688
}
