{
    "child_model_execute_cost_by_ms": [
        13.743000030517578,
        8.557000160217285
    ],
    "child_model_run_time": [
        [
            9479089,
            9492832
        ],
        [
            9492925,
            9501482
        ]
    ],
    "execute_cost": 22.299999237060547,
    "finish_time": 9501492,
    "limit_cost_by_ms": 19.095333099365234,
    "model_name": "resnet50",
    "recv_time": 9466359,
    "tag": "38",
    "total_cost_by_ms": 35.132999420166016,
    "wait_cost": 12.833000183105469
}
