{
    "child_model_execute_cost_by_ms": [
        8.741000175476074
    ],
    "child_model_run_time": [
        [
            17756203,
            17764944
        ]
    ],
    "execute_cost": 8.741000175476074,
    "finish_time": 17764958,
    "limit_cost_by_ms": 7.392333507537842,
    "model_name": "squeezenetv1",
    "recv_time": 17756188,
    "tag": "366",
    "total_cost_by_ms": 8.770000457763672,
    "wait_cost": 0.029000282287597656
}
