{
    "child_model_execute_cost_by_ms": [
        9.626999855041504
    ],
    "child_model_run_time": [
        [
            17779918,
            17789545
        ]
    ],
    "execute_cost": 9.626999855041504,
    "finish_time": 17789554,
    "limit_cost_by_ms": 9.082666397094727,
    "model_name": "googlenet",
    "recv_time": 17773199,
    "tag": "369",
    "total_cost_by_ms": 16.354999542236328,
    "wait_cost": 6.727999687194824
}
