{
    "child_model_execute_cost_by_ms": [
        10.269000053405762
    ],
    "child_model_run_time": [
        [
            18358016,
            18368285
        ]
    ],
    "execute_cost": 10.269000053405762,
    "finish_time": 18368293,
    "limit_cost_by_ms": 9.082666397094727,
    "model_name": "googlenet",
    "recv_time": 18357883,
    "tag": "389",
    "total_cost_by_ms": 10.40999984741211,
    "wait_cost": 0.14099979400634766
}
