{
    "child_model_execute_cost_by_ms": [
        21.32900047302246,
        20.64699935913086,
        24.89699935913086
    ],
    "child_model_run_time": [
        [
            8523236,
            8544565
        ],
        [
            8569841,
            8590488
        ],
        [
            8621637,
            8646534
        ]
    ],
    "execute_cost": 66.87300109863281,
    "finish_time": 8646543,
    "limit_cost_by_ms": 47.67300033569336,
    "model_name": "vgg19",
    "recv_time": 8522949,
    "tag": "1",
    "total_cost_by_ms": 123.59400177001953,
    "wait_cost": 56.72100067138672
}
