{
    "child_model_execute_cost_by_ms": [
        3.25,
        4.65500020980835
    ],
    "child_model_run_time": [
        [
            19034769,
            19038019
        ],
        [
            19038067,
            19042722
        ]
    ],
    "execute_cost": 7.90500020980835,
    "finish_time": 19042731,
    "limit_cost_by_ms": 6.283666610717773,
    "model_name": "yolov2",
    "recv_time": 19024644,
    "tag": "417",
    "total_cost_by_ms": 18.086999893188477,
    "wait_cost": 10.181999206542969
}
