{
    "child_model_execute_cost_by_ms": [
        14.187000274658203,
        8.6899995803833
    ],
    "child_model_run_time": [
        [
            19043007,
            19057194
        ],
        [
            19057283,
            19065973
        ]
    ],
    "execute_cost": 22.876998901367188,
    "finish_time": 19065983,
    "limit_cost_by_ms": 19.095333099365234,
    "model_name": "resnet50",
    "recv_time": 19036837,
    "tag": "418",
    "total_cost_by_ms": 29.145999908447266,
    "wait_cost": 6.269001007080078
}
