{
    "child_model_execute_cost_by_ms": [
        18.187999725341797,
        17.785999298095703,
        20.639999389648438
    ],
    "child_model_run_time": [
        [
            19087160,
            19105348
        ],
        [
            19113977,
            19131763
        ],
        [
            19131804,
            19152444
        ]
    ],
    "execute_cost": 56.61399841308594,
    "finish_time": 19152450,
    "limit_cost_by_ms": 47.67300033569336,
    "model_name": "vgg19",
    "recv_time": 19087149,
    "tag": "419",
    "total_cost_by_ms": 65.3010025024414,
    "wait_cost": 8.687004089355469
}
