{
    "child_model_execute_cost_by_ms": [
        19.03700065612793,
        18.91200065612793,
        20.972999572753906
    ],
    "child_model_run_time": [
        [
            19188756,
            19207793
        ],
        [
            19215825,
            19234737
        ],
        [
            19234760,
            19255733
        ]
    ],
    "execute_cost": 58.922000885009766,
    "finish_time": 19255739,
    "limit_cost_by_ms": 47.67300033569336,
    "model_name": "vgg19",
    "recv_time": 19188598,
    "tag": "423",
    "total_cost_by_ms": 67.14099884033203,
    "wait_cost": 8.218997955322266
}
