{
    "child_model_execute_cost_by_ms": [
        15.416999816894531,
        9.449000358581543
    ],
    "child_model_run_time": [
        [
            19360377,
            19375794
        ],
        [
            19375891,
            19385340
        ]
    ],
    "execute_cost": 24.86600112915039,
    "finish_time": 19385348,
    "limit_cost_by_ms": 19.095333099365234,
    "model_name": "resnet50",
    "recv_time": 19360362,
    "tag": "429",
    "total_cost_by_ms": 24.986000061035156,
    "wait_cost": 0.11999893188476563
}
