{
    "child_model_execute_cost_by_ms": [
        20.014999389648438,
        18.3700008392334,
        21.398000717163086
    ],
    "child_model_run_time": [
        [
            19704370,
            19724385
        ],
        [
            19724475,
            19742845
        ],
        [
            19776200,
            19797598
        ]
    ],
    "execute_cost": 59.78300476074219,
    "finish_time": 19797605,
    "limit_cost_by_ms": 47.67300033569336,
    "model_name": "vgg19",
    "recv_time": 19704353,
    "tag": "444",
    "total_cost_by_ms": 93.25199890136719,
    "wait_cost": 33.468994140625
}
