{
    "child_model_execute_cost_by_ms": [
        19.283000946044922,
        19.832000732421875,
        21.20800018310547
    ],
    "child_model_run_time": [
        [
            19798134,
            19817417
        ],
        [
            19862977,
            19882809
        ],
        [
            19882907,
            19904115
        ]
    ],
    "execute_cost": 60.323001861572266,
    "finish_time": 19904126,
    "limit_cost_by_ms": 47.67300033569336,
    "model_name": "vgg19",
    "recv_time": 19798019,
    "tag": "447",
    "total_cost_by_ms": 106.10700225830078,
    "wait_cost": 45.784000396728516
}
