{
    "child_model_execute_cost_by_ms": [
        8.34000015258789
    ],
    "child_model_run_time": [
        [
            20068510,
            20076850
        ]
    ],
    "execute_cost": 8.34000015258789,
    "finish_time": 20076865,
    "limit_cost_by_ms": 7.392333507537842,
    "model_name": "squeezenetv1",
    "recv_time": 20052947,
    "tag": "458",
    "total_cost_by_ms": 23.917999267578125,
    "wait_cost": 15.577999114990234
}
