{
    "child_model_execute_cost_by_ms": [
        17.847000122070313,
        19.479000091552734,
        20.79400062561035
    ],
    "child_model_run_time": [
        [
            20318623,
            20336470
        ],
        [
            20389288,
            20408767
        ],
        [
            20408815,
            20429609
        ]
    ],
    "execute_cost": 58.12000274658203,
    "finish_time": 20429617,
    "limit_cost_by_ms": 47.67300033569336,
    "model_name": "vgg19",
    "recv_time": 20318539,
    "tag": "467",
    "total_cost_by_ms": 111.0780029296875,
    "wait_cost": 52.95800018310547
}
