{
    "child_model_execute_cost_by_ms": [
        19.65399932861328,
        18.60300064086914,
        21.368999481201172
    ],
    "child_model_run_time": [
        [
            20944213,
            20963867
        ],
        [
            20963920,
            20982523
        ],
        [
            20982618,
            21003987
        ]
    ],
    "execute_cost": 59.625999450683594,
    "finish_time": 21003994,
    "limit_cost_by_ms": 47.67300033569336,
    "model_name": "vgg19",
    "recv_time": 20944115,
    "tag": "492",
    "total_cost_by_ms": 59.87900161743164,
    "wait_cost": 0.2530021667480469
}
