{
    "child_model_execute_cost_by_ms": [
        15.015000343322754,
        9.312000274658203
    ],
    "child_model_run_time": [
        [
            21004042,
            21019057
        ],
        [
            21019096,
            21028408
        ]
    ],
    "execute_cost": 24.32699966430664,
    "finish_time": 21028416,
    "limit_cost_by_ms": 19.095333099365234,
    "model_name": "resnet50",
    "recv_time": 20995435,
    "tag": "493",
    "total_cost_by_ms": 32.98099899291992,
    "wait_cost": 8.653999328613281
}
