{
    "child_model_execute_cost_by_ms": [
        8.329000473022461
    ],
    "child_model_run_time": [
        [
            21056826,
            21065155
        ]
    ],
    "execute_cost": 8.329000473022461,
    "finish_time": 21065166,
    "limit_cost_by_ms": 7.392333507537842,
    "model_name": "squeezenetv1",
    "recv_time": 21031027,
    "tag": "496",
    "total_cost_by_ms": 34.138999938964844,
    "wait_cost": 25.809999465942383
}
