{
    "child_model_execute_cost_by_ms": [
        8.24899959564209
    ],
    "child_model_run_time": [
        [
            9860375,
            9868624
        ]
    ],
    "execute_cost": 8.24899959564209,
    "finish_time": 9868644,
    "limit_cost_by_ms": 7.392333507537842,
    "model_name": "squeezenetv1",
    "recv_time": 9844549,
    "tag": "53",
    "total_cost_by_ms": 24.094999313354492,
    "wait_cost": 15.845999717712402
}
