{
    "child_model_execute_cost_by_ms": [
        19.01099967956543,
        19.788000106811523,
        21.104999542236328
    ],
    "child_model_run_time": [
        [
            21548415,
            21567426
        ],
        [
            21609935,
            21629723
        ],
        [
            21629763,
            21650868
        ]
    ],
    "execute_cost": 59.90399932861328,
    "finish_time": 21650875,
    "limit_cost_by_ms": 47.67300033569336,
    "model_name": "vgg19",
    "recv_time": 21539775,
    "tag": "515",
    "total_cost_by_ms": 111.0999984741211,
    "wait_cost": 51.19599914550781
}
