{
    "child_model_execute_cost_by_ms": [
        8.541000366210938
    ],
    "child_model_run_time": [
        [
            21908499,
            21917040
        ]
    ],
    "execute_cost": 8.541000366210938,
    "finish_time": 21917052,
    "limit_cost_by_ms": 7.392333507537842,
    "model_name": "squeezenetv1",
    "recv_time": 21900676,
    "tag": "530",
    "total_cost_by_ms": 16.375999450683594,
    "wait_cost": 7.834999084472656
}
