{
    "child_model_execute_cost_by_ms": [
        19.125,
        18.14699935913086,
        20.892000198364258
    ],
    "child_model_run_time": [
        [
            22499893,
            22519018
        ],
        [
            22519124,
            22537271
        ],
        [
            22537313,
            22558205
        ]
    ],
    "execute_cost": 58.16400146484375,
    "finish_time": 22558210,
    "limit_cost_by_ms": 47.67300033569336,
    "model_name": "vgg19",
    "recv_time": 22499541,
    "tag": "552",
    "total_cost_by_ms": 58.66899871826172,
    "wait_cost": 0.5049972534179688
}
