{
    "child_model_execute_cost_by_ms": [
        18.429000854492188,
        18.847999572753906,
        21.34600067138672
    ],
    "child_model_run_time": [
        [
            22984834,
            23003263
        ],
        [
            23028344,
            23047192
        ],
        [
            23055047,
            23076393
        ]
    ],
    "execute_cost": 58.62300109863281,
    "finish_time": 23076401,
    "limit_cost_by_ms": 47.67300033569336,
    "model_name": "vgg19",
    "recv_time": 22983899,
    "tag": "570",
    "total_cost_by_ms": 92.50199890136719,
    "wait_cost": 33.878997802734375
}
