{
    "child_model_execute_cost_by_ms": [
        18.371999740600586,
        18.3700008392334,
        21.79599952697754
    ],
    "child_model_run_time": [
        [
            23294257,
            23312629
        ],
        [
            23312672,
            23331042
        ],
        [
            23375824,
            23397620
        ]
    ],
    "execute_cost": 58.538002014160156,
    "finish_time": 23397625,
    "limit_cost_by_ms": 47.67300033569336,
    "model_name": "vgg19",
    "recv_time": 23282707,
    "tag": "582",
    "total_cost_by_ms": 114.91799926757813,
    "wait_cost": 56.37999725341797
}
