{
    "child_model_execute_cost_by_ms": [
        19.166000366210938,
        18.42300033569336,
        21.42099952697754
    ],
    "child_model_run_time": [
        [
            23502617,
            23521783
        ],
        [
            23521825,
            23540248
        ],
        [
            23573804,
            23595225
        ]
    ],
    "execute_cost": 59.01000213623047,
    "finish_time": 23595234,
    "limit_cost_by_ms": 47.67300033569336,
    "model_name": "vgg19",
    "recv_time": 23498632,
    "tag": "590",
    "total_cost_by_ms": 96.60199737548828,
    "wait_cost": 37.59199523925781
}
