{
    "child_model_execute_cost_by_ms": [
        3.2980000972747803,
        4.6519999504089355
    ],
    "child_model_run_time": [
        [
            23898517,
            23901815
        ],
        [
            23901856,
            23906508
        ]
    ],
    "execute_cost": 7.949999809265137,
    "finish_time": 23906514,
    "limit_cost_by_ms": 6.283666610717773,
    "model_name": "yolov2",
    "recv_time": 23894857,
    "tag": "605",
    "total_cost_by_ms": 11.656999588012695,
    "wait_cost": 3.7069997787475586
}
