{
    "child_model_execute_cost_by_ms": [
        18.2189998626709,
        18.110000610351563,
        21.8799991607666
    ],
    "child_model_run_time": [
        [
            24425165,
            24443384
        ],
        [
            24443420,
            24461530
        ],
        [
            24497333,
            24519213
        ]
    ],
    "execute_cost": 58.20899963378906,
    "finish_time": 24519221,
    "limit_cost_by_ms": 47.67300033569336,
    "model_name": "vgg19",
    "recv_time": 24425143,
    "tag": "626",
    "total_cost_by_ms": 94.0780029296875,
    "wait_cost": 35.86900329589844
}
