{
    "child_model_execute_cost_by_ms": [
        18.381000518798828,
        17.434999465942383,
        20.649999618530273
    ],
    "child_model_run_time": [
        [
            24630935,
            24649316
        ],
        [
            24649353,
            24666788
        ],
        [
            24666820,
            24687470
        ]
    ],
    "execute_cost": 56.46600341796875,
    "finish_time": 24687476,
    "limit_cost_by_ms": 47.67300033569336,
    "model_name": "vgg19",
    "recv_time": 24630923,
    "tag": "634",
    "total_cost_by_ms": 56.553001403808594,
    "wait_cost": 0.08699798583984375
}
