{
    "child_model_execute_cost_by_ms": [
        10.161999702453613
    ],
    "child_model_run_time": [
        [
            24729880,
            24740042
        ]
    ],
    "execute_cost": 10.161999702453613,
    "finish_time": 24740057,
    "limit_cost_by_ms": 9.082666397094727,
    "model_name": "googlenet",
    "recv_time": 24725261,
    "tag": "639",
    "total_cost_by_ms": 14.795999526977539,
    "wait_cost": 4.633999824523926
}
