{
    "child_model_execute_cost_by_ms": [
        18.618000030517578,
        18.27899932861328,
        21.69099998474121
    ],
    "child_model_run_time": [
        [
            24938392,
            24957010
        ],
        [
            24957044,
            24975323
        ],
        [
            24975355,
            24997046
        ]
    ],
    "execute_cost": 58.58799743652344,
    "finish_time": 24997050,
    "limit_cost_by_ms": 47.67300033569336,
    "model_name": "vgg19",
    "recv_time": 24922909,
    "tag": "646",
    "total_cost_by_ms": 74.14099884033203,
    "wait_cost": 15.553001403808594
}
