{
    "child_model_execute_cost_by_ms": [
        10.281000137329102
    ],
    "child_model_run_time": [
        [
            25152705,
            25162986
        ]
    ],
    "execute_cost": 10.281000137329102,
    "finish_time": 25162998,
    "limit_cost_by_ms": 9.082666397094727,
    "model_name": "googlenet",
    "recv_time": 25137165,
    "tag": "654",
    "total_cost_by_ms": 25.83300018310547,
    "wait_cost": 15.552000045776367
}
