{
    "child_model_execute_cost_by_ms": [
        17.65999984741211,
        17.488000869750977,
        20.108999252319336
    ],
    "child_model_run_time": [
        [
            10140099,
            10157759
        ],
        [
            10176506,
            10193994
        ],
        [
            10194098,
            10214207
        ]
    ],
    "execute_cost": 55.25700378417969,
    "finish_time": 10214211,
    "limit_cost_by_ms": 47.67300033569336,
    "model_name": "vgg19",
    "recv_time": 10119639,
    "tag": "65",
    "total_cost_by_ms": 94.5719985961914,
    "wait_cost": 39.31499481201172
}
