{
    "child_model_execute_cost_by_ms": [
        19.29800033569336,
        18.58099937438965,
        21.315000534057617
    ],
    "child_model_run_time": [
        [
            25545250,
            25564548
        ],
        [
            25564585,
            25583166
        ],
        [
            25583201,
            25604516
        ]
    ],
    "execute_cost": 59.194000244140625,
    "finish_time": 25604525,
    "limit_cost_by_ms": 47.67300033569336,
    "model_name": "vgg19",
    "recv_time": 25513632,
    "tag": "669",
    "total_cost_by_ms": 90.89299774169922,
    "wait_cost": 31.698997497558594
}
