{
    "child_model_execute_cost_by_ms": [
        14.333000183105469,
        8.862000465393066
    ],
    "child_model_run_time": [
        [
            10214325,
            10228658
        ],
        [
            10228676,
            10237538
        ]
    ],
    "execute_cost": 23.19499969482422,
    "finish_time": 10237547,
    "limit_cost_by_ms": 19.095333099365234,
    "model_name": "resnet50",
    "recv_time": 10208893,
    "tag": "68",
    "total_cost_by_ms": 28.65399932861328,
    "wait_cost": 5.4589996337890625
}
