{
    "child_model_execute_cost_by_ms": [
        20.16900062561035,
        19.90999984741211,
        21.163999557495117
    ],
    "child_model_run_time": [
        [
            26043078,
            26063247
        ],
        [
            26082212,
            26102122
        ],
        [
            26102161,
            26123325
        ]
    ],
    "execute_cost": 61.243003845214844,
    "finish_time": 26123334,
    "limit_cost_by_ms": 47.67300033569336,
    "model_name": "vgg19",
    "recv_time": 26018489,
    "tag": "688",
    "total_cost_by_ms": 104.84500122070313,
    "wait_cost": 43.60199737548828
}
