{
    "child_model_execute_cost_by_ms": [
        18.450000762939453,
        18.51300048828125,
        21.083999633789063
    ],
    "child_model_run_time": [
        [
            26226194,
            26244644
        ],
        [
            26277540,
            26296053
        ],
        [
            26296089,
            26317173
        ]
    ],
    "execute_cost": 58.047000885009766,
    "finish_time": 26317181,
    "limit_cost_by_ms": 47.67300033569336,
    "model_name": "vgg19",
    "recv_time": 26226179,
    "tag": "695",
    "total_cost_by_ms": 91.00199890136719,
    "wait_cost": 32.95499801635742
}
