{
    "child_model_execute_cost_by_ms": [
        8.244999885559082
    ],
    "child_model_run_time": [
        [
            26492069,
            26500314
        ]
    ],
    "execute_cost": 8.244999885559082,
    "finish_time": 26500328,
    "limit_cost_by_ms": 7.392333507537842,
    "model_name": "squeezenetv1",
    "recv_time": 26482909,
    "tag": "705",
    "total_cost_by_ms": 17.41900062561035,
    "wait_cost": 9.17400074005127
}
