{
    "child_model_execute_cost_by_ms": [
        17.562000274658203,
        17.2810001373291,
        20.52400016784668
    ],
    "child_model_run_time": [
        [
            10344439,
            10362001
        ],
        [
            10362020,
            10379301
        ],
        [
            10379320,
            10399844
        ]
    ],
    "execute_cost": 55.36700439453125,
    "finish_time": 10399852,
    "limit_cost_by_ms": 47.67300033569336,
    "model_name": "vgg19",
    "recv_time": 10314098,
    "tag": "73",
    "total_cost_by_ms": 85.75399780273438,
    "wait_cost": 30.386993408203125
}
