{
    "child_model_execute_cost_by_ms": [
        19.566999435424805,
        18.4950008392334,
        21.7189998626709
    ],
    "child_model_run_time": [
        [
            27579114,
            27598681
        ],
        [
            27598717,
            27617212
        ],
        [
            27627960,
            27649679
        ]
    ],
    "execute_cost": 59.78099822998047,
    "finish_time": 27649685,
    "limit_cost_by_ms": 47.67300033569336,
    "model_name": "vgg19",
    "recv_time": 27578991,
    "tag": "747",
    "total_cost_by_ms": 70.69400024414063,
    "wait_cost": 10.913002014160156
}
