{
    "child_model_execute_cost_by_ms": [
        3.681999921798706,
        4.988999843597412
    ],
    "child_model_run_time": [
        [
            27649726,
            27653408
        ],
        [
            27653444,
            27658433
        ]
    ],
    "execute_cost": 8.670999526977539,
    "finish_time": 27658445,
    "limit_cost_by_ms": 6.283666610717773,
    "model_name": "yolov2",
    "recv_time": 27628052,
    "tag": "749",
    "total_cost_by_ms": 30.39299964904785,
    "wait_cost": 21.722000122070313
}
