{
    "child_model_execute_cost_by_ms": [
        3.255000114440918,
        4.988999843597412
    ],
    "child_model_run_time": [
        [
            27825831,
            27829086
        ],
        [
            27829103,
            27834092
        ]
    ],
    "execute_cost": 8.243999481201172,
    "finish_time": 27834104,
    "limit_cost_by_ms": 6.283666610717773,
    "model_name": "yolov2",
    "recv_time": 27807260,
    "tag": "756",
    "total_cost_by_ms": 26.8439998626709,
    "wait_cost": 18.600000381469727
}
