{
    "child_model_execute_cost_by_ms": [
        19.67799949645996,
        18.575000762939453,
        23.04800033569336
    ],
    "child_model_run_time": [
        [
            27787455,
            27807133
        ],
        [
            27807167,
            27825742
        ],
        [
            27843060,
            27866108
        ]
    ],
    "execute_cost": 61.30099868774414,
    "finish_time": 27866116,
    "limit_cost_by_ms": 47.67300033569336,
    "model_name": "vgg19",
    "recv_time": 27787366,
    "tag": "755",
    "total_cost_by_ms": 78.75,
    "wait_cost": 17.44900131225586
}
