{
    "child_model_execute_cost_by_ms": [
        19.525999069213867,
        19.134000778198242,
        21.724000930786133
    ],
    "child_model_run_time": [
        [
            27904011,
            27923537
        ],
        [
            27923575,
            27942709
        ],
        [
            27968620,
            27990344
        ]
    ],
    "execute_cost": 60.384002685546875,
    "finish_time": 27990352,
    "limit_cost_by_ms": 47.67300033569336,
    "model_name": "vgg19",
    "recv_time": 27903961,
    "tag": "760",
    "total_cost_by_ms": 86.39099884033203,
    "wait_cost": 26.006996154785156
}
