{
    "child_model_execute_cost_by_ms": [
        17.253000259399414,
        17.267000198364258,
        20.510000228881836
    ],
    "child_model_run_time": [
        [
            10618894,
            10636147
        ],
        [
            10643783,
            10661050
        ],
        [
            10669513,
            10690023
        ]
    ],
    "execute_cost": 55.029998779296875,
    "finish_time": 10690032,
    "limit_cost_by_ms": 47.67300033569336,
    "model_name": "vgg19",
    "recv_time": 10618816,
    "tag": "84",
    "total_cost_by_ms": 71.21600341796875,
    "wait_cost": 16.186004638671875
}
