{
    "child_model_execute_cost_by_ms": [
        10.991999626159668
    ],
    "child_model_run_time": [
        [
            30777954,
            30788946
        ]
    ],
    "execute_cost": 10.991999626159668,
    "finish_time": 30788958,
    "limit_cost_by_ms": 9.082666397094727,
    "model_name": "googlenet",
    "recv_time": 30757575,
    "tag": "869",
    "total_cost_by_ms": 31.382999420166016,
    "wait_cost": 20.39099884033203
}
