{
    "child_model_execute_cost_by_ms": [
        14.114999771118164,
        8.434000015258789
    ],
    "child_model_run_time": [
        [
            10701026,
            10715141
        ],
        [
            10715231,
            10723665
        ]
    ],
    "execute_cost": 22.548999786376953,
    "finish_time": 10723673,
    "limit_cost_by_ms": 19.095333099365234,
    "model_name": "resnet50",
    "recv_time": 10700900,
    "tag": "88",
    "total_cost_by_ms": 22.773000717163086,
    "wait_cost": 0.2240009307861328
}
