{
    "child_model_execute_cost_by_ms": [
        18.94300079345703,
        18.631999969482422,
        21.371000289916992
    ],
    "child_model_run_time": [
        [
            31725798,
            31744741
        ],
        [
            31744769,
            31763401
        ],
        [
            31763430,
            31784801
        ]
    ],
    "execute_cost": 58.94599914550781,
    "finish_time": 31784812,
    "limit_cost_by_ms": 47.67300033569336,
    "model_name": "vgg19",
    "recv_time": 31725703,
    "tag": "906",
    "total_cost_by_ms": 59.10900115966797,
    "wait_cost": 0.16300201416015625
}
