{
    "child_model_execute_cost_by_ms": [
        8.753999710083008
    ],
    "child_model_run_time": [
        [
            32171632,
            32180386
        ]
    ],
    "execute_cost": 8.753999710083008,
    "finish_time": 32180397,
    "limit_cost_by_ms": 7.392333507537842,
    "model_name": "squeezenetv1",
    "recv_time": 32166781,
    "tag": "923",
    "total_cost_by_ms": 13.616000175476074,
    "wait_cost": 4.862000465393066
}
