{
    "child_model_execute_cost_by_ms": [
        3.071000099182129,
        4.61899995803833
    ],
    "child_model_run_time": [
        [
            10960054,
            10963125
        ],
        [
            10963175,
            10967794
        ]
    ],
    "execute_cost": 7.690000057220459,
    "finish_time": 10967804,
    "limit_cost_by_ms": 6.283666610717773,
    "model_name": "yolov2",
    "recv_time": 10950172,
    "tag": "98",
    "total_cost_by_ms": 17.631999969482422,
    "wait_cost": 9.941999435424805
}
