{
    "child_model_execute_cost_by_ms": [
        3.2130000591278076,
        4.741000175476074
    ],
    "child_model_run_time": [
        [
            33352972,
            33356185
        ],
        [
            33356221,
            33360962
        ]
    ],
    "execute_cost": 7.954000473022461,
    "finish_time": 33360969,
    "limit_cost_by_ms": 6.283666610717773,
    "model_name": "yolov2",
    "recv_time": 33352837,
    "tag": "967",
    "total_cost_by_ms": 8.131999969482422,
    "wait_cost": 0.17799949645996094
}
