{
    "child_model_execute_cost_by_ms": [
        8.661999702453613
    ],
    "child_model_run_time": [
        [
            10989007,
            10997669
        ]
    ],
    "execute_cost": 8.661999702453613,
    "finish_time": 10997682,
    "limit_cost_by_ms": 7.392333507537842,
    "model_name": "squeezenetv1",
    "recv_time": 10968205,
    "tag": "99",
    "total_cost_by_ms": 29.476999282836914,
    "wait_cost": 20.814998626708984
}
