{
    "child_model_execute_cost_by_ms": [
        8.734999656677246
    ],
    "child_model_run_time": [
        [
            34078315,
            34087050
        ]
    ],
    "execute_cost": 8.734999656677246,
    "finish_time": 34087061,
    "limit_cost_by_ms": 7.392333507537842,
    "model_name": "squeezenetv1",
    "recv_time": 34078298,
    "tag": "995",
    "total_cost_by_ms": 8.762999534606934,
    "wait_cost": 0.0279998779296875
}
