name,Average RR, Max RR
DLIR,1.9524925840227934,5.099412714962639
BNST,1.9515967621015673,8.77309065689463
FIFO,2.1711059881316337,11.947345568527918
OYST,1.928921613953468,5.026903060536432
PARALLEL,2.5231288992922196,13.293081265348519
