name,Max RR
DLIR,5.099412714962639
BNST,8.77309065689463
FIFO,11.947345568527918
OYST,5.026903060536432
PARALLEL,13.293081265348519
