name,Average RR
DLIR,1.9524925840227934
BNST,1.9515967621015673
FIFO,2.1711059881316337
OYST,1.928921613953468
PARALLEL,2.5231288992922196
