name,Std. Deviation of RR
DLIR,0.7993238564685092
BNST,1.5114581864798586
FIFO,1.8701848061185815
OYST,0.7654467106672144
PARALLEL,2.290703348158656
