{
    "child_model_execute_cost_by_ms": [
        8.8149995803833
    ],
    "child_model_run_time": [
        [
            8657777,
            8666592
        ]
    ],
    "execute_cost": 8.8149995803833,
    "finish_time": 8666596,
    "limit_cost_by_ms": 6.123666763305664,
    "model_name": "yolov2",
    "recv_time": 8657761,
    "tag": "2",
    "total_cost_by_ms": 8.835000038146973,
    "wait_cost": 0.020000457763671875
}
