{
    "child_model_execute_cost_by_ms": [
        8.187999725341797
    ],
    "child_model_run_time": [
        [
            10783594,
            10791782
        ]
    ],
    "execute_cost": 8.187999725341797,
    "finish_time": 10791792,
    "limit_cost_by_ms": 7.304666519165039,
    "model_name": "squeezenetv1",
    "recv_time": 10783474,
    "tag": "118",
    "total_cost_by_ms": 8.317999839782715,
    "wait_cost": 0.13000011444091797
}
