{
    "child_model_execute_cost_by_ms": [
        8.227999687194824
    ],
    "child_model_run_time": [
        [
            11692567,
            11700795
        ]
    ],
    "execute_cost": 8.227999687194824,
    "finish_time": 11700801,
    "limit_cost_by_ms": 7.304666519165039,
    "model_name": "squeezenetv1",
    "recv_time": 11692555,
    "tag": "169",
    "total_cost_by_ms": 8.246000289916992,
    "wait_cost": 0.01800060272216797
}
