{
    "child_model_execute_cost_by_ms": [
        45.388999938964844
    ],
    "child_model_run_time": [
        [
            11720145,
            11765534
        ]
    ],
    "execute_cost": 45.388999938964844,
    "finish_time": 11765540,
    "limit_cost_by_ms": 47.39699935913086,
    "model_name": "vgg19",
    "recv_time": 11720132,
    "tag": "171",
    "total_cost_by_ms": 45.40800094604492,
    "wait_cost": 0.019001007080078125
}
