{
    "child_model_execute_cost_by_ms": [
        8.095000267028809
    ],
    "child_model_run_time": [
        [
            11955594,
            11963689
        ]
    ],
    "execute_cost": 8.095000267028809,
    "finish_time": 11963696,
    "limit_cost_by_ms": 7.304666519165039,
    "model_name": "squeezenetv1",
    "recv_time": 11955491,
    "tag": "184",
    "total_cost_by_ms": 8.204999923706055,
    "wait_cost": 0.1099996566772461
}
