{
    "child_model_execute_cost_by_ms": [
        57.737998962402344
    ],
    "child_model_run_time": [
        [
            11972330,
            12030068
        ]
    ],
    "execute_cost": 57.737998962402344,
    "finish_time": 12030074,
    "limit_cost_by_ms": 19.191667556762695,
    "model_name": "resnet50",
    "recv_time": 11972323,
    "tag": "186",
    "total_cost_by_ms": 57.750999450683594,
    "wait_cost": 0.01300048828125
}
