{
    "child_model_execute_cost_by_ms": [
        6.881999969482422
    ],
    "child_model_run_time": [
        [
            12040766,
            12047648
        ]
    ],
    "execute_cost": 6.881999969482422,
    "finish_time": 12047652,
    "limit_cost_by_ms": 6.123666763305664,
    "model_name": "yolov2",
    "recv_time": 12040647,
    "tag": "188",
    "total_cost_by_ms": 7.005000114440918,
    "wait_cost": 0.1230001449584961
}
