{
    "child_model_execute_cost_by_ms": [
        19.756000518798828
    ],
    "child_model_run_time": [
        [
            12151308,
            12171064
        ]
    ],
    "execute_cost": 19.756000518798828,
    "finish_time": 12171067,
    "limit_cost_by_ms": 7.304666519165039,
    "model_name": "squeezenetv1",
    "recv_time": 12151240,
    "tag": "195",
    "total_cost_by_ms": 19.82699966430664,
    "wait_cost": 0.0709991455078125
}
