{
    "child_model_execute_cost_by_ms": [
        19.15999984741211
    ],
    "child_model_run_time": [
        [
            12268231,
            12287391
        ]
    ],
    "execute_cost": 19.15999984741211,
    "finish_time": 12287397,
    "limit_cost_by_ms": 19.191667556762695,
    "model_name": "resnet50",
    "recv_time": 12268224,
    "tag": "201",
    "total_cost_by_ms": 19.17300033569336,
    "wait_cost": 0.01300048828125
}
