{
    "child_model_execute_cost_by_ms": [
        73.90399932861328
    ],
    "child_model_run_time": [
        [
            12664143,
            12738047
        ]
    ],
    "execute_cost": 73.90399932861328,
    "finish_time": 12738051,
    "limit_cost_by_ms": 8.87399959564209,
    "model_name": "googlenet",
    "recv_time": 12664129,
    "tag": "223",
    "total_cost_by_ms": 73.9219970703125,
    "wait_cost": 0.01799774169921875
}
