{
    "child_model_execute_cost_by_ms": [
        6.361000061035156
    ],
    "child_model_run_time": [
        [
            12867793,
            12874154
        ]
    ],
    "execute_cost": 6.361000061035156,
    "finish_time": 12874169,
    "limit_cost_by_ms": 6.123666763305664,
    "model_name": "yolov2",
    "recv_time": 12867690,
    "tag": "234",
    "total_cost_by_ms": 6.479000091552734,
    "wait_cost": 0.11800003051757813
}
