{
    "child_model_execute_cost_by_ms": [
        8.786999702453613
    ],
    "child_model_run_time": [
        [
            9109302,
            9118089
        ]
    ],
    "execute_cost": 8.786999702453613,
    "finish_time": 9118093,
    "limit_cost_by_ms": 7.304666519165039,
    "model_name": "squeezenetv1",
    "recv_time": 9109159,
    "tag": "25",
    "total_cost_by_ms": 8.934000015258789,
    "wait_cost": 0.14700031280517578
}
