{
    "child_model_execute_cost_by_ms": [
        8.359999656677246
    ],
    "child_model_run_time": [
        [
            13084065,
            13092425
        ]
    ],
    "execute_cost": 8.359999656677246,
    "finish_time": 13092432,
    "limit_cost_by_ms": 7.304666519165039,
    "model_name": "squeezenetv1",
    "recv_time": 13083989,
    "tag": "246",
    "total_cost_by_ms": 8.442999839782715,
    "wait_cost": 0.08300018310546875
}
