{
    "child_model_execute_cost_by_ms": [
        6.4670000076293945
    ],
    "child_model_run_time": [
        [
            9138368,
            9144835
        ]
    ],
    "execute_cost": 6.4670000076293945,
    "finish_time": 9144843,
    "limit_cost_by_ms": 6.123666763305664,
    "model_name": "yolov2",
    "recv_time": 9138354,
    "tag": "27",
    "total_cost_by_ms": 6.488999843597412,
    "wait_cost": 0.021999835968017578
}
