{
    "child_model_execute_cost_by_ms": [
        18.691999435424805
    ],
    "child_model_run_time": [
        [
            13688743,
            13707435
        ]
    ],
    "execute_cost": 18.691999435424805,
    "finish_time": 13707441,
    "limit_cost_by_ms": 19.191667556762695,
    "model_name": "resnet50",
    "recv_time": 13688737,
    "tag": "281",
    "total_cost_by_ms": 18.70400047302246,
    "wait_cost": 0.01200103759765625
}
