{
    "child_model_execute_cost_by_ms": [
        9.920000076293945
    ],
    "child_model_run_time": [
        [
            14035552,
            14045472
        ]
    ],
    "execute_cost": 9.920000076293945,
    "finish_time": 14045477,
    "limit_cost_by_ms": 6.123666763305664,
    "model_name": "yolov2",
    "recv_time": 14035435,
    "tag": "300",
    "total_cost_by_ms": 10.041999816894531,
    "wait_cost": 0.12199974060058594
}
