{
    "child_model_execute_cost_by_ms": [
        41.33000183105469
    ],
    "child_model_run_time": [
        [
            9188253,
            9229583
        ]
    ],
    "execute_cost": 41.33000183105469,
    "finish_time": 9229589,
    "limit_cost_by_ms": 7.304666519165039,
    "model_name": "squeezenetv1",
    "recv_time": 9188244,
    "tag": "31",
    "total_cost_by_ms": 41.345001220703125,
    "wait_cost": 0.0149993896484375
}
