{
    "child_model_execute_cost_by_ms": [
        19.948999404907227
    ],
    "child_model_run_time": [
        [
            14699181,
            14719130
        ]
    ],
    "execute_cost": 19.948999404907227,
    "finish_time": 14719136,
    "limit_cost_by_ms": 6.123666763305664,
    "model_name": "yolov2",
    "recv_time": 14699173,
    "tag": "336",
    "total_cost_by_ms": 19.96299934387207,
    "wait_cost": 0.01399993896484375
}
