{
    "child_model_execute_cost_by_ms": [
        6.489999771118164
    ],
    "child_model_run_time": [
        [
            14973768,
            14980258
        ]
    ],
    "execute_cost": 6.489999771118164,
    "finish_time": 14980263,
    "limit_cost_by_ms": 6.123666763305664,
    "model_name": "yolov2",
    "recv_time": 14973666,
    "tag": "351",
    "total_cost_by_ms": 6.5970001220703125,
    "wait_cost": 0.10700035095214844
}
