{
    "child_model_execute_cost_by_ms": [
        18.937999725341797
    ],
    "child_model_run_time": [
        [
            15078975,
            15097913
        ]
    ],
    "execute_cost": 18.937999725341797,
    "finish_time": 15097917,
    "limit_cost_by_ms": 19.191667556762695,
    "model_name": "resnet50",
    "recv_time": 15078971,
    "tag": "357",
    "total_cost_by_ms": 18.945999145507813,
    "wait_cost": 0.007999420166015625
}
