{
    "child_model_execute_cost_by_ms": [
        39.65299987792969
    ],
    "child_model_run_time": [
        [
            15350919,
            15390572
        ]
    ],
    "execute_cost": 39.65299987792969,
    "finish_time": 15390578,
    "limit_cost_by_ms": 6.123666763305664,
    "model_name": "yolov2",
    "recv_time": 15350915,
    "tag": "373",
    "total_cost_by_ms": 39.66299819946289,
    "wait_cost": 0.009998321533203125
}
