{
    "child_model_execute_cost_by_ms": [
        20.187000274658203
    ],
    "child_model_run_time": [
        [
            15646303,
            15666490
        ]
    ],
    "execute_cost": 20.187000274658203,
    "finish_time": 15666495,
    "limit_cost_by_ms": 7.304666519165039,
    "model_name": "squeezenetv1",
    "recv_time": 15646213,
    "tag": "390",
    "total_cost_by_ms": 20.281999588012695,
    "wait_cost": 0.09499931335449219
}
