{
    "child_model_execute_cost_by_ms": [
        65.42900085449219
    ],
    "child_model_run_time": [
        [
            15667499,
            15732928
        ]
    ],
    "execute_cost": 65.42900085449219,
    "finish_time": 15732934,
    "limit_cost_by_ms": 19.191667556762695,
    "model_name": "resnet50",
    "recv_time": 15667493,
    "tag": "392",
    "total_cost_by_ms": 65.44100189208984,
    "wait_cost": 0.01200103759765625
}
