{
    "child_model_execute_cost_by_ms": [
        36.50199890136719
    ],
    "child_model_run_time": [
        [
            9424493,
            9460995
        ]
    ],
    "execute_cost": 36.50199890136719,
    "finish_time": 9460998,
    "limit_cost_by_ms": 8.87399959564209,
    "model_name": "googlenet",
    "recv_time": 9424477,
    "tag": "43",
    "total_cost_by_ms": 36.520999908447266,
    "wait_cost": 0.019001007080078125
}
