{
    "child_model_execute_cost_by_ms": [
        8.15999984741211
    ],
    "child_model_run_time": [
        [
            9481519,
            9489679
        ]
    ],
    "execute_cost": 8.15999984741211,
    "finish_time": 9489687,
    "limit_cost_by_ms": 7.304666519165039,
    "model_name": "squeezenetv1",
    "recv_time": 9481456,
    "tag": "46",
    "total_cost_by_ms": 8.230999946594238,
    "wait_cost": 0.0710000991821289
}
