{
    "child_model_execute_cost_by_ms": [
        36.77899932861328
    ],
    "child_model_run_time": [
        [
            16883224,
            16920003
        ]
    ],
    "execute_cost": 36.77899932861328,
    "finish_time": 16920011,
    "limit_cost_by_ms": 6.123666763305664,
    "model_name": "yolov2",
    "recv_time": 16883170,
    "tag": "459",
    "total_cost_by_ms": 36.840999603271484,
    "wait_cost": 0.062000274658203125
}
