{
    "child_model_execute_cost_by_ms": [
        8.260000228881836
    ],
    "child_model_run_time": [
        [
            17274082,
            17282342
        ]
    ],
    "execute_cost": 8.260000228881836,
    "finish_time": 17282352,
    "limit_cost_by_ms": 7.304666519165039,
    "model_name": "squeezenetv1",
    "recv_time": 17274067,
    "tag": "479",
    "total_cost_by_ms": 8.28499984741211,
    "wait_cost": 0.024999618530273438
}
