{
    "child_model_execute_cost_by_ms": [
        63.68899917602539
    ],
    "child_model_run_time": [
        [
            9514829,
            9578518
        ]
    ],
    "execute_cost": 63.68899917602539,
    "finish_time": 9578525,
    "limit_cost_by_ms": 6.123666763305664,
    "model_name": "yolov2",
    "recv_time": 9514819,
    "tag": "49",
    "total_cost_by_ms": 63.70600128173828,
    "wait_cost": 0.017002105712890625
}
