{
    "child_model_execute_cost_by_ms": [
        52.92300033569336
    ],
    "child_model_run_time": [
        [
            17565858,
            17618781
        ]
    ],
    "execute_cost": 52.92300033569336,
    "finish_time": 17618788,
    "limit_cost_by_ms": 47.39699935913086,
    "model_name": "vgg19",
    "recv_time": 17565758,
    "tag": "497",
    "total_cost_by_ms": 53.029998779296875,
    "wait_cost": 0.10699844360351563
}
