{
    "child_model_execute_cost_by_ms": [
        25.025999069213867
    ],
    "child_model_run_time": [
        [
            17623396,
            17648422
        ]
    ],
    "execute_cost": 25.025999069213867,
    "finish_time": 17648427,
    "limit_cost_by_ms": 8.87399959564209,
    "model_name": "googlenet",
    "recv_time": 17623381,
    "tag": "499",
    "total_cost_by_ms": 25.04599952697754,
    "wait_cost": 0.020000457763671875
}
