{
    "child_model_execute_cost_by_ms": [
        44.49700164794922
    ],
    "child_model_run_time": [
        [
            17664498,
            17708995
        ]
    ],
    "execute_cost": 44.49700164794922,
    "finish_time": 17709002,
    "limit_cost_by_ms": 47.39699935913086,
    "model_name": "vgg19",
    "recv_time": 17664485,
    "tag": "502",
    "total_cost_by_ms": 44.516998291015625,
    "wait_cost": 0.01999664306640625
}
