{
    "child_model_execute_cost_by_ms": [
        20.73900032043457
    ],
    "child_model_run_time": [
        [
            17884318,
            17905057
        ]
    ],
    "execute_cost": 20.73900032043457,
    "finish_time": 17905062,
    "limit_cost_by_ms": 8.87399959564209,
    "model_name": "googlenet",
    "recv_time": 17884216,
    "tag": "514",
    "total_cost_by_ms": 20.84600067138672,
    "wait_cost": 0.10700035095214844
}
