{
    "child_model_execute_cost_by_ms": [
        11.579000473022461
    ],
    "child_model_run_time": [
        [
            18204167,
            18215746
        ]
    ],
    "execute_cost": 11.579000473022461,
    "finish_time": 18215750,
    "limit_cost_by_ms": 8.87399959564209,
    "model_name": "googlenet",
    "recv_time": 18201576,
    "tag": "530",
    "total_cost_by_ms": 14.173999786376953,
    "wait_cost": 2.594999313354492
}
