{
    "child_model_execute_cost_by_ms": [
        22.517000198364258
    ],
    "child_model_run_time": [
        [
            9619083,
            9641600
        ]
    ],
    "execute_cost": 22.517000198364258,
    "finish_time": 9641603,
    "limit_cost_by_ms": 6.123666763305664,
    "model_name": "yolov2",
    "recv_time": 9619073,
    "tag": "54",
    "total_cost_by_ms": 22.530000686645508,
    "wait_cost": 0.01300048828125
}
