{
    "child_model_execute_cost_by_ms": [
        56.8489990234375
    ],
    "child_model_run_time": [
        [
            18251660,
            18308509
        ]
    ],
    "execute_cost": 56.8489990234375,
    "finish_time": 18308517,
    "limit_cost_by_ms": 8.87399959564209,
    "model_name": "googlenet",
    "recv_time": 18251562,
    "tag": "534",
    "total_cost_by_ms": 56.95500183105469,
    "wait_cost": 0.1060028076171875
}
