{
    "child_model_execute_cost_by_ms": [
        55.196998596191406
    ],
    "child_model_run_time": [
        [
            9638994,
            9694191
        ]
    ],
    "execute_cost": 55.196998596191406,
    "finish_time": 9694199,
    "limit_cost_by_ms": 19.191667556762695,
    "model_name": "resnet50",
    "recv_time": 9638924,
    "tag": "56",
    "total_cost_by_ms": 55.275001525878906,
    "wait_cost": 0.0780029296875
}
