{
    "child_model_execute_cost_by_ms": [
        26.30699920654297
    ],
    "child_model_run_time": [
        [
            18660029,
            18686336
        ]
    ],
    "execute_cost": 26.30699920654297,
    "finish_time": 18686345,
    "limit_cost_by_ms": 6.123666763305664,
    "model_name": "yolov2",
    "recv_time": 18659927,
    "tag": "555",
    "total_cost_by_ms": 26.417999267578125,
    "wait_cost": 0.11100006103515625
}
