{
    "child_model_execute_cost_by_ms": [
        10.494000434875488
    ],
    "child_model_run_time": [
        [
            18918489,
            18928983
        ]
    ],
    "execute_cost": 10.494000434875488,
    "finish_time": 18928992,
    "limit_cost_by_ms": 8.87399959564209,
    "model_name": "googlenet",
    "recv_time": 18918469,
    "tag": "569",
    "total_cost_by_ms": 10.52299976348877,
    "wait_cost": 0.02899932861328125
}
