{
    "child_model_execute_cost_by_ms": [
        9.72599983215332
    ],
    "child_model_run_time": [
        [
            19182915,
            19192641
        ]
    ],
    "execute_cost": 9.72599983215332,
    "finish_time": 19192649,
    "limit_cost_by_ms": 8.87399959564209,
    "model_name": "googlenet",
    "recv_time": 19182815,
    "tag": "584",
    "total_cost_by_ms": 9.833999633789063,
    "wait_cost": 0.10799980163574219
}
