{
    "child_model_execute_cost_by_ms": [
        7.505000114440918
    ],
    "child_model_run_time": [
        [
            19611144,
            19618649
        ]
    ],
    "execute_cost": 7.505000114440918,
    "finish_time": 19618652,
    "limit_cost_by_ms": 6.123666763305664,
    "model_name": "yolov2",
    "recv_time": 19611128,
    "tag": "607",
    "total_cost_by_ms": 7.52400016784668,
    "wait_cost": 0.01900005340576172
}
