{
    "child_model_execute_cost_by_ms": [
        66.96499633789063
    ],
    "child_model_run_time": [
        [
            20226364,
            20293329
        ]
    ],
    "execute_cost": 66.96499633789063,
    "finish_time": 20293336,
    "limit_cost_by_ms": 6.123666763305664,
    "model_name": "yolov2",
    "recv_time": 20226344,
    "tag": "642",
    "total_cost_by_ms": 66.99199676513672,
    "wait_cost": 0.02700042724609375
}
