{
    "child_model_execute_cost_by_ms": [
        28.236000061035156
    ],
    "child_model_run_time": [
        [
            20394688,
            20422924
        ]
    ],
    "execute_cost": 28.236000061035156,
    "finish_time": 20422932,
    "limit_cost_by_ms": 8.87399959564209,
    "model_name": "googlenet",
    "recv_time": 20394590,
    "tag": "650",
    "total_cost_by_ms": 28.341999053955078,
    "wait_cost": 0.10599899291992188
}
