{
    "child_model_execute_cost_by_ms": [
        17.035999298095703
    ],
    "child_model_run_time": [
        [
            20672782,
            20689818
        ]
    ],
    "execute_cost": 17.035999298095703,
    "finish_time": 20689827,
    "limit_cost_by_ms": 8.87399959564209,
    "model_name": "googlenet",
    "recv_time": 20672762,
    "tag": "666",
    "total_cost_by_ms": 17.065000534057617,
    "wait_cost": 0.029001235961914063
}
