{
    "child_model_execute_cost_by_ms": [
        43.952999114990234
    ],
    "child_model_run_time": [
        [
            9870887,
            9914840
        ]
    ],
    "execute_cost": 43.952999114990234,
    "finish_time": 9914847,
    "limit_cost_by_ms": 47.39699935913086,
    "model_name": "vgg19",
    "recv_time": 9870770,
    "tag": "68",
    "total_cost_by_ms": 44.07699966430664,
    "wait_cost": 0.12400054931640625
}
