{
    "child_model_execute_cost_by_ms": [
        23.107999801635742
    ],
    "child_model_run_time": [
        [
            8775690,
            8798798
        ]
    ],
    "execute_cost": 23.107999801635742,
    "finish_time": 8798804,
    "limit_cost_by_ms": 8.87399959564209,
    "model_name": "googlenet",
    "recv_time": 8775673,
    "tag": "8",
    "total_cost_by_ms": 23.131000518798828,
    "wait_cost": 0.023000717163085938
}
