{
    "child_model_execute_cost_by_ms": [
        6.605000019073486
    ],
    "child_model_run_time": [
        [
            21750205,
            21756810
        ]
    ],
    "execute_cost": 6.605000019073486,
    "finish_time": 21756818,
    "limit_cost_by_ms": 6.123666763305664,
    "model_name": "yolov2",
    "recv_time": 21750080,
    "tag": "725",
    "total_cost_by_ms": 6.73799991607666,
    "wait_cost": 0.13299989700317383
}
