{
    "child_model_execute_cost_by_ms": [
        45.082000732421875
    ],
    "child_model_run_time": [
        [
            21757068,
            21802150
        ]
    ],
    "execute_cost": 45.082000732421875,
    "finish_time": 21802156,
    "limit_cost_by_ms": 47.39699935913086,
    "model_name": "vgg19",
    "recv_time": 21757053,
    "tag": "726",
    "total_cost_by_ms": 45.10300064086914,
    "wait_cost": 0.020999908447265625
}
