{
    "child_model_execute_cost_by_ms": [
        45.0629997253418
    ],
    "child_model_run_time": [
        [
            21871901,
            21916964
        ]
    ],
    "execute_cost": 45.0629997253418,
    "finish_time": 21916967,
    "limit_cost_by_ms": 47.39699935913086,
    "model_name": "vgg19",
    "recv_time": 21871891,
    "tag": "732",
    "total_cost_by_ms": 45.07600021362305,
    "wait_cost": 0.01300048828125
}
