{
    "child_model_execute_cost_by_ms": [
        71.78099822998047
    ],
    "child_model_run_time": [
        [
            9970838,
            10042619
        ]
    ],
    "execute_cost": 71.78099822998047,
    "finish_time": 10042623,
    "limit_cost_by_ms": 8.87399959564209,
    "model_name": "googlenet",
    "recv_time": 9970703,
    "tag": "74",
    "total_cost_by_ms": 71.91999816894531,
    "wait_cost": 0.13899993896484375
}
