{
    "child_model_execute_cost_by_ms": [
        6.909999847412109
    ],
    "child_model_run_time": [
        [
            23152492,
            23159402
        ]
    ],
    "execute_cost": 6.909999847412109,
    "finish_time": 23159409,
    "limit_cost_by_ms": 6.123666763305664,
    "model_name": "yolov2",
    "recv_time": 23152474,
    "tag": "804",
    "total_cost_by_ms": 6.934999942779541,
    "wait_cost": 0.02500009536743164
}
