{
    "child_model_execute_cost_by_ms": [
        44.95399856567383
    ],
    "child_model_run_time": [
        [
            23203097,
            23248051
        ]
    ],
    "execute_cost": 44.95399856567383,
    "finish_time": 23248056,
    "limit_cost_by_ms": 47.39699935913086,
    "model_name": "vgg19",
    "recv_time": 23203078,
    "tag": "808",
    "total_cost_by_ms": 44.97800064086914,
    "wait_cost": 0.0240020751953125
}
