{
    "child_model_execute_cost_by_ms": [
        51.39099884033203
    ],
    "child_model_run_time": [
        [
            23326044,
            23377435
        ]
    ],
    "execute_cost": 51.39099884033203,
    "finish_time": 23377442,
    "limit_cost_by_ms": 47.39699935913086,
    "model_name": "vgg19",
    "recv_time": 23326028,
    "tag": "814",
    "total_cost_by_ms": 51.41400146484375,
    "wait_cost": 0.02300262451171875
}
