{
    "child_model_execute_cost_by_ms": [
        24.382999420166016
    ],
    "child_model_run_time": [
        [
            23607230,
            23631613
        ]
    ],
    "execute_cost": 24.382999420166016,
    "finish_time": 23631616,
    "limit_cost_by_ms": 8.87399959564209,
    "model_name": "googlenet",
    "recv_time": 23607215,
    "tag": "829",
    "total_cost_by_ms": 24.400999069213867,
    "wait_cost": 0.017999649047851563
}
