{
    "child_model_execute_cost_by_ms": [
        15.644000053405762
    ],
    "child_model_run_time": [
        [
            23731837,
            23747481
        ]
    ],
    "execute_cost": 15.644000053405762,
    "finish_time": 23747487,
    "limit_cost_by_ms": 7.304666519165039,
    "model_name": "squeezenetv1",
    "recv_time": 23731826,
    "tag": "837",
    "total_cost_by_ms": 15.66100025177002,
    "wait_cost": 0.017000198364257813
}
