{
    "child_model_execute_cost_by_ms": [
        22.94499969482422
    ],
    "child_model_run_time": [
        [
            23967907,
            23990852
        ]
    ],
    "execute_cost": 22.94499969482422,
    "finish_time": 23990859,
    "limit_cost_by_ms": 6.123666763305664,
    "model_name": "yolov2",
    "recv_time": 23967892,
    "tag": "849",
    "total_cost_by_ms": 22.966999053955078,
    "wait_cost": 0.021999359130859375
}
