{
    "child_model_execute_cost_by_ms": [
        62.27799987792969
    ],
    "child_model_run_time": [
        [
            24021256,
            24083534
        ]
    ],
    "execute_cost": 62.27799987792969,
    "finish_time": 24083536,
    "limit_cost_by_ms": 19.191667556762695,
    "model_name": "resnet50",
    "recv_time": 24021252,
    "tag": "854",
    "total_cost_by_ms": 62.284000396728516,
    "wait_cost": 0.006000518798828125
}
