{
    "child_model_execute_cost_by_ms": [
        10.027999877929688
    ],
    "child_model_run_time": [
        [
            24091607,
            24101635
        ]
    ],
    "execute_cost": 10.027999877929688,
    "finish_time": 24101644,
    "limit_cost_by_ms": 8.87399959564209,
    "model_name": "googlenet",
    "recv_time": 24091560,
    "tag": "856",
    "total_cost_by_ms": 10.083999633789063,
    "wait_cost": 0.055999755859375
}
