{
    "child_model_execute_cost_by_ms": [
        20.17099952697754
    ],
    "child_model_run_time": [
        [
            24177276,
            24197447
        ]
    ],
    "execute_cost": 20.17099952697754,
    "finish_time": 24197454,
    "limit_cost_by_ms": 19.191667556762695,
    "model_name": "resnet50",
    "recv_time": 24177269,
    "tag": "860",
    "total_cost_by_ms": 20.184999465942383,
    "wait_cost": 0.01399993896484375
}
