{
    "child_model_execute_cost_by_ms": [
        8.22599983215332
    ],
    "child_model_run_time": [
        [
            24219203,
            24227429
        ]
    ],
    "execute_cost": 8.22599983215332,
    "finish_time": 24227438,
    "limit_cost_by_ms": 7.304666519165039,
    "model_name": "squeezenetv1",
    "recv_time": 24219056,
    "tag": "863",
    "total_cost_by_ms": 8.381999969482422,
    "wait_cost": 0.15600013732910156
}
