{
    "child_model_execute_cost_by_ms": [
        9.954999923706055
    ],
    "child_model_run_time": [
        [
            24343959,
            24353914
        ]
    ],
    "execute_cost": 9.954999923706055,
    "finish_time": 24353919,
    "limit_cost_by_ms": 8.87399959564209,
    "model_name": "googlenet",
    "recv_time": 24343782,
    "tag": "870",
    "total_cost_by_ms": 10.13700008392334,
    "wait_cost": 0.18200016021728516
}
