{
    "child_model_execute_cost_by_ms": [
        23.281999588012695
    ],
    "child_model_run_time": [
        [
            24648862,
            24672144
        ]
    ],
    "execute_cost": 23.281999588012695,
    "finish_time": 24672151,
    "limit_cost_by_ms": 6.123666763305664,
    "model_name": "yolov2",
    "recv_time": 24648772,
    "tag": "887",
    "total_cost_by_ms": 23.378999710083008,
    "wait_cost": 0.0970001220703125
}
