{
    "child_model_execute_cost_by_ms": [
        45.00299835205078
    ],
    "child_model_run_time": [
        [
            24844793,
            24889796
        ]
    ],
    "execute_cost": 45.00299835205078,
    "finish_time": 24889802,
    "limit_cost_by_ms": 47.39699935913086,
    "model_name": "vgg19",
    "recv_time": 24844671,
    "tag": "898",
    "total_cost_by_ms": 45.13100051879883,
    "wait_cost": 0.12800216674804688
}
