{
    "child_model_execute_cost_by_ms": [
        10.050000190734863
    ],
    "child_model_run_time": [
        [
            25035794,
            25045844
        ]
    ],
    "execute_cost": 10.050000190734863,
    "finish_time": 25045850,
    "limit_cost_by_ms": 8.87399959564209,
    "model_name": "googlenet",
    "recv_time": 25035633,
    "tag": "907",
    "total_cost_by_ms": 10.217000007629395,
    "wait_cost": 0.16699981689453125
}
