{
    "child_model_execute_cost_by_ms": [
        19.253000259399414
    ],
    "child_model_run_time": [
        [
            25297644,
            25316897
        ]
    ],
    "execute_cost": 19.253000259399414,
    "finish_time": 25316904,
    "limit_cost_by_ms": 6.123666763305664,
    "model_name": "yolov2",
    "recv_time": 25297627,
    "tag": "923",
    "total_cost_by_ms": 19.277000427246094,
    "wait_cost": 0.024000167846679688
}
