{
    "child_model_execute_cost_by_ms": [
        34.8650016784668
    ],
    "child_model_run_time": [
        [
            25572730,
            25607595
        ]
    ],
    "execute_cost": 34.8650016784668,
    "finish_time": 25607601,
    "limit_cost_by_ms": 6.123666763305664,
    "model_name": "yolov2",
    "recv_time": 25572580,
    "tag": "937",
    "total_cost_by_ms": 35.020999908447266,
    "wait_cost": 0.15599822998046875
}
