{
    "child_model_execute_cost_by_ms": [
        50.540000915527344
    ],
    "child_model_run_time": [
        [
            25651611,
            25702151
        ]
    ],
    "execute_cost": 50.540000915527344,
    "finish_time": 25702158,
    "limit_cost_by_ms": 47.39699935913086,
    "model_name": "vgg19",
    "recv_time": 25651448,
    "tag": "942",
    "total_cost_by_ms": 50.709999084472656,
    "wait_cost": 0.1699981689453125
}
