{
    "child_model_execute_cost_by_ms": [
        8.130999565124512
    ],
    "child_model_run_time": [
        [
            26299959,
            26308090
        ]
    ],
    "execute_cost": 8.130999565124512,
    "finish_time": 26308097,
    "limit_cost_by_ms": 7.304666519165039,
    "model_name": "squeezenetv1",
    "recv_time": 26299891,
    "tag": "977",
    "total_cost_by_ms": 8.206000328063965,
    "wait_cost": 0.07500076293945313
}
