{
    "child_model_execute_cost_by_ms": [
        45.27799987792969
    ],
    "child_model_run_time": [
        [
            26346100,
            26391378
        ]
    ],
    "execute_cost": 45.27799987792969,
    "finish_time": 26391420,
    "limit_cost_by_ms": 47.39699935913086,
    "model_name": "vgg19",
    "recv_time": 26345931,
    "tag": "981",
    "total_cost_by_ms": 45.48899841308594,
    "wait_cost": 0.21099853515625
}
