{
    "squeezenetv1": {
        "min": 1.033491566861792,
        "avg": 1.8021512126254726,
        "max": 4.4394962688296395,
        "std": 0.8168257292012571
    },
    "googlenet": {
        "min": 1.0525504048859655,
        "avg": 2.0006669105178365,
        "max": 4.488144299591016,
        "std": 0.8216593570744026
    },
    "yolov2": {
        "min": 1.1842331215288577,
        "avg": 2.24517117858847,
        "max": 4.644873294864229,
        "std": 0.9206596536623297
    },
    "vgg19": {
        "min": 1.2060107240395583,
        "avg": 1.6053714898680442,
        "max": 2.3700629369131008,
        "std": 0.33451132303876546
    },
    "resnet50": {
        "min": 1.223881365952712,
        "avg": 1.6750537618013461,
        "max": 3.19796865016263,
        "std": 0.4803696500607624
    },
    "total": {
        "min": 1.033491566861792,
        "avg": 1.8657525929521648,
        "max": 4.644873294864229,
        "std": 0.7474667765260405
    }
}