name,min,avg,max
vgg19,1.0,1.0661182775528206,1.9333030700173486
resnet50,1.0,1.5062852285043744,4.865564864643861
yolov2,1.027929813682712,2.9644891830654347,8.604178624553064
googlenet,1.0415157940978348,2.71312099516129,7.57975068968776
squeezenetv1,1.04934284870275,1.9127043718303305,7.06207054146491
total,1.0,2.0329837781738016,8.604178624553064
