name,Std. Deviation of RR
vgg19,0.15052504767339334
resnet50,0.8087514952547468
yolov2,2.1084635735404578
googlenet,1.8268162366899454
squeezenetv1,1.1793453464105401
total,1.5729242128718626
