{
    "child_model_execute_cost_by_ms": [
        15.369000434875488,
        9.371999740600586
    ],
    "child_model_run_time": [
        [
            8969588,
            8984957
        ],
        [
            8995109,
            9004481
        ]
    ],
    "execute_cost": 24.74100112915039,
    "finish_time": 9004489,
    "limit_cost_by_ms": 19.150667190551758,
    "model_name": "resnet50",
    "recv_time": 8969507,
    "tag": "14",
    "total_cost_by_ms": 34.981998443603516,
    "wait_cost": 10.240997314453125
}
