{
    "child_model_execute_cost_by_ms": [
        8.62600040435791
    ],
    "child_model_run_time": [
        [
            11645151,
            11653777
        ]
    ],
    "execute_cost": 8.62600040435791,
    "finish_time": 11653784,
    "limit_cost_by_ms": 7.421666622161865,
    "model_name": "squeezenetv1",
    "recv_time": 11616476,
    "tag": "144",
    "total_cost_by_ms": 37.30799865722656,
    "wait_cost": 28.68199920654297
}
