{
    "child_model_execute_cost_by_ms": [
        19.507999420166016,
        17.768999099731445,
        20.273000717163086
    ],
    "child_model_run_time": [
        [
            11806064,
            11825572
        ],
        [
            11867641,
            11885410
        ],
        [
            11893218,
            11913491
        ]
    ],
    "execute_cost": 57.55000305175781,
    "finish_time": 11913499,
    "limit_cost_by_ms": 47.4206657409668,
    "model_name": "vgg19",
    "recv_time": 11805898,
    "tag": "154",
    "total_cost_by_ms": 107.60099792480469,
    "wait_cost": 50.050994873046875
}
