{
    "child_model_execute_cost_by_ms": [
        9.87600040435791
    ],
    "child_model_run_time": [
        [
            9046609,
            9056485
        ]
    ],
    "execute_cost": 9.87600040435791,
    "finish_time": 9056500,
    "limit_cost_by_ms": 8.79699993133545,
    "model_name": "googlenet",
    "recv_time": 9043056,
    "tag": "19",
    "total_cost_by_ms": 13.444000244140625,
    "wait_cost": 3.567999839782715
}
