{
    "child_model_execute_cost_by_ms": [
        7.945000171661377
    ],
    "child_model_run_time": [
        [
            12026788,
            12034733
        ]
    ],
    "execute_cost": 7.945000171661377,
    "finish_time": 12034744,
    "limit_cost_by_ms": 7.421666622161865,
    "model_name": "squeezenetv1",
    "recv_time": 12017958,
    "tag": "164",
    "total_cost_by_ms": 16.785999298095703,
    "wait_cost": 8.840999603271484
}
