{
    "child_model_execute_cost_by_ms": [
        8.40999984741211
    ],
    "child_model_run_time": [
        [
            12360525,
            12368935
        ]
    ],
    "execute_cost": 8.40999984741211,
    "finish_time": 12368952,
    "limit_cost_by_ms": 7.421666622161865,
    "model_name": "squeezenetv1",
    "recv_time": 12356477,
    "tag": "182",
    "total_cost_by_ms": 12.475000381469727,
    "wait_cost": 4.065000534057617
}
