{
    "child_model_execute_cost_by_ms": [
        10.595999717712402
    ],
    "child_model_run_time": [
        [
            12698827,
            12709423
        ]
    ],
    "execute_cost": 10.595999717712402,
    "finish_time": 12709435,
    "limit_cost_by_ms": 8.79699993133545,
    "model_name": "googlenet",
    "recv_time": 12690815,
    "tag": "198",
    "total_cost_by_ms": 18.6200008392334,
    "wait_cost": 8.024001121520996
}
