{
    "child_model_execute_cost_by_ms": [
        2.9230000972747803,
        4.366000175476074
    ],
    "child_model_run_time": [
        [
            12765693,
            12768616
        ],
        [
            12768674,
            12773040
        ]
    ],
    "execute_cost": 7.289000511169434,
    "finish_time": 12773047,
    "limit_cost_by_ms": 6.201000213623047,
    "model_name": "yolov2",
    "recv_time": 12751239,
    "tag": "203",
    "total_cost_by_ms": 21.808000564575195,
    "wait_cost": 14.519000053405762
}
