{
    "child_model_execute_cost_by_ms": [
        19.047000885009766,
        19.020999908447266,
        20.733999252319336
    ],
    "child_model_run_time": [
        [
            13289457,
            13308504
        ],
        [
            13359616,
            13378637
        ],
        [
            13378658,
            13399392
        ]
    ],
    "execute_cost": 58.802001953125,
    "finish_time": 13399399,
    "limit_cost_by_ms": 47.4206657409668,
    "model_name": "vgg19",
    "recv_time": 13289350,
    "tag": "228",
    "total_cost_by_ms": 110.04900360107422,
    "wait_cost": 51.24700164794922
}
