{
    "child_model_execute_cost_by_ms": [
        15.487000465393066,
        9.33899974822998
    ],
    "child_model_run_time": [
        [
            13488647,
            13504134
        ],
        [
            13511779,
            13521118
        ]
    ],
    "execute_cost": 24.826000213623047,
    "finish_time": 13521126,
    "limit_cost_by_ms": 19.150667190551758,
    "model_name": "resnet50",
    "recv_time": 13485284,
    "tag": "238",
    "total_cost_by_ms": 35.84199905395508,
    "wait_cost": 11.015998840332031
}
