{
    "child_model_execute_cost_by_ms": [
        18.993000030517578,
        17.881000518798828,
        20.93400001525879
    ],
    "child_model_run_time": [
        [
            13451702,
            13470695
        ],
        [
            13470732,
            13488613
        ],
        [
            13521232,
            13542166
        ]
    ],
    "execute_cost": 57.80799865722656,
    "finish_time": 13542174,
    "limit_cost_by_ms": 47.4206657409668,
    "model_name": "vgg19",
    "recv_time": 13451691,
    "tag": "237",
    "total_cost_by_ms": 90.48300170898438,
    "wait_cost": 32.67500305175781
}
