{
    "child_model_execute_cost_by_ms": [
        10.782999992370605
    ],
    "child_model_run_time": [
        [
            13661769,
            13672552
        ]
    ],
    "execute_cost": 10.782999992370605,
    "finish_time": 13672564,
    "limit_cost_by_ms": 8.79699993133545,
    "model_name": "googlenet",
    "recv_time": 13653358,
    "tag": "246",
    "total_cost_by_ms": 19.20599937438965,
    "wait_cost": 8.422999382019043
}
