{
    "child_model_execute_cost_by_ms": [
        7.706999778747559
    ],
    "child_model_run_time": [
        [
            13836547,
            13844254
        ]
    ],
    "execute_cost": 7.706999778747559,
    "finish_time": 13844261,
    "limit_cost_by_ms": 7.421666622161865,
    "model_name": "squeezenetv1",
    "recv_time": 13836538,
    "tag": "255",
    "total_cost_by_ms": 7.7230000495910645,
    "wait_cost": 0.01600027084350586
}
