{
    "child_model_execute_cost_by_ms": [
        3.063999891281128,
        4.658999919891357
    ],
    "child_model_run_time": [
        [
            14346303,
            14349367
        ],
        [
            14349455,
            14354114
        ]
    ],
    "execute_cost": 7.722999572753906,
    "finish_time": 14354122,
    "limit_cost_by_ms": 6.201000213623047,
    "model_name": "yolov2",
    "recv_time": 14346188,
    "tag": "280",
    "total_cost_by_ms": 7.934000015258789,
    "wait_cost": 0.2110004425048828
}
