{
    "child_model_execute_cost_by_ms": [
        7.558000087738037
    ],
    "child_model_run_time": [
        [
            14378999,
            14386557
        ]
    ],
    "execute_cost": 7.558000087738037,
    "finish_time": 14386562,
    "limit_cost_by_ms": 7.421666622161865,
    "model_name": "squeezenetv1",
    "recv_time": 14378872,
    "tag": "282",
    "total_cost_by_ms": 7.690000057220459,
    "wait_cost": 0.13199996948242188
}
