{
    "child_model_execute_cost_by_ms": [
        9.972000122070313
    ],
    "child_model_run_time": [
        [
            14386990,
            14396962
        ]
    ],
    "execute_cost": 9.972000122070313,
    "finish_time": 14396971,
    "limit_cost_by_ms": 8.79699993133545,
    "model_name": "googlenet",
    "recv_time": 14386891,
    "tag": "283",
    "total_cost_by_ms": 10.079999923706055,
    "wait_cost": 0.10799980163574219
}
