{
    "child_model_execute_cost_by_ms": [
        18.929000854492188,
        18.177000045776367,
        20.954999923706055
    ],
    "child_model_run_time": [
        [
            14397244,
            14416173
        ],
        [
            14416215,
            14434392
        ],
        [
            14442343,
            14463298
        ]
    ],
    "execute_cost": 58.061004638671875,
    "finish_time": 14463307,
    "limit_cost_by_ms": 47.4206657409668,
    "model_name": "vgg19",
    "recv_time": 14397230,
    "tag": "284",
    "total_cost_by_ms": 66.0770034790039,
    "wait_cost": 8.015998840332031
}
