{
    "child_model_execute_cost_by_ms": [
        15.333999633789063,
        8.769000053405762
    ],
    "child_model_run_time": [
        [
            9274375,
            9289709
        ],
        [
            9289758,
            9298527
        ]
    ],
    "execute_cost": 24.10300064086914,
    "finish_time": 9298539,
    "limit_cost_by_ms": 19.150667190551758,
    "model_name": "resnet50",
    "recv_time": 9274356,
    "tag": "30",
    "total_cost_by_ms": 24.183000564575195,
    "wait_cost": 0.07999992370605469
}
