{
    "child_model_execute_cost_by_ms": [
        19.95599937438965,
        18.04400062561035,
        20.39900016784668
    ],
    "child_model_run_time": [
        [
            14537204,
            14557160
        ],
        [
            14557193,
            14575237
        ],
        [
            14575267,
            14595666
        ]
    ],
    "execute_cost": 58.39900207519531,
    "finish_time": 14595673,
    "limit_cost_by_ms": 47.4206657409668,
    "model_name": "vgg19",
    "recv_time": 14523493,
    "tag": "291",
    "total_cost_by_ms": 72.18000030517578,
    "wait_cost": 13.780998229980469
}
