{
    "child_model_execute_cost_by_ms": [
        10.447999954223633
    ],
    "child_model_run_time": [
        [
            14738424,
            14748872
        ]
    ],
    "execute_cost": 10.447999954223633,
    "finish_time": 14748884,
    "limit_cost_by_ms": 8.79699993133545,
    "model_name": "googlenet",
    "recv_time": 14729178,
    "tag": "299",
    "total_cost_by_ms": 19.70599937438965,
    "wait_cost": 9.257999420166016
}
