{
    "child_model_execute_cost_by_ms": [
        19.93400001525879,
        19.27400016784668,
        20.746999740600586
    ],
    "child_model_run_time": [
        [
            15483376,
            15503310
        ],
        [
            15513526,
            15532800
        ],
        [
            15532896,
            15553643
        ]
    ],
    "execute_cost": 59.95500183105469,
    "finish_time": 15553654,
    "limit_cost_by_ms": 47.4206657409668,
    "model_name": "vgg19",
    "recv_time": 15454885,
    "tag": "336",
    "total_cost_by_ms": 98.76899719238281,
    "wait_cost": 38.813995361328125
}
