{
    "child_model_execute_cost_by_ms": [
        3.1059999465942383,
        4.443999767303467
    ],
    "child_model_run_time": [
        [
            9407640,
            9410746
        ],
        [
            9410841,
            9415285
        ]
    ],
    "execute_cost": 7.549999713897705,
    "finish_time": 9415296,
    "limit_cost_by_ms": 6.201000213623047,
    "model_name": "yolov2",
    "recv_time": 9407515,
    "tag": "36",
    "total_cost_by_ms": 7.781000137329102,
    "wait_cost": 0.23100042343139648
}
