{
    "child_model_execute_cost_by_ms": [
        14.92300033569336,
        8.638999938964844
    ],
    "child_model_run_time": [
        [
            15864156,
            15879079
        ],
        [
            15879132,
            15887771
        ]
    ],
    "execute_cost": 23.562000274658203,
    "finish_time": 15887782,
    "limit_cost_by_ms": 19.150667190551758,
    "model_name": "resnet50",
    "recv_time": 15864142,
    "tag": "356",
    "total_cost_by_ms": 23.639999389648438,
    "wait_cost": 0.07799911499023438
}
