{
    "child_model_execute_cost_by_ms": [
        14.88700008392334,
        9.315999984741211
    ],
    "child_model_run_time": [
        [
            16620194,
            16635081
        ],
        [
            16643243,
            16652559
        ]
    ],
    "execute_cost": 24.202999114990234,
    "finish_time": 16652564,
    "limit_cost_by_ms": 19.150667190551758,
    "model_name": "resnet50",
    "recv_time": 16616818,
    "tag": "391",
    "total_cost_by_ms": 35.74599838256836,
    "wait_cost": 11.542999267578125
}
