{
    "child_model_execute_cost_by_ms": [
        18.118000030517578,
        17.523000717163086,
        20.590999603271484
    ],
    "child_model_run_time": [
        [
            16703343,
            16721461
        ],
        [
            16721509,
            16739032
        ],
        [
            16739121,
            16759712
        ]
    ],
    "execute_cost": 56.231998443603516,
    "finish_time": 16759719,
    "limit_cost_by_ms": 47.4206657409668,
    "model_name": "vgg19",
    "recv_time": 16688495,
    "tag": "397",
    "total_cost_by_ms": 71.2239990234375,
    "wait_cost": 14.992000579833984
}
