{
    "child_model_execute_cost_by_ms": [
        18.858999252319336,
        17.16900062561035,
        20.093000411987305
    ],
    "child_model_run_time": [
        [
            9549630,
            9568489
        ],
        [
            9568543,
            9585712
        ],
        [
            9585732,
            9605825
        ]
    ],
    "execute_cost": 56.121002197265625,
    "finish_time": 9605832,
    "limit_cost_by_ms": 47.4206657409668,
    "model_name": "vgg19",
    "recv_time": 9549614,
    "tag": "43",
    "total_cost_by_ms": 56.21799850463867,
    "wait_cost": 0.09699630737304688
}
