{
    "child_model_execute_cost_by_ms": [
        15.206000328063965,
        9.255000114440918
    ],
    "child_model_run_time": [
        [
            17308439,
            17323645
        ],
        [
            17323745,
            17333000
        ]
    ],
    "execute_cost": 24.461000442504883,
    "finish_time": 17333008,
    "limit_cost_by_ms": 19.150667190551758,
    "model_name": "resnet50",
    "recv_time": 17308425,
    "tag": "426",
    "total_cost_by_ms": 24.58300018310547,
    "wait_cost": 0.12199974060058594
}
