{
    "child_model_execute_cost_by_ms": [
        18.983999252319336,
        17.60700035095215,
        20.916000366210938
    ],
    "child_model_run_time": [
        [
            17491528,
            17510512
        ],
        [
            17510632,
            17528239
        ],
        [
            17536502,
            17557418
        ]
    ],
    "execute_cost": 57.50699996948242,
    "finish_time": 17557428,
    "limit_cost_by_ms": 47.4206657409668,
    "model_name": "vgg19",
    "recv_time": 17491385,
    "tag": "436",
    "total_cost_by_ms": 66.04299926757813,
    "wait_cost": 8.535999298095703
}
