{
    "child_model_execute_cost_by_ms": [
        9.914999961853027
    ],
    "child_model_run_time": [
        [
            17765807,
            17775722
        ]
    ],
    "execute_cost": 9.914999961853027,
    "finish_time": 17775736,
    "limit_cost_by_ms": 8.79699993133545,
    "model_name": "googlenet",
    "recv_time": 17761677,
    "tag": "450",
    "total_cost_by_ms": 14.059000015258789,
    "wait_cost": 4.144000053405762
}
