{
    "child_model_execute_cost_by_ms": [
        15.322999954223633,
        9.253000259399414
    ],
    "child_model_run_time": [
        [
            17750419,
            17765742
        ],
        [
            17775976,
            17785229
        ]
    ],
    "execute_cost": 24.576000213623047,
    "finish_time": 17785241,
    "limit_cost_by_ms": 19.150667190551758,
    "model_name": "resnet50",
    "recv_time": 17750285,
    "tag": "449",
    "total_cost_by_ms": 34.95600128173828,
    "wait_cost": 10.380001068115234
}
