{
    "child_model_execute_cost_by_ms": [
        10.262999534606934
    ],
    "child_model_run_time": [
        [
            17883838,
            17894101
        ]
    ],
    "execute_cost": 10.262999534606934,
    "finish_time": 17894110,
    "limit_cost_by_ms": 8.79699993133545,
    "model_name": "googlenet",
    "recv_time": 17883733,
    "tag": "455",
    "total_cost_by_ms": 10.376999855041504,
    "wait_cost": 0.11400032043457031
}
