{
    "child_model_execute_cost_by_ms": [
        10.35099983215332
    ],
    "child_model_run_time": [
        [
            17994953,
            18005304
        ]
    ],
    "execute_cost": 10.35099983215332,
    "finish_time": 18005312,
    "limit_cost_by_ms": 8.79699993133545,
    "model_name": "googlenet",
    "recv_time": 17994772,
    "tag": "460",
    "total_cost_by_ms": 10.539999961853027,
    "wait_cost": 0.18900012969970703
}
