{
    "child_model_execute_cost_by_ms": [
        7.9070000648498535
    ],
    "child_model_run_time": [
        [
            18616539,
            18624446
        ]
    ],
    "execute_cost": 7.9070000648498535,
    "finish_time": 18624456,
    "limit_cost_by_ms": 7.421666622161865,
    "model_name": "squeezenetv1",
    "recv_time": 18607894,
    "tag": "491",
    "total_cost_by_ms": 16.562000274658203,
    "wait_cost": 8.655000686645508
}
