{
    "child_model_execute_cost_by_ms": [
        9.526000022888184
    ],
    "child_model_run_time": [
        [
            18644795,
            18654321
        ]
    ],
    "execute_cost": 9.526000022888184,
    "finish_time": 18654328,
    "limit_cost_by_ms": 8.79699993133545,
    "model_name": "googlenet",
    "recv_time": 18639448,
    "tag": "492",
    "total_cost_by_ms": 14.880000114440918,
    "wait_cost": 5.354000091552734
}
