{
    "child_model_execute_cost_by_ms": [
        15.27400016784668,
        8.914999961853027
    ],
    "child_model_run_time": [
        [
            18732657,
            18747931
        ],
        [
            18747979,
            18756894
        ]
    ],
    "execute_cost": 24.18899917602539,
    "finish_time": 18756905,
    "limit_cost_by_ms": 19.150667190551758,
    "model_name": "resnet50",
    "recv_time": 18714982,
    "tag": "499",
    "total_cost_by_ms": 41.92300033569336,
    "wait_cost": 17.73400115966797
}
