{
    "child_model_execute_cost_by_ms": [
        19.393999099731445,
        19.149999618530273,
        20.027000427246094
    ],
    "child_model_run_time": [
        [
            18687394,
            18706788
        ],
        [
            18757074,
            18776224
        ],
        [
            18776324,
            18796351
        ]
    ],
    "execute_cost": 58.57099914550781,
    "finish_time": 18796360,
    "limit_cost_by_ms": 47.4206657409668,
    "model_name": "vgg19",
    "recv_time": 18687293,
    "tag": "495",
    "total_cost_by_ms": 109.06700134277344,
    "wait_cost": 50.496002197265625
}
