{
    "child_model_execute_cost_by_ms": [
        10.248000144958496
    ],
    "child_model_run_time": [
        [
            18940347,
            18950595
        ]
    ],
    "execute_cost": 10.248000144958496,
    "finish_time": 18950605,
    "limit_cost_by_ms": 8.79699993133545,
    "model_name": "googlenet",
    "recv_time": 18940172,
    "tag": "507",
    "total_cost_by_ms": 10.432999610900879,
    "wait_cost": 0.1849994659423828
}
