{
    "child_model_execute_cost_by_ms": [
        19.927000045776367,
        19.023000717163086,
        20.707000732421875
    ],
    "child_model_run_time": [
        [
            19522888,
            19542815
        ],
        [
            19550882,
            19569905
        ],
        [
            19569951,
            19590658
        ]
    ],
    "execute_cost": 59.65700149536133,
    "finish_time": 19590666,
    "limit_cost_by_ms": 47.4206657409668,
    "model_name": "vgg19",
    "recv_time": 19519827,
    "tag": "537",
    "total_cost_by_ms": 70.83899688720703,
    "wait_cost": 11.181995391845703
}
