{
    "child_model_execute_cost_by_ms": [
        10.309000015258789
    ],
    "child_model_run_time": [
        [
            19786353,
            19796662
        ]
    ],
    "execute_cost": 10.309000015258789,
    "finish_time": 19796674,
    "limit_cost_by_ms": 8.79699993133545,
    "model_name": "googlenet",
    "recv_time": 19786178,
    "tag": "550",
    "total_cost_by_ms": 10.496000289916992,
    "wait_cost": 0.18700027465820313
}
