{
    "child_model_execute_cost_by_ms": [
        15.281999588012695,
        8.772000312805176
    ],
    "child_model_run_time": [
        [
            20150510,
            20165792
        ],
        [
            20165933,
            20174705
        ]
    ],
    "execute_cost": 24.054000854492188,
    "finish_time": 20174713,
    "limit_cost_by_ms": 19.150667190551758,
    "model_name": "resnet50",
    "recv_time": 20150407,
    "tag": "567",
    "total_cost_by_ms": 24.305999755859375,
    "wait_cost": 0.2519989013671875
}
