{
    "child_model_execute_cost_by_ms": [
        7.808000087738037
    ],
    "child_model_run_time": [
        [
            20175102,
            20182910
        ]
    ],
    "execute_cost": 7.808000087738037,
    "finish_time": 20182919,
    "limit_cost_by_ms": 7.421666622161865,
    "model_name": "squeezenetv1",
    "recv_time": 20174998,
    "tag": "568",
    "total_cost_by_ms": 7.921000003814697,
    "wait_cost": 0.11299991607666016
}
