{
    "child_model_execute_cost_by_ms": [
        7.6620001792907715
    ],
    "child_model_run_time": [
        [
            20434458,
            20442120
        ]
    ],
    "execute_cost": 7.6620001792907715,
    "finish_time": 20442127,
    "limit_cost_by_ms": 7.421666622161865,
    "model_name": "squeezenetv1",
    "recv_time": 20434451,
    "tag": "581",
    "total_cost_by_ms": 7.676000118255615,
    "wait_cost": 0.01399993896484375
}
