{
    "child_model_execute_cost_by_ms": [
        7.76200008392334
    ],
    "child_model_run_time": [
        [
            20686272,
            20694034
        ]
    ],
    "execute_cost": 7.76200008392334,
    "finish_time": 20694042,
    "limit_cost_by_ms": 7.421666622161865,
    "model_name": "squeezenetv1",
    "recv_time": 20686265,
    "tag": "593",
    "total_cost_by_ms": 7.7769999504089355,
    "wait_cost": 0.014999866485595703
}
