{
    "child_model_execute_cost_by_ms": [
        7.916999816894531
    ],
    "child_model_run_time": [
        [
            21216111,
            21224028
        ]
    ],
    "execute_cost": 7.916999816894531,
    "finish_time": 21224035,
    "limit_cost_by_ms": 7.421666622161865,
    "model_name": "squeezenetv1",
    "recv_time": 21216102,
    "tag": "619",
    "total_cost_by_ms": 7.933000087738037,
    "wait_cost": 0.01600027084350586
}
