{
    "child_model_execute_cost_by_ms": [
        15.166000366210938,
        9.038000106811523
    ],
    "child_model_run_time": [
        [
            21479540,
            21494706
        ],
        [
            21494804,
            21503842
        ]
    ],
    "execute_cost": 24.20400047302246,
    "finish_time": 21503851,
    "limit_cost_by_ms": 19.150667190551758,
    "model_name": "resnet50",
    "recv_time": 21479374,
    "tag": "632",
    "total_cost_by_ms": 24.476999282836914,
    "wait_cost": 0.2729988098144531
}
