{
    "child_model_execute_cost_by_ms": [
        10.22599983215332
    ],
    "child_model_run_time": [
        [
            21611757,
            21621983
        ]
    ],
    "execute_cost": 10.22599983215332,
    "finish_time": 21621995,
    "limit_cost_by_ms": 8.79699993133545,
    "model_name": "googlenet",
    "recv_time": 21611706,
    "tag": "638",
    "total_cost_by_ms": 10.288999557495117,
    "wait_cost": 0.06299972534179688
}
