{
    "child_model_execute_cost_by_ms": [
        19.268999099731445,
        18.847999572753906,
        20.15999984741211
    ],
    "child_model_run_time": [
        [
            21655724,
            21674993
        ],
        [
            21682724,
            21701572
        ],
        [
            21701624,
            21721784
        ]
    ],
    "execute_cost": 58.27699661254883,
    "finish_time": 21721792,
    "limit_cost_by_ms": 47.4206657409668,
    "model_name": "vgg19",
    "recv_time": 21651725,
    "tag": "641",
    "total_cost_by_ms": 70.06700134277344,
    "wait_cost": 11.79000473022461
}
