{
    "child_model_execute_cost_by_ms": [
        8.357999801635742
    ],
    "child_model_run_time": [
        [
            22167784,
            22176142
        ]
    ],
    "execute_cost": 8.357999801635742,
    "finish_time": 22176153,
    "limit_cost_by_ms": 7.421666622161865,
    "model_name": "squeezenetv1",
    "recv_time": 22167766,
    "tag": "666",
    "total_cost_by_ms": 8.38700008392334,
    "wait_cost": 0.029000282287597656
}
