{
    "child_model_execute_cost_by_ms": [
        9.732000350952148
    ],
    "child_model_run_time": [
        [
            22673989,
            22683721
        ]
    ],
    "execute_cost": 9.732000350952148,
    "finish_time": 22683729,
    "limit_cost_by_ms": 8.79699993133545,
    "model_name": "googlenet",
    "recv_time": 22673810,
    "tag": "690",
    "total_cost_by_ms": 9.918999671936035,
    "wait_cost": 0.18699932098388672
}
