{
    "child_model_execute_cost_by_ms": [
        7.7789998054504395
    ],
    "child_model_run_time": [
        [
            10161356,
            10169135
        ]
    ],
    "execute_cost": 7.7789998054504395,
    "finish_time": 10169143,
    "limit_cost_by_ms": 7.421666622161865,
    "model_name": "squeezenetv1",
    "recv_time": 10153706,
    "tag": "73",
    "total_cost_by_ms": 15.437000274658203,
    "wait_cost": 7.658000469207764
}
