{
    "child_model_execute_cost_by_ms": [
        8.263999938964844
    ],
    "child_model_run_time": [
        [
            23375622,
            23383886
        ]
    ],
    "execute_cost": 8.263999938964844,
    "finish_time": 23383895,
    "limit_cost_by_ms": 7.421666622161865,
    "model_name": "squeezenetv1",
    "recv_time": 23375526,
    "tag": "725",
    "total_cost_by_ms": 8.369000434875488,
    "wait_cost": 0.10500049591064453
}
