{
    "child_model_execute_cost_by_ms": [
        19.231000900268555,
        18.19700050354004,
        21.31599998474121
    ],
    "child_model_run_time": [
        [
            23384376,
            23403607
        ],
        [
            23403731,
            23421928
        ],
        [
            23465598,
            23486914
        ]
    ],
    "execute_cost": 58.74400329589844,
    "finish_time": 23486923,
    "limit_cost_by_ms": 47.4206657409668,
    "model_name": "vgg19",
    "recv_time": 23384279,
    "tag": "726",
    "total_cost_by_ms": 102.64399719238281,
    "wait_cost": 43.899993896484375
}
