{
    "child_model_execute_cost_by_ms": [
        2.9839999675750732,
        4.1570000648498535
    ],
    "child_model_run_time": [
        [
            23643943,
            23646927
        ],
        [
            23646965,
            23651122
        ]
    ],
    "execute_cost": 7.140999794006348,
    "finish_time": 23660258,
    "limit_cost_by_ms": 6.201000213623047,
    "model_name": "yolov2",
    "recv_time": 23639490,
    "tag": "739",
    "total_cost_by_ms": 20.76799964904785,
    "wait_cost": 13.626999855041504
}
