{
    "child_model_execute_cost_by_ms": [
        3.382999897003174,
        4.611000061035156
    ],
    "child_model_run_time": [
        [
            24155925,
            24159308
        ],
        [
            24159366,
            24163977
        ]
    ],
    "execute_cost": 7.99399995803833,
    "finish_time": 24163987,
    "limit_cost_by_ms": 6.201000213623047,
    "model_name": "yolov2",
    "recv_time": 24150569,
    "tag": "764",
    "total_cost_by_ms": 13.418000221252441,
    "wait_cost": 5.424000263214111
}
