{
    "child_model_execute_cost_by_ms": [
        8.807999610900879
    ],
    "child_model_run_time": [
        [
            24535758,
            24544566
        ]
    ],
    "execute_cost": 8.807999610900879,
    "finish_time": 24544581,
    "limit_cost_by_ms": 7.421666622161865,
    "model_name": "squeezenetv1",
    "recv_time": 24525438,
    "tag": "782",
    "total_cost_by_ms": 19.14299964904785,
    "wait_cost": 10.335000038146973
}
