{
    "child_model_execute_cost_by_ms": [
        18.767000198364258,
        19.757999420166016,
        21.364999771118164
    ],
    "child_model_run_time": [
        [
            24587177,
            24605944
        ],
        [
            24631024,
            24650782
        ],
        [
            24669432,
            24690797
        ]
    ],
    "execute_cost": 59.88999938964844,
    "finish_time": 24690810,
    "limit_cost_by_ms": 47.4206657409668,
    "model_name": "vgg19",
    "recv_time": 24587017,
    "tag": "786",
    "total_cost_by_ms": 103.79299926757813,
    "wait_cost": 43.90299987792969
}
