{
    "child_model_execute_cost_by_ms": [
        19.45199966430664,
        18.594999313354492,
        21.378999710083008
    ],
    "child_model_run_time": [
        [
            24724853,
            24744305
        ],
        [
            24752367,
            24770962
        ],
        [
            24815233,
            24836612
        ]
    ],
    "execute_cost": 59.425994873046875,
    "finish_time": 24836620,
    "limit_cost_by_ms": 47.4206657409668,
    "model_name": "vgg19",
    "recv_time": 24724703,
    "tag": "792",
    "total_cost_by_ms": 111.91699981689453,
    "wait_cost": 52.491004943847656
}
