{
    "child_model_execute_cost_by_ms": [
        19.47599983215332,
        18.191999435424805,
        20.531999588012695
    ],
    "child_model_run_time": [
        [
            24870646,
            24890122
        ],
        [
            24890169,
            24908361
        ],
        [
            24908390,
            24928922
        ]
    ],
    "execute_cost": 58.19999694824219,
    "finish_time": 24928930,
    "limit_cost_by_ms": 47.4206657409668,
    "model_name": "vgg19",
    "recv_time": 24862067,
    "tag": "799",
    "total_cost_by_ms": 66.86299896240234,
    "wait_cost": 8.663002014160156
}
