{
    "child_model_execute_cost_by_ms": [
        14.149999618530273,
        9.027000427246094
    ],
    "child_model_run_time": [
        [
            25170003,
            25184153
        ],
        [
            25192232,
            25201259
        ]
    ],
    "execute_cost": 23.177000045776367,
    "finish_time": 25201267,
    "limit_cost_by_ms": 19.150667190551758,
    "model_name": "resnet50",
    "recv_time": 25166347,
    "tag": "813",
    "total_cost_by_ms": 34.91999816894531,
    "wait_cost": 11.742998123168945
}
