{
    "child_model_execute_cost_by_ms": [
        14.701000213623047,
        8.61299991607666
    ],
    "child_model_run_time": [
        [
            25546721,
            25561422
        ],
        [
            25569220,
            25577833
        ]
    ],
    "execute_cost": 23.31399917602539,
    "finish_time": 25577843,
    "limit_cost_by_ms": 19.150667190551758,
    "model_name": "resnet50",
    "recv_time": 25546263,
    "tag": "833",
    "total_cost_by_ms": 31.579999923706055,
    "wait_cost": 8.266000747680664
}
