{
    "child_model_execute_cost_by_ms": [
        17.81800079345703,
        18.170000076293945,
        20.239999771118164
    ],
    "child_model_run_time": [
        [
            25912010,
            25929828
        ],
        [
            25948380,
            25966550
        ],
        [
            25966640,
            25986880
        ]
    ],
    "execute_cost": 56.227996826171875,
    "finish_time": 25986888,
    "limit_cost_by_ms": 47.4206657409668,
    "model_name": "vgg19",
    "recv_time": 25911845,
    "tag": "851",
    "total_cost_by_ms": 75.04299926757813,
    "wait_cost": 18.81500244140625
}
