{
    "child_model_execute_cost_by_ms": [
        8.409000396728516
    ],
    "child_model_run_time": [
        [
            26010526,
            26018935
        ]
    ],
    "execute_cost": 8.409000396728516,
    "finish_time": 26018944,
    "limit_cost_by_ms": 7.421666622161865,
    "model_name": "squeezenetv1",
    "recv_time": 26003340,
    "tag": "855",
    "total_cost_by_ms": 15.604000091552734,
    "wait_cost": 7.194999694824219
}
