{
    "child_model_execute_cost_by_ms": [
        14.970999717712402,
        8.779000282287598
    ],
    "child_model_run_time": [
        [
            10464941,
            10479912
        ],
        [
            10479960,
            10488739
        ]
    ],
    "execute_cost": 23.75,
    "finish_time": 10488746,
    "limit_cost_by_ms": 19.150667190551758,
    "model_name": "resnet50",
    "recv_time": 10464801,
    "tag": "88",
    "total_cost_by_ms": 23.94499969482422,
    "wait_cost": 0.19499969482421875
}
