{
    "child_model_execute_cost_by_ms": [
        3.2260000705718994,
        4.6579999923706055
    ],
    "child_model_run_time": [
        [
            26406246,
            26409472
        ],
        [
            26409518,
            26414176
        ]
    ],
    "execute_cost": 7.883999824523926,
    "finish_time": 26414182,
    "limit_cost_by_ms": 6.201000213623047,
    "model_name": "yolov2",
    "recv_time": 26402259,
    "tag": "875",
    "total_cost_by_ms": 11.92300033569336,
    "wait_cost": 4.039000511169434
}
