{
    "child_model_execute_cost_by_ms": [
        18.281999588012695,
        17.889999389648438,
        20.621000289916992
    ],
    "child_model_run_time": [
        [
            26555052,
            26573334
        ],
        [
            26591924,
            26609814
        ],
        [
            26609905,
            26630526
        ]
    ],
    "execute_cost": 56.792999267578125,
    "finish_time": 26630537,
    "limit_cost_by_ms": 47.4206657409668,
    "model_name": "vgg19",
    "recv_time": 26554948,
    "tag": "883",
    "total_cost_by_ms": 75.58899688720703,
    "wait_cost": 18.795997619628906
}
