{
    "child_model_execute_cost_by_ms": [
        8.265000343322754
    ],
    "child_model_run_time": [
        [
            26944475,
            26952740
        ]
    ],
    "execute_cost": 8.265000343322754,
    "finish_time": 26952749,
    "limit_cost_by_ms": 7.421666622161865,
    "model_name": "squeezenetv1",
    "recv_time": 26944322,
    "tag": "902",
    "total_cost_by_ms": 8.427000045776367,
    "wait_cost": 0.16199970245361328
}
