{
    "child_model_execute_cost_by_ms": [
        3.0320000648498535,
        4.105000019073486
    ],
    "child_model_run_time": [
        [
            27349191,
            27352223
        ],
        [
            27352254,
            27356359
        ]
    ],
    "execute_cost": 7.13700008392334,
    "finish_time": 27356362,
    "limit_cost_by_ms": 6.201000213623047,
    "model_name": "yolov2",
    "recv_time": 27345598,
    "tag": "923",
    "total_cost_by_ms": 10.763999938964844,
    "wait_cost": 3.626999855041504
}
