{
    "child_model_execute_cost_by_ms": [
        9.70300006866455
    ],
    "child_model_run_time": [
        [
            10649419,
            10659122
        ]
    ],
    "execute_cost": 9.70300006866455,
    "finish_time": 10659136,
    "limit_cost_by_ms": 8.79699993133545,
    "model_name": "googlenet",
    "recv_time": 10642401,
    "tag": "97",
    "total_cost_by_ms": 16.735000610351563,
    "wait_cost": 7.032000541687012
}
