{
    "child_model_execute_cost_by_ms": [
        18.667999267578125,
        17.847999572753906,
        21.009000778198242
    ],
    "child_model_run_time": [
        [
            28158618,
            28177286
        ],
        [
            28177393,
            28195241
        ],
        [
            28220055,
            28241064
        ]
    ],
    "execute_cost": 57.525001525878906,
    "finish_time": 28241071,
    "limit_cost_by_ms": 47.4206657409668,
    "model_name": "vgg19",
    "recv_time": 28148190,
    "tag": "964",
    "total_cost_by_ms": 92.88099670410156,
    "wait_cost": 35.355995178222656
}
