{
    "child_model_execute_cost_by_ms": [
        15.630000114440918,
        9.281000137329102
    ],
    "child_model_run_time": [
        [
            28657366,
            28672996
        ],
        [
            28673095,
            28682376
        ]
    ],
    "execute_cost": 24.910999298095703,
    "finish_time": 28682385,
    "limit_cost_by_ms": 19.150667190551758,
    "model_name": "resnet50",
    "recv_time": 28649120,
    "tag": "987",
    "total_cost_by_ms": 33.26499938964844,
    "wait_cost": 8.354000091552734
}
