{
    "child_model_execute_cost_by_ms": [
        7.71999979019165
    ],
    "child_model_run_time": [
        [
            28682729,
            28690449
        ]
    ],
    "execute_cost": 7.71999979019165,
    "finish_time": 28690457,
    "limit_cost_by_ms": 7.421666622161865,
    "model_name": "squeezenetv1",
    "recv_time": 28682626,
    "tag": "988",
    "total_cost_by_ms": 7.830999851226807,
    "wait_cost": 0.11100006103515625
}
