{
    "child_model_execute_cost_by_ms": [
        3.1019999980926514,
        4.357999801635742
    ],
    "child_model_run_time": [
        [
            28700418,
            28703520
        ],
        [
            28703565,
            28707923
        ]
    ],
    "execute_cost": 7.460000038146973,
    "finish_time": 28707929,
    "limit_cost_by_ms": 6.201000213623047,
    "model_name": "yolov2",
    "recv_time": 28696423,
    "tag": "990",
    "total_cost_by_ms": 11.505999565124512,
    "wait_cost": 4.045999526977539
}
