{
    "resnet50": {
        "min": 1.0,
        "avg": 2.2184957368282068,
        "max": 5.111907493244497,
        "std": 1.1923069791306014
    },
    "vgg19": {
        "min": 1.0,
        "avg": 1.1221536497586633,
        "max": 1.9202981804279136,
        "std": 0.17910340634103586
    },
    "googlenet": {
        "min": 1.0019514726492338,
        "avg": 2.9671627776285545,
        "max": 10.299567293626996,
        "std": 2.4828896880980063
    },
    "yolov2": {
        "min": 1.0112949573217074,
        "avg": 3.5277850565945212,
        "max": 14.236716508010462,
        "std": 3.330629528527644
    },
    "squeezenetv1": {
        "min": 1.072263979880231,
        "avg": 3.3156468170131648,
        "max": 12.75224382379378,
        "std": 2.7960133862030307
    },
    "total": {
        "min": 1.0,
        "avg": 2.8051213917006277,
        "max": 14.236716508010462,
        "std": 2.6168888398467987
    }
}