name,min,avg,max
vgg19,1.0,1.0562453198775044,1.9608923971303445
resnet50,1.0074543536718226,1.458106989548283,4.432724749396433
yolov2,1.0192790909853715,3.330708557474139,11.427362285343204
squeezenetv1,1.0325374912198042,2.1684215915425575,10.1792931249742
googlenet,1.0618665372404696,2.757483145346542,7.262554571924151
total,1.0,2.1545949824274757,11.427362285343204
