name,Std. Deviation of RR
vgg19,0.12801651122876936
resnet50,0.7047279227003358
yolov2,2.4960378352420185
squeezenetv1,1.5278062181670788
googlenet,1.7449853596496696
total,1.7615035400313737
