{
    "child_model_execute_cost_by_ms": [
        8.621000289916992
    ],
    "child_model_run_time": [
        [
            10770024,
            10778645
        ]
    ],
    "execute_cost": 8.621000289916992,
    "finish_time": 10778654,
    "limit_cost_by_ms": 7.5289998054504395,
    "model_name": "squeezenetv1",
    "recv_time": 10770005,
    "tag": "106",
    "total_cost_by_ms": 8.64900016784668,
    "wait_cost": 0.0279998779296875
}
