{
    "child_model_execute_cost_by_ms": [
        10.055999755859375
    ],
    "child_model_run_time": [
        [
            10779157,
            10789213
        ]
    ],
    "execute_cost": 10.055999755859375,
    "finish_time": 10789222,
    "limit_cost_by_ms": 9.126667022705078,
    "model_name": "googlenet",
    "recv_time": 10779007,
    "tag": "107",
    "total_cost_by_ms": 10.21500015258789,
    "wait_cost": 0.15900039672851563
}
