{
    "child_model_execute_cost_by_ms": [
        6.696000099182129
    ],
    "child_model_run_time": [
        [
            10864937,
            10871633
        ]
    ],
    "execute_cost": 6.696000099182129,
    "finish_time": 10871640,
    "limit_cost_by_ms": 6.196666717529297,
    "model_name": "yolov2",
    "recv_time": 10864862,
    "tag": "111",
    "total_cost_by_ms": 6.7779998779296875,
    "wait_cost": 0.0819997787475586
}
