{
    "child_model_execute_cost_by_ms": [
        45.30400085449219
    ],
    "child_model_run_time": [
        [
            10957973,
            11003277
        ]
    ],
    "execute_cost": 45.30400085449219,
    "finish_time": 11003285,
    "limit_cost_by_ms": 47.37533187866211,
    "model_name": "vgg19",
    "recv_time": 10957860,
    "tag": "116",
    "total_cost_by_ms": 45.42499923706055,
    "wait_cost": 0.12099838256835938
}
