{
    "child_model_execute_cost_by_ms": [
        8.730999946594238
    ],
    "child_model_run_time": [
        [
            8944617,
            8953348
        ]
    ],
    "execute_cost": 8.730999946594238,
    "finish_time": 8953365,
    "limit_cost_by_ms": 7.5289998054504395,
    "model_name": "squeezenetv1",
    "recv_time": 8920118,
    "tag": "15",
    "total_cost_by_ms": 33.24700164794922,
    "wait_cost": 24.516002655029297
}
