{
    "child_model_execute_cost_by_ms": [
        45.00699996948242
    ],
    "child_model_run_time": [
        [
            11513881,
            11558888
        ]
    ],
    "execute_cost": 45.00699996948242,
    "finish_time": 11558895,
    "limit_cost_by_ms": 47.37533187866211,
    "model_name": "vgg19",
    "recv_time": 11513716,
    "tag": "144",
    "total_cost_by_ms": 45.17900085449219,
    "wait_cost": 0.17200088500976563
}
