{
    "child_model_execute_cost_by_ms": [
        45.31800079345703
    ],
    "child_model_run_time": [
        [
            12063263,
            12108581
        ]
    ],
    "execute_cost": 45.31800079345703,
    "finish_time": 12108591,
    "limit_cost_by_ms": 47.37533187866211,
    "model_name": "vgg19",
    "recv_time": 12063114,
    "tag": "171",
    "total_cost_by_ms": 45.47700119018555,
    "wait_cost": 0.15900039672851563
}
