{
    "child_model_execute_cost_by_ms": [
        10.217000007629395
    ],
    "child_model_run_time": [
        [
            12370161,
            12380378
        ]
    ],
    "execute_cost": 10.217000007629395,
    "finish_time": 12380392,
    "limit_cost_by_ms": 9.126667022705078,
    "model_name": "googlenet",
    "recv_time": 12370145,
    "tag": "186",
    "total_cost_by_ms": 10.246999740600586,
    "wait_cost": 0.029999732971191406
}
