{
    "child_model_execute_cost_by_ms": [
        8.383000373840332
    ],
    "child_model_run_time": [
        [
            12557359,
            12565742
        ]
    ],
    "execute_cost": 8.383000373840332,
    "finish_time": 12565751,
    "limit_cost_by_ms": 7.5289998054504395,
    "model_name": "squeezenetv1",
    "recv_time": 12557346,
    "tag": "196",
    "total_cost_by_ms": 8.404999732971191,
    "wait_cost": 0.021999359130859375
}
