{
    "child_model_execute_cost_by_ms": [
        10.925000190734863
    ],
    "child_model_run_time": [
        [
            12612037,
            12622962
        ]
    ],
    "execute_cost": 10.925000190734863,
    "finish_time": 12622973,
    "limit_cost_by_ms": 9.126667022705078,
    "model_name": "googlenet",
    "recv_time": 12602990,
    "tag": "198",
    "total_cost_by_ms": 19.982999801635742,
    "wait_cost": 9.057999610900879
}
