{
    "child_model_execute_cost_by_ms": [
        8.244999885559082
    ],
    "child_model_run_time": [
        [
            12717803,
            12726048
        ]
    ],
    "execute_cost": 8.244999885559082,
    "finish_time": 12726056,
    "limit_cost_by_ms": 7.5289998054504395,
    "model_name": "squeezenetv1",
    "recv_time": 12713458,
    "tag": "204",
    "total_cost_by_ms": 12.597999572753906,
    "wait_cost": 4.352999687194824
}
