{
    "child_model_execute_cost_by_ms": [
        46.391998291015625
    ],
    "child_model_run_time": [
        [
            12807345,
            12853737
        ]
    ],
    "execute_cost": 46.391998291015625,
    "finish_time": 12853748,
    "limit_cost_by_ms": 47.37533187866211,
    "model_name": "vgg19",
    "recv_time": 12804286,
    "tag": "209",
    "total_cost_by_ms": 49.46200180053711,
    "wait_cost": 3.0700035095214844
}
