{
    "child_model_execute_cost_by_ms": [
        8.10099983215332
    ],
    "child_model_run_time": [
        [
            12865090,
            12873191
        ]
    ],
    "execute_cost": 8.10099983215332,
    "finish_time": 12873199,
    "limit_cost_by_ms": 7.5289998054504395,
    "model_name": "squeezenetv1",
    "recv_time": 12857469,
    "tag": "211",
    "total_cost_by_ms": 15.729999542236328,
    "wait_cost": 7.628999710083008
}
