{
    "child_model_execute_cost_by_ms": [
        7.449999809265137
    ],
    "child_model_run_time": [
        [
            13319367,
            13326817
        ]
    ],
    "execute_cost": 7.449999809265137,
    "finish_time": 13326824,
    "limit_cost_by_ms": 6.196666717529297,
    "model_name": "yolov2",
    "recv_time": 13319222,
    "tag": "233",
    "total_cost_by_ms": 7.6020002365112305,
    "wait_cost": 0.15200042724609375
}
