{
    "child_model_execute_cost_by_ms": [
        19.530000686645508
    ],
    "child_model_run_time": [
        [
            13821165,
            13840695
        ]
    ],
    "execute_cost": 19.530000686645508,
    "finish_time": 13840705,
    "limit_cost_by_ms": 19.154666900634766,
    "model_name": "resnet50",
    "recv_time": 13821132,
    "tag": "259",
    "total_cost_by_ms": 19.572999954223633,
    "wait_cost": 0.042999267578125
}
