{
    "child_model_execute_cost_by_ms": [
        10.871000289916992
    ],
    "child_model_run_time": [
        [
            13893508,
            13904379
        ]
    ],
    "execute_cost": 10.871000289916992,
    "finish_time": 13904390,
    "limit_cost_by_ms": 9.126667022705078,
    "model_name": "googlenet",
    "recv_time": 13870497,
    "tag": "262",
    "total_cost_by_ms": 33.893001556396484,
    "wait_cost": 23.022001266479492
}
