{
    "child_model_execute_cost_by_ms": [
        9.821000099182129
    ],
    "child_model_run_time": [
        [
            14061600,
            14071421
        ]
    ],
    "execute_cost": 9.821000099182129,
    "finish_time": 14071431,
    "limit_cost_by_ms": 9.126667022705078,
    "model_name": "googlenet",
    "recv_time": 14061494,
    "tag": "271",
    "total_cost_by_ms": 9.937000274658203,
    "wait_cost": 0.11600017547607422
}
