{
    "child_model_execute_cost_by_ms": [
        8.723999977111816
    ],
    "child_model_run_time": [
        [
            14146372,
            14155096
        ]
    ],
    "execute_cost": 8.723999977111816,
    "finish_time": 14155104,
    "limit_cost_by_ms": 7.5289998054504395,
    "model_name": "squeezenetv1",
    "recv_time": 14141910,
    "tag": "275",
    "total_cost_by_ms": 13.194000244140625,
    "wait_cost": 4.470000267028809
}
