{
    "child_model_execute_cost_by_ms": [
        7.328999996185303
    ],
    "child_model_run_time": [
        [
            9247287,
            9254616
        ]
    ],
    "execute_cost": 7.328999996185303,
    "finish_time": 9254628,
    "limit_cost_by_ms": 6.196666717529297,
    "model_name": "yolov2",
    "recv_time": 9205112,
    "tag": "29",
    "total_cost_by_ms": 49.51599884033203,
    "wait_cost": 42.1870002746582
}
