{
    "child_model_execute_cost_by_ms": [
        8.51200008392334
    ],
    "child_model_run_time": [
        [
            14304773,
            14313285
        ]
    ],
    "execute_cost": 8.51200008392334,
    "finish_time": 14313294,
    "limit_cost_by_ms": 7.5289998054504395,
    "model_name": "squeezenetv1",
    "recv_time": 14304673,
    "tag": "283",
    "total_cost_by_ms": 8.621000289916992,
    "wait_cost": 0.10900020599365234
}
