{
    "child_model_execute_cost_by_ms": [
        44.99599838256836
    ],
    "child_model_run_time": [
        [
            14553429,
            14598425
        ]
    ],
    "execute_cost": 44.99599838256836,
    "finish_time": 14598432,
    "limit_cost_by_ms": 47.37533187866211,
    "model_name": "vgg19",
    "recv_time": 14553368,
    "tag": "296",
    "total_cost_by_ms": 45.06399917602539,
    "wait_cost": 0.06800079345703125
}
