{
    "child_model_execute_cost_by_ms": [
        7.394000053405762
    ],
    "child_model_run_time": [
        [
            14764794,
            14772188
        ]
    ],
    "execute_cost": 7.394000053405762,
    "finish_time": 14772202,
    "limit_cost_by_ms": 6.196666717529297,
    "model_name": "yolov2",
    "recv_time": 14756668,
    "tag": "307",
    "total_cost_by_ms": 15.534000396728516,
    "wait_cost": 8.140000343322754
}
