{
    "child_model_execute_cost_by_ms": [
        8.73900032043457
    ],
    "child_model_run_time": [
        [
            14850118,
            14858857
        ]
    ],
    "execute_cost": 8.73900032043457,
    "finish_time": 14858864,
    "limit_cost_by_ms": 7.5289998054504395,
    "model_name": "squeezenetv1",
    "recv_time": 14841232,
    "tag": "310",
    "total_cost_by_ms": 17.631999969482422,
    "wait_cost": 8.892999649047852
}
