{
    "child_model_execute_cost_by_ms": [
        9.041999816894531
    ],
    "child_model_run_time": [
        [
            14913073,
            14922115
        ]
    ],
    "execute_cost": 9.041999816894531,
    "finish_time": 14922128,
    "limit_cost_by_ms": 7.5289998054504395,
    "model_name": "squeezenetv1",
    "recv_time": 14910601,
    "tag": "314",
    "total_cost_by_ms": 11.527000427246094,
    "wait_cost": 2.4850006103515625
}
