{
    "child_model_execute_cost_by_ms": [
        8.616000175476074
    ],
    "child_model_run_time": [
        [
            15239824,
            15248440
        ]
    ],
    "execute_cost": 8.616000175476074,
    "finish_time": 15248449,
    "limit_cost_by_ms": 7.5289998054504395,
    "model_name": "squeezenetv1",
    "recv_time": 15239677,
    "tag": "329",
    "total_cost_by_ms": 8.772000312805176,
    "wait_cost": 0.15600013732910156
}
