{
    "child_model_execute_cost_by_ms": [
        6.552999973297119
    ],
    "child_model_run_time": [
        [
            15649985,
            15656538
        ]
    ],
    "execute_cost": 6.552999973297119,
    "finish_time": 15656547,
    "limit_cost_by_ms": 6.196666717529297,
    "model_name": "yolov2",
    "recv_time": 15649895,
    "tag": "350",
    "total_cost_by_ms": 6.6519999504089355,
    "wait_cost": 0.0989999771118164
}
