{
    "child_model_execute_cost_by_ms": [
        45.33399963378906
    ],
    "child_model_run_time": [
        [
            9366275,
            9411609
        ]
    ],
    "execute_cost": 45.33399963378906,
    "finish_time": 9411615,
    "limit_cost_by_ms": 47.37533187866211,
    "model_name": "vgg19",
    "recv_time": 9363924,
    "tag": "37",
    "total_cost_by_ms": 47.691001892089844,
    "wait_cost": 2.3570022583007813
}
