{
    "child_model_execute_cost_by_ms": [
        8.425000190734863
    ],
    "child_model_run_time": [
        [
            16217730,
            16226155
        ]
    ],
    "execute_cost": 8.425000190734863,
    "finish_time": 16226166,
    "limit_cost_by_ms": 7.5289998054504395,
    "model_name": "squeezenetv1",
    "recv_time": 16196333,
    "tag": "377",
    "total_cost_by_ms": 29.83300018310547,
    "wait_cost": 21.408000946044922
}
