{
    "child_model_execute_cost_by_ms": [
        46.28200149536133
    ],
    "child_model_run_time": [
        [
            16292385,
            16338667
        ]
    ],
    "execute_cost": 46.28200149536133,
    "finish_time": 16338677,
    "limit_cost_by_ms": 47.37533187866211,
    "model_name": "vgg19",
    "recv_time": 16292370,
    "tag": "382",
    "total_cost_by_ms": 46.30699920654297,
    "wait_cost": 0.024997711181640625
}
