{
    "child_model_execute_cost_by_ms": [
        9.479000091552734
    ],
    "child_model_run_time": [
        [
            16861158,
            16870637
        ]
    ],
    "execute_cost": 9.479000091552734,
    "finish_time": 16870644,
    "limit_cost_by_ms": 9.126667022705078,
    "model_name": "googlenet",
    "recv_time": 16861040,
    "tag": "410",
    "total_cost_by_ms": 9.604000091552734,
    "wait_cost": 0.125
}
