{
    "child_model_execute_cost_by_ms": [
        6.769000053405762
    ],
    "child_model_run_time": [
        [
            16871220,
            16877989
        ]
    ],
    "execute_cost": 6.769000053405762,
    "finish_time": 16877997,
    "limit_cost_by_ms": 6.196666717529297,
    "model_name": "yolov2",
    "recv_time": 16871105,
    "tag": "411",
    "total_cost_by_ms": 6.892000198364258,
    "wait_cost": 0.1230001449584961
}
