{
    "child_model_execute_cost_by_ms": [
        7.0370001792907715
    ],
    "child_model_run_time": [
        [
            9506299,
            9513336
        ]
    ],
    "execute_cost": 7.0370001792907715,
    "finish_time": 9513344,
    "limit_cost_by_ms": 6.196666717529297,
    "model_name": "yolov2",
    "recv_time": 9499505,
    "tag": "43",
    "total_cost_by_ms": 13.83899974822998,
    "wait_cost": 6.801999568939209
}
