{
    "child_model_execute_cost_by_ms": [
        45.75600051879883
    ],
    "child_model_run_time": [
        [
            17090611,
            17136367
        ]
    ],
    "execute_cost": 45.75600051879883,
    "finish_time": 17136378,
    "limit_cost_by_ms": 47.37533187866211,
    "model_name": "vgg19",
    "recv_time": 17090498,
    "tag": "422",
    "total_cost_by_ms": 45.880001068115234,
    "wait_cost": 0.12400054931640625
}
