{
    "child_model_execute_cost_by_ms": [
        6.599999904632568
    ],
    "child_model_run_time": [
        [
            17256498,
            17263098
        ]
    ],
    "execute_cost": 6.599999904632568,
    "finish_time": 17263108,
    "limit_cost_by_ms": 6.196666717529297,
    "model_name": "yolov2",
    "recv_time": 17252658,
    "tag": "430",
    "total_cost_by_ms": 10.449999809265137,
    "wait_cost": 3.8499999046325684
}
