{
    "child_model_execute_cost_by_ms": [
        19.7450008392334
    ],
    "child_model_run_time": [
        [
            9513923,
            9533668
        ]
    ],
    "execute_cost": 19.7450008392334,
    "finish_time": 9533678,
    "limit_cost_by_ms": 19.154666900634766,
    "model_name": "resnet50",
    "recv_time": 9513787,
    "tag": "44",
    "total_cost_by_ms": 19.891000747680664,
    "wait_cost": 0.14599990844726563
}
