{
    "child_model_execute_cost_by_ms": [
        20.183000564575195
    ],
    "child_model_run_time": [
        [
            17637916,
            17658099
        ]
    ],
    "execute_cost": 20.183000564575195,
    "finish_time": 17658110,
    "limit_cost_by_ms": 19.154666900634766,
    "model_name": "resnet50",
    "recv_time": 17606792,
    "tag": "449",
    "total_cost_by_ms": 51.31800079345703,
    "wait_cost": 31.135000228881836
}
