{
    "child_model_execute_cost_by_ms": [
        10.204999923706055
    ],
    "child_model_run_time": [
        [
            9652501,
            9662706
        ]
    ],
    "execute_cost": 10.204999923706055,
    "finish_time": 9662720,
    "limit_cost_by_ms": 9.126667022705078,
    "model_name": "googlenet",
    "recv_time": 9652364,
    "tag": "50",
    "total_cost_by_ms": 10.355999946594238,
    "wait_cost": 0.1510000228881836
}
