{
    "child_model_execute_cost_by_ms": [
        8.043999671936035
    ],
    "child_model_run_time": [
        [
            18535684,
            18543728
        ]
    ],
    "execute_cost": 8.043999671936035,
    "finish_time": 18543742,
    "limit_cost_by_ms": 7.5289998054504395,
    "model_name": "squeezenetv1",
    "recv_time": 18526856,
    "tag": "498",
    "total_cost_by_ms": 16.88599967956543,
    "wait_cost": 8.842000007629395
}
