{
    "child_model_execute_cost_by_ms": [
        46.29499816894531
    ],
    "child_model_run_time": [
        [
            18691615,
            18737910
        ]
    ],
    "execute_cost": 46.29499816894531,
    "finish_time": 18737920,
    "limit_cost_by_ms": 47.37533187866211,
    "model_name": "vgg19",
    "recv_time": 18691607,
    "tag": "504",
    "total_cost_by_ms": 46.3129997253418,
    "wait_cost": 0.018001556396484375
}
