{
    "child_model_execute_cost_by_ms": [
        10.074000358581543
    ],
    "child_model_run_time": [
        [
            18965917,
            18975991
        ]
    ],
    "execute_cost": 10.074000358581543,
    "finish_time": 18976001,
    "limit_cost_by_ms": 9.126667022705078,
    "model_name": "googlenet",
    "recv_time": 18949896,
    "tag": "518",
    "total_cost_by_ms": 26.104999542236328,
    "wait_cost": 16.03099822998047
}
