{
    "child_model_execute_cost_by_ms": [
        20.434999465942383
    ],
    "child_model_run_time": [
        [
            19051016,
            19071451
        ]
    ],
    "execute_cost": 20.434999465942383,
    "finish_time": 19071462,
    "limit_cost_by_ms": 19.154666900634766,
    "model_name": "resnet50",
    "recv_time": 19050936,
    "tag": "521",
    "total_cost_by_ms": 20.525999069213867,
    "wait_cost": 0.09099960327148438
}
