{
    "child_model_execute_cost_by_ms": [
        7.317999839782715
    ],
    "child_model_run_time": [
        [
            19199049,
            19206367
        ]
    ],
    "execute_cost": 7.317999839782715,
    "finish_time": 19206377,
    "limit_cost_by_ms": 6.196666717529297,
    "model_name": "yolov2",
    "recv_time": 19185641,
    "tag": "530",
    "total_cost_by_ms": 20.736000061035156,
    "wait_cost": 13.418000221252441
}
