{
    "child_model_execute_cost_by_ms": [
        8.727999687194824
    ],
    "child_model_run_time": [
        [
            19206583,
            19215311
        ]
    ],
    "execute_cost": 8.727999687194824,
    "finish_time": 19215326,
    "limit_cost_by_ms": 7.5289998054504395,
    "model_name": "squeezenetv1",
    "recv_time": 19177462,
    "tag": "529",
    "total_cost_by_ms": 37.86399841308594,
    "wait_cost": 29.135997772216797
}
