{
    "child_model_execute_cost_by_ms": [
        8.781999588012695
    ],
    "child_model_run_time": [
        [
            19282887,
            19291669
        ]
    ],
    "execute_cost": 8.781999588012695,
    "finish_time": 19291686,
    "limit_cost_by_ms": 7.5289998054504395,
    "model_name": "squeezenetv1",
    "recv_time": 19264791,
    "tag": "532",
    "total_cost_by_ms": 26.895000457763672,
    "wait_cost": 18.113000869750977
}
