{
    "child_model_execute_cost_by_ms": [
        8.652000427246094
    ],
    "child_model_run_time": [
        [
            19375430,
            19384082
        ]
    ],
    "execute_cost": 8.652000427246094,
    "finish_time": 19384091,
    "limit_cost_by_ms": 7.5289998054504395,
    "model_name": "squeezenetv1",
    "recv_time": 19341551,
    "tag": "537",
    "total_cost_by_ms": 42.540000915527344,
    "wait_cost": 33.88800048828125
}
