{
    "child_model_execute_cost_by_ms": [
        8.656000137329102
    ],
    "child_model_run_time": [
        [
            19524062,
            19532718
        ]
    ],
    "execute_cost": 8.656000137329102,
    "finish_time": 19532735,
    "limit_cost_by_ms": 7.5289998054504395,
    "model_name": "squeezenetv1",
    "recv_time": 19480923,
    "tag": "544",
    "total_cost_by_ms": 51.8120002746582,
    "wait_cost": 43.15599822998047
}
