{
    "child_model_execute_cost_by_ms": [
        8.597000122070313
    ],
    "child_model_run_time": [
        [
            20084710,
            20093307
        ]
    ],
    "execute_cost": 8.597000122070313,
    "finish_time": 20093316,
    "limit_cost_by_ms": 7.5289998054504395,
    "model_name": "squeezenetv1",
    "recv_time": 20069635,
    "tag": "571",
    "total_cost_by_ms": 23.680999755859375,
    "wait_cost": 15.083999633789063
}
