{
    "child_model_execute_cost_by_ms": [
        6.874000072479248
    ],
    "child_model_run_time": [
        [
            20337924,
            20344798
        ]
    ],
    "execute_cost": 6.874000072479248,
    "finish_time": 20344801,
    "limit_cost_by_ms": 6.196666717529297,
    "model_name": "yolov2",
    "recv_time": 20337911,
    "tag": "585",
    "total_cost_by_ms": 6.889999866485596,
    "wait_cost": 0.015999794006347656
}
