{
    "child_model_execute_cost_by_ms": [
        46.56399917602539
    ],
    "child_model_run_time": [
        [
            20430198,
            20476762
        ]
    ],
    "execute_cost": 46.56399917602539,
    "finish_time": 20476773,
    "limit_cost_by_ms": 47.37533187866211,
    "model_name": "vgg19",
    "recv_time": 20430118,
    "tag": "590",
    "total_cost_by_ms": 46.654998779296875,
    "wait_cost": 0.09099960327148438
}
