{
    "child_model_execute_cost_by_ms": [
        45.00600051879883
    ],
    "child_model_run_time": [
        [
            20586636,
            20631642
        ]
    ],
    "execute_cost": 45.00600051879883,
    "finish_time": 20631652,
    "limit_cost_by_ms": 47.37533187866211,
    "model_name": "vgg19",
    "recv_time": 20586489,
    "tag": "598",
    "total_cost_by_ms": 45.16299819946289,
    "wait_cost": 0.1569976806640625
}
