{
    "child_model_execute_cost_by_ms": [
        45.305999755859375
    ],
    "child_model_run_time": [
        [
            20748711,
            20794017
        ]
    ],
    "execute_cost": 45.305999755859375,
    "finish_time": 20794028,
    "limit_cost_by_ms": 47.37533187866211,
    "model_name": "vgg19",
    "recv_time": 20748536,
    "tag": "607",
    "total_cost_by_ms": 45.492000579833984,
    "wait_cost": 0.18600082397460938
}
