{
    "child_model_execute_cost_by_ms": [
        7.3429999351501465
    ],
    "child_model_run_time": [
        [
            20870140,
            20877483
        ]
    ],
    "execute_cost": 7.3429999351501465,
    "finish_time": 20877496,
    "limit_cost_by_ms": 6.196666717529297,
    "model_name": "yolov2",
    "recv_time": 20852582,
    "tag": "612",
    "total_cost_by_ms": 24.913999557495117,
    "wait_cost": 17.570999145507813
}
