{
    "child_model_execute_cost_by_ms": [
        8.699999809265137
    ],
    "child_model_run_time": [
        [
            9915460,
            9924160
        ]
    ],
    "execute_cost": 8.699999809265137,
    "finish_time": 9924173,
    "limit_cost_by_ms": 7.5289998054504395,
    "model_name": "squeezenetv1",
    "recv_time": 9899779,
    "tag": "63",
    "total_cost_by_ms": 24.393999099731445,
    "wait_cost": 15.693999290466309
}
