{
    "child_model_execute_cost_by_ms": [
        8.611000061035156
    ],
    "child_model_run_time": [
        [
            21129170,
            21137781
        ]
    ],
    "execute_cost": 8.611000061035156,
    "finish_time": 21137789,
    "limit_cost_by_ms": 7.5289998054504395,
    "model_name": "squeezenetv1",
    "recv_time": 21129031,
    "tag": "625",
    "total_cost_by_ms": 8.758000373840332,
    "wait_cost": 0.14700031280517578
}
