{
    "child_model_execute_cost_by_ms": [
        9.277000427246094
    ],
    "child_model_run_time": [
        [
            21379940,
            21389217
        ]
    ],
    "execute_cost": 9.277000427246094,
    "finish_time": 21389225,
    "limit_cost_by_ms": 9.126667022705078,
    "model_name": "googlenet",
    "recv_time": 21377932,
    "tag": "639",
    "total_cost_by_ms": 11.293000221252441,
    "wait_cost": 2.0159997940063477
}
