{
    "child_model_execute_cost_by_ms": [
        7.177999973297119
    ],
    "child_model_run_time": [
        [
            21522170,
            21529348
        ]
    ],
    "execute_cost": 7.177999973297119,
    "finish_time": 21529355,
    "limit_cost_by_ms": 6.196666717529297,
    "model_name": "yolov2",
    "recv_time": 21510824,
    "tag": "644",
    "total_cost_by_ms": 18.5310001373291,
    "wait_cost": 11.35300064086914
}
