{
    "child_model_execute_cost_by_ms": [
        8.89900016784668
    ],
    "child_model_run_time": [
        [
            21669459,
            21678358
        ]
    ],
    "execute_cost": 8.89900016784668,
    "finish_time": 21678367,
    "limit_cost_by_ms": 7.5289998054504395,
    "model_name": "squeezenetv1",
    "recv_time": 21619134,
    "tag": "650",
    "total_cost_by_ms": 59.233001708984375,
    "wait_cost": 50.33399963378906
}
