{
    "child_model_execute_cost_by_ms": [
        8.949999809265137
    ],
    "child_model_run_time": [
        [
            21723308,
            21732258
        ]
    ],
    "execute_cost": 8.949999809265137,
    "finish_time": 21732273,
    "limit_cost_by_ms": 7.5289998054504395,
    "model_name": "squeezenetv1",
    "recv_time": 21696377,
    "tag": "654",
    "total_cost_by_ms": 35.895999908447266,
    "wait_cost": 26.945999145507813
}
