{
    "child_model_execute_cost_by_ms": [
        7.478000164031982
    ],
    "child_model_run_time": [
        [
            21808511,
            21815989
        ]
    ],
    "execute_cost": 7.478000164031982,
    "finish_time": 21816003,
    "limit_cost_by_ms": 6.196666717529297,
    "model_name": "yolov2",
    "recv_time": 21777842,
    "tag": "657",
    "total_cost_by_ms": 38.1609992980957,
    "wait_cost": 30.682998657226563
}
