{
    "child_model_execute_cost_by_ms": [
        9.994000434875488
    ],
    "child_model_run_time": [
        [
            21825371,
            21835365
        ]
    ],
    "execute_cost": 9.994000434875488,
    "finish_time": 21835372,
    "limit_cost_by_ms": 9.126667022705078,
    "model_name": "googlenet",
    "recv_time": 21825303,
    "tag": "659",
    "total_cost_by_ms": 10.069000244140625,
    "wait_cost": 0.07499980926513672
}
