{
    "child_model_execute_cost_by_ms": [
        6.804999828338623
    ],
    "child_model_run_time": [
        [
            22014911,
            22021716
        ]
    ],
    "execute_cost": 6.804999828338623,
    "finish_time": 22021726,
    "limit_cost_by_ms": 6.196666717529297,
    "model_name": "yolov2",
    "recv_time": 22013612,
    "tag": "670",
    "total_cost_by_ms": 8.11400032043457,
    "wait_cost": 1.3090004920959473
}
