{
    "child_model_execute_cost_by_ms": [
        9.482999801635742
    ],
    "child_model_run_time": [
        [
            22226225,
            22235708
        ]
    ],
    "execute_cost": 9.482999801635742,
    "finish_time": 22235716,
    "limit_cost_by_ms": 9.126667022705078,
    "model_name": "googlenet",
    "recv_time": 22226102,
    "tag": "679",
    "total_cost_by_ms": 9.61400032043457,
    "wait_cost": 0.13100051879882813
}
