{
    "child_model_execute_cost_by_ms": [
        20.599000930786133
    ],
    "child_model_run_time": [
        [
            10041310,
            10061909
        ]
    ],
    "execute_cost": 20.599000930786133,
    "finish_time": 10061917,
    "limit_cost_by_ms": 19.154666900634766,
    "model_name": "resnet50",
    "recv_time": 10020730,
    "tag": "69",
    "total_cost_by_ms": 41.1870002746582,
    "wait_cost": 20.58799934387207
}
