{
    "child_model_execute_cost_by_ms": [
        9.331999778747559
    ],
    "child_model_run_time": [
        [
            22552373,
            22561705
        ]
    ],
    "execute_cost": 9.331999778747559,
    "finish_time": 22561715,
    "limit_cost_by_ms": 9.126667022705078,
    "model_name": "googlenet",
    "recv_time": 22532756,
    "tag": "695",
    "total_cost_by_ms": 28.958999633789063,
    "wait_cost": 19.626998901367188
}
