{
    "child_model_execute_cost_by_ms": [
        7.459000110626221
    ],
    "child_model_run_time": [
        [
            22609391,
            22616850
        ]
    ],
    "execute_cost": 7.459000110626221,
    "finish_time": 22616860,
    "limit_cost_by_ms": 6.196666717529297,
    "model_name": "yolov2",
    "recv_time": 22569135,
    "tag": "697",
    "total_cost_by_ms": 47.724998474121094,
    "wait_cost": 40.26599884033203
}
