{
    "child_model_execute_cost_by_ms": [
        8.262999534606934
    ],
    "child_model_run_time": [
        [
            22616875,
            22625138
        ]
    ],
    "execute_cost": 8.262999534606934,
    "finish_time": 22625142,
    "limit_cost_by_ms": 7.5289998054504395,
    "model_name": "squeezenetv1",
    "recv_time": 22613499,
    "tag": "698",
    "total_cost_by_ms": 11.642999649047852,
    "wait_cost": 3.380000114440918
}
