{
    "child_model_execute_cost_by_ms": [
        7.107999801635742
    ],
    "child_model_run_time": [
        [
            22949503,
            22956611
        ]
    ],
    "execute_cost": 7.107999801635742,
    "finish_time": 22956620,
    "limit_cost_by_ms": 6.196666717529297,
    "model_name": "yolov2",
    "recv_time": 22949443,
    "tag": "715",
    "total_cost_by_ms": 7.177000045776367,
    "wait_cost": 0.069000244140625
}
