{
    "child_model_execute_cost_by_ms": [
        8.826000213623047
    ],
    "child_model_run_time": [
        [
            23003222,
            23012048
        ]
    ],
    "execute_cost": 8.826000213623047,
    "finish_time": 23012063,
    "limit_cost_by_ms": 7.5289998054504395,
    "model_name": "squeezenetv1",
    "recv_time": 22990907,
    "tag": "718",
    "total_cost_by_ms": 21.1560001373291,
    "wait_cost": 12.329999923706055
}
