{
    "child_model_execute_cost_by_ms": [
        7.380000114440918
    ],
    "child_model_run_time": [
        [
            23099190,
            23106570
        ]
    ],
    "execute_cost": 7.380000114440918,
    "finish_time": 23106585,
    "limit_cost_by_ms": 6.196666717529297,
    "model_name": "yolov2",
    "recv_time": 23086988,
    "tag": "722",
    "total_cost_by_ms": 19.597000122070313,
    "wait_cost": 12.217000007629395
}
