{
    "child_model_execute_cost_by_ms": [
        8.809000015258789
    ],
    "child_model_run_time": [
        [
            23253276,
            23262085
        ]
    ],
    "execute_cost": 8.809000015258789,
    "finish_time": 23262094,
    "limit_cost_by_ms": 7.5289998054504395,
    "model_name": "squeezenetv1",
    "recv_time": 23219901,
    "tag": "730",
    "total_cost_by_ms": 42.19300079345703,
    "wait_cost": 33.384002685546875
}
