{
    "child_model_execute_cost_by_ms": [
        7.888999938964844
    ],
    "child_model_run_time": [
        [
            10135438,
            10143327
        ]
    ],
    "execute_cost": 7.888999938964844,
    "finish_time": 10143335,
    "limit_cost_by_ms": 7.5289998054504395,
    "model_name": "squeezenetv1",
    "recv_time": 10135327,
    "tag": "74",
    "total_cost_by_ms": 8.008000373840332,
    "wait_cost": 0.11900043487548828
}
