{
    "child_model_execute_cost_by_ms": [
        9.428999900817871
    ],
    "child_model_run_time": [
        [
            23812314,
            23821743
        ]
    ],
    "execute_cost": 9.428999900817871,
    "finish_time": 23821750,
    "limit_cost_by_ms": 9.126667022705078,
    "model_name": "googlenet",
    "recv_time": 23812307,
    "tag": "758",
    "total_cost_by_ms": 9.442999839782715,
    "wait_cost": 0.01399993896484375
}
