{
    "child_model_execute_cost_by_ms": [
        7.665999889373779
    ],
    "child_model_run_time": [
        [
            24048054,
            24055720
        ]
    ],
    "execute_cost": 7.665999889373779,
    "finish_time": 24055735,
    "limit_cost_by_ms": 6.196666717529297,
    "model_name": "yolov2",
    "recv_time": 24032995,
    "tag": "770",
    "total_cost_by_ms": 22.739999771118164,
    "wait_cost": 15.073999404907227
}
