{
    "child_model_execute_cost_by_ms": [
        8.42199993133545
    ],
    "child_model_run_time": [
        [
            24214827,
            24223249
        ]
    ],
    "execute_cost": 8.42199993133545,
    "finish_time": 24223259,
    "limit_cost_by_ms": 7.5289998054504395,
    "model_name": "squeezenetv1",
    "recv_time": 24214812,
    "tag": "778",
    "total_cost_by_ms": 8.446999549865723,
    "wait_cost": 0.024999618530273438
}
