{
    "child_model_execute_cost_by_ms": [
        7.276000022888184
    ],
    "child_model_run_time": [
        [
            24308739,
            24316015
        ]
    ],
    "execute_cost": 7.276000022888184,
    "finish_time": 24316022,
    "limit_cost_by_ms": 6.196666717529297,
    "model_name": "yolov2",
    "recv_time": 24308721,
    "tag": "783",
    "total_cost_by_ms": 7.301000118255615,
    "wait_cost": 0.02500009536743164
}
