{
    "child_model_execute_cost_by_ms": [
        45.83599853515625
    ],
    "child_model_run_time": [
        [
            24865221,
            24911057
        ]
    ],
    "execute_cost": 45.83599853515625,
    "finish_time": 24911069,
    "limit_cost_by_ms": 47.37533187866211,
    "model_name": "vgg19",
    "recv_time": 24865203,
    "tag": "810",
    "total_cost_by_ms": 45.86600112915039,
    "wait_cost": 0.030002593994140625
}
