{
    "child_model_execute_cost_by_ms": [
        7.0329999923706055
    ],
    "child_model_run_time": [
        [
            25044000,
            25051033
        ]
    ],
    "execute_cost": 7.0329999923706055,
    "finish_time": 25051044,
    "limit_cost_by_ms": 6.196666717529297,
    "model_name": "yolov2",
    "recv_time": 25041348,
    "tag": "819",
    "total_cost_by_ms": 9.696000099182129,
    "wait_cost": 2.6630001068115234
}
