{
    "child_model_execute_cost_by_ms": [
        21.719999313354492
    ],
    "child_model_run_time": [
        [
            25161734,
            25183454
        ]
    ],
    "execute_cost": 21.719999313354492,
    "finish_time": 25183465,
    "limit_cost_by_ms": 19.154666900634766,
    "model_name": "resnet50",
    "recv_time": 25143626,
    "tag": "824",
    "total_cost_by_ms": 39.8390007019043,
    "wait_cost": 18.119001388549805
}
