{
    "child_model_execute_cost_by_ms": [
        7.078999996185303
    ],
    "child_model_run_time": [
        [
            25308962,
            25316041
        ]
    ],
    "execute_cost": 7.078999996185303,
    "finish_time": 25316052,
    "limit_cost_by_ms": 6.196666717529297,
    "model_name": "yolov2",
    "recv_time": 25304933,
    "tag": "832",
    "total_cost_by_ms": 11.119000434875488,
    "wait_cost": 4.0400004386901855
}
