{
    "child_model_execute_cost_by_ms": [
        9.598999977111816
    ],
    "child_model_run_time": [
        [
            25439350,
            25448949
        ]
    ],
    "execute_cost": 9.598999977111816,
    "finish_time": 25448954,
    "limit_cost_by_ms": 9.126667022705078,
    "model_name": "googlenet",
    "recv_time": 25415927,
    "tag": "838",
    "total_cost_by_ms": 33.027000427246094,
    "wait_cost": 23.428001403808594
}
