{
    "child_model_execute_cost_by_ms": [
        45.21699905395508
    ],
    "child_model_run_time": [
        [
            25596640,
            25641857
        ]
    ],
    "execute_cost": 45.21699905395508,
    "finish_time": 25641867,
    "limit_cost_by_ms": 47.37533187866211,
    "model_name": "vgg19",
    "recv_time": 25596616,
    "tag": "847",
    "total_cost_by_ms": 45.250999450683594,
    "wait_cost": 0.034000396728515625
}
