{
    "child_model_execute_cost_by_ms": [
        46.72999954223633
    ],
    "child_model_run_time": [
        [
            25845505,
            25892235
        ]
    ],
    "execute_cost": 46.72999954223633,
    "finish_time": 25892243,
    "limit_cost_by_ms": 47.37533187866211,
    "model_name": "vgg19",
    "recv_time": 25825233,
    "tag": "859",
    "total_cost_by_ms": 67.01000213623047,
    "wait_cost": 20.28000259399414
}
