{
    "child_model_execute_cost_by_ms": [
        6.4029998779296875
    ],
    "child_model_run_time": [
        [
            26598006,
            26604409
        ]
    ],
    "execute_cost": 6.4029998779296875,
    "finish_time": 26604417,
    "limit_cost_by_ms": 6.196666717529297,
    "model_name": "yolov2",
    "recv_time": 26597837,
    "tag": "896",
    "total_cost_by_ms": 6.579999923706055,
    "wait_cost": 0.1770000457763672
}
