{
    "child_model_execute_cost_by_ms": [
        6.5980000495910645
    ],
    "child_model_run_time": [
        [
            26996882,
            27003480
        ]
    ],
    "execute_cost": 6.5980000495910645,
    "finish_time": 27003487,
    "limit_cost_by_ms": 6.196666717529297,
    "model_name": "yolov2",
    "recv_time": 26996790,
    "tag": "916",
    "total_cost_by_ms": 6.697000026702881,
    "wait_cost": 0.0989999771118164
}
