{
    "child_model_execute_cost_by_ms": [
        19.076000213623047
    ],
    "child_model_run_time": [
        [
            27003968,
            27023044
        ]
    ],
    "execute_cost": 19.076000213623047,
    "finish_time": 27023055,
    "limit_cost_by_ms": 19.154666900634766,
    "model_name": "resnet50",
    "recv_time": 27003871,
    "tag": "917",
    "total_cost_by_ms": 19.18400001525879,
    "wait_cost": 0.10799980163574219
}
