{
    "child_model_execute_cost_by_ms": [
        8.767999649047852
    ],
    "child_model_run_time": [
        [
            27225221,
            27233989
        ]
    ],
    "execute_cost": 8.767999649047852,
    "finish_time": 27233999,
    "limit_cost_by_ms": 7.5289998054504395,
    "model_name": "squeezenetv1",
    "recv_time": 27215428,
    "tag": "927",
    "total_cost_by_ms": 18.570999145507813,
    "wait_cost": 9.802999496459961
}
