{
    "child_model_execute_cost_by_ms": [
        8.906999588012695
    ],
    "child_model_run_time": [
        [
            27373596,
            27382503
        ]
    ],
    "execute_cost": 8.906999588012695,
    "finish_time": 27382513,
    "limit_cost_by_ms": 7.5289998054504395,
    "model_name": "squeezenetv1",
    "recv_time": 27361705,
    "tag": "934",
    "total_cost_by_ms": 20.808000564575195,
    "wait_cost": 11.9010009765625
}
