{
    "child_model_execute_cost_by_ms": [
        46.3380012512207
    ],
    "child_model_run_time": [
        [
            27420612,
            27466950
        ]
    ],
    "execute_cost": 46.3380012512207,
    "finish_time": 27466960,
    "limit_cost_by_ms": 47.37533187866211,
    "model_name": "vgg19",
    "recv_time": 27420457,
    "tag": "938",
    "total_cost_by_ms": 46.50299835205078,
    "wait_cost": 0.16499710083007813
}
