{
    "child_model_execute_cost_by_ms": [
        6.629000186920166
    ],
    "child_model_run_time": [
        [
            27783887,
            27790516
        ]
    ],
    "execute_cost": 6.629000186920166,
    "finish_time": 27790523,
    "limit_cost_by_ms": 6.196666717529297,
    "model_name": "yolov2",
    "recv_time": 27783795,
    "tag": "955",
    "total_cost_by_ms": 6.728000164031982,
    "wait_cost": 0.0989999771118164
}
