{
    "child_model_execute_cost_by_ms": [
        7.1529998779296875
    ],
    "child_model_run_time": [
        [
            28177262,
            28184415
        ]
    ],
    "execute_cost": 7.1529998779296875,
    "finish_time": 28184427,
    "limit_cost_by_ms": 6.196666717529297,
    "model_name": "yolov2",
    "recv_time": 28170248,
    "tag": "975",
    "total_cost_by_ms": 14.178999900817871,
    "wait_cost": 7.026000022888184
}
