{
    "child_model_execute_cost_by_ms": [
        8.50100040435791
    ],
    "child_model_run_time": [
        [
            28261285,
            28269786
        ]
    ],
    "execute_cost": 8.50100040435791,
    "finish_time": 28269794,
    "limit_cost_by_ms": 7.5289998054504395,
    "model_name": "squeezenetv1",
    "recv_time": 28261271,
    "tag": "978",
    "total_cost_by_ms": 8.52299976348877,
    "wait_cost": 0.021999359130859375
}
