{
    "child_model_execute_cost_by_ms": [
        20.115999221801758
    ],
    "child_model_run_time": [
        [
            28438043,
            28458159
        ]
    ],
    "execute_cost": 20.115999221801758,
    "finish_time": 28458171,
    "limit_cost_by_ms": 19.154666900634766,
    "model_name": "resnet50",
    "recv_time": 28431118,
    "tag": "988",
    "total_cost_by_ms": 27.05299949645996,
    "wait_cost": 6.937000274658203
}
