{
    "child_model_execute_cost_by_ms": [
        45.518001556396484
    ],
    "child_model_run_time": [
        [
            28525319,
            28570837
        ]
    ],
    "execute_cost": 45.518001556396484,
    "finish_time": 28570844,
    "limit_cost_by_ms": 47.37533187866211,
    "model_name": "vgg19",
    "recv_time": 28525302,
    "tag": "992",
    "total_cost_by_ms": 45.54199981689453,
    "wait_cost": 0.023998260498046875
}
