{
    "child_model_execute_cost_by_ms": [
        8.394000053405762
    ],
    "child_model_run_time": [
        [
            28599734,
            28608128
        ]
    ],
    "execute_cost": 8.394000053405762,
    "finish_time": 28608135,
    "limit_cost_by_ms": 7.5289998054504395,
    "model_name": "squeezenetv1",
    "recv_time": 28585883,
    "tag": "995",
    "total_cost_by_ms": 22.25200080871582,
    "wait_cost": 13.858000755310059
}
