{
    "child_model_execute_cost_by_ms": [
        6.488999843597412
    ],
    "child_model_run_time": [
        [
            10307072,
            10313561
        ]
    ],
    "execute_cost": 6.488999843597412,
    "finish_time": 10313572,
    "limit_cost_by_ms": 6.257999897003174,
    "model_name": "yolov2",
    "recv_time": 10307032,
    "tag": "101",
    "total_cost_by_ms": 6.539999961853027,
    "wait_cost": 0.051000118255615234
}
