{
    "child_model_execute_cost_by_ms": [
        45.444000244140625
    ],
    "child_model_run_time": [
        [
            10324124,
            10369568
        ]
    ],
    "execute_cost": 45.444000244140625,
    "finish_time": 10369579,
    "limit_cost_by_ms": 47.426666259765625,
    "model_name": "vgg19",
    "recv_time": 10322585,
    "tag": "103",
    "total_cost_by_ms": 46.99399948120117,
    "wait_cost": 1.5499992370605469
}
