{
    "child_model_execute_cost_by_ms": [
        6.75600004196167
    ],
    "child_model_run_time": [
        [
            10437307,
            10444063
        ]
    ],
    "execute_cost": 6.75600004196167,
    "finish_time": 10444077,
    "limit_cost_by_ms": 6.257999897003174,
    "model_name": "yolov2",
    "recv_time": 10437191,
    "tag": "109",
    "total_cost_by_ms": 6.886000156402588,
    "wait_cost": 0.13000011444091797
}
