{
    "child_model_execute_cost_by_ms": [
        6.985000133514404
    ],
    "child_model_run_time": [
        [
            10735728,
            10742713
        ]
    ],
    "execute_cost": 6.985000133514404,
    "finish_time": 10742722,
    "limit_cost_by_ms": 6.257999897003174,
    "model_name": "yolov2",
    "recv_time": 10735587,
    "tag": "125",
    "total_cost_by_ms": 7.135000228881836,
    "wait_cost": 0.15000009536743164
}
