{
    "child_model_execute_cost_by_ms": [
        9.947999954223633
    ],
    "child_model_run_time": [
        [
            10872323,
            10882271
        ]
    ],
    "execute_cost": 9.947999954223633,
    "finish_time": 10882286,
    "limit_cost_by_ms": 9.361332893371582,
    "model_name": "googlenet",
    "recv_time": 10872156,
    "tag": "134",
    "total_cost_by_ms": 10.130000114440918,
    "wait_cost": 0.18200016021728516
}
