{
    "child_model_execute_cost_by_ms": [
        19.621000289916992
    ],
    "child_model_run_time": [
        [
            10965298,
            10984919
        ]
    ],
    "execute_cost": 19.621000289916992,
    "finish_time": 10984930,
    "limit_cost_by_ms": 19.444665908813477,
    "model_name": "resnet50",
    "recv_time": 10963889,
    "tag": "139",
    "total_cost_by_ms": 21.041000366210938,
    "wait_cost": 1.4200000762939453
}
