{
    "child_model_execute_cost_by_ms": [
        9.739999771118164
    ],
    "child_model_run_time": [
        [
            8821996,
            8831736
        ]
    ],
    "execute_cost": 9.739999771118164,
    "finish_time": 8831742,
    "limit_cost_by_ms": 9.361332893371582,
    "model_name": "googlenet",
    "recv_time": 8803707,
    "tag": "15",
    "total_cost_by_ms": 28.03499984741211,
    "wait_cost": 18.295000076293945
}
