{
    "child_model_execute_cost_by_ms": [
        7.2829999923706055
    ],
    "child_model_run_time": [
        [
            11160156,
            11167439
        ]
    ],
    "execute_cost": 7.2829999923706055,
    "finish_time": 11167448,
    "limit_cost_by_ms": 6.257999897003174,
    "model_name": "yolov2",
    "recv_time": 11115479,
    "tag": "149",
    "total_cost_by_ms": 51.96900177001953,
    "wait_cost": 44.68600082397461
}
