{
    "child_model_execute_cost_by_ms": [
        6.4079999923706055
    ],
    "child_model_run_time": [
        [
            11327627,
            11334035
        ]
    ],
    "execute_cost": 6.4079999923706055,
    "finish_time": 11334046,
    "limit_cost_by_ms": 6.257999897003174,
    "model_name": "yolov2",
    "recv_time": 11327462,
    "tag": "160",
    "total_cost_by_ms": 6.584000110626221,
    "wait_cost": 0.17600011825561523
}
