{
    "child_model_execute_cost_by_ms": [
        44.63100051879883
    ],
    "child_model_run_time": [
        [
            11464429,
            11509060
        ]
    ],
    "execute_cost": 44.63100051879883,
    "finish_time": 11509071,
    "limit_cost_by_ms": 47.426666259765625,
    "model_name": "vgg19",
    "recv_time": 11464252,
    "tag": "169",
    "total_cost_by_ms": 44.819000244140625,
    "wait_cost": 0.18799972534179688
}
