{
    "child_model_execute_cost_by_ms": [
        7.005000114440918
    ],
    "child_model_run_time": [
        [
            11539286,
            11546291
        ]
    ],
    "execute_cost": 7.005000114440918,
    "finish_time": 11546300,
    "limit_cost_by_ms": 6.257999897003174,
    "model_name": "yolov2",
    "recv_time": 11526179,
    "tag": "172",
    "total_cost_by_ms": 20.121000289916992,
    "wait_cost": 13.116000175476074
}
