{
    "child_model_execute_cost_by_ms": [
        8.36299991607666
    ],
    "child_model_run_time": [
        [
            11695416,
            11703779
        ]
    ],
    "execute_cost": 8.36299991607666,
    "finish_time": 11703787,
    "limit_cost_by_ms": 7.4033331871032715,
    "model_name": "squeezenetv1",
    "recv_time": 11689866,
    "tag": "182",
    "total_cost_by_ms": 13.920999526977539,
    "wait_cost": 5.557999610900879
}
