{
    "child_model_execute_cost_by_ms": [
        7.506999969482422
    ],
    "child_model_run_time": [
        [
            11750712,
            11758219
        ]
    ],
    "execute_cost": 7.506999969482422,
    "finish_time": 11758230,
    "limit_cost_by_ms": 6.257999897003174,
    "model_name": "yolov2",
    "recv_time": 11704529,
    "tag": "185",
    "total_cost_by_ms": 53.70100021362305,
    "wait_cost": 46.194000244140625
}
