{
    "child_model_execute_cost_by_ms": [
        11.859000205993652
    ],
    "child_model_run_time": [
        [
            8598246,
            8610105
        ]
    ],
    "execute_cost": 11.859000205993652,
    "finish_time": 8610114,
    "limit_cost_by_ms": 9.361332893371582,
    "model_name": "googlenet",
    "recv_time": 8598146,
    "tag": "3",
    "total_cost_by_ms": 11.968000411987305,
    "wait_cost": 0.10900020599365234
}
