{
    "child_model_execute_cost_by_ms": [
        6.439000129699707
    ],
    "child_model_run_time": [
        [
            12232678,
            12239117
        ]
    ],
    "execute_cost": 6.439000129699707,
    "finish_time": 12239126,
    "limit_cost_by_ms": 6.257999897003174,
    "model_name": "yolov2",
    "recv_time": 12232505,
    "tag": "213",
    "total_cost_by_ms": 6.620999813079834,
    "wait_cost": 0.18199968338012695
}
