{
    "child_model_execute_cost_by_ms": [
        8.506999969482422
    ],
    "child_model_run_time": [
        [
            12368779,
            12377286
        ]
    ],
    "execute_cost": 8.506999969482422,
    "finish_time": 12377294,
    "limit_cost_by_ms": 7.4033331871032715,
    "model_name": "squeezenetv1",
    "recv_time": 12362434,
    "tag": "222",
    "total_cost_by_ms": 14.859999656677246,
    "wait_cost": 6.352999687194824
}
