{
    "child_model_execute_cost_by_ms": [
        7.184000015258789
    ],
    "child_model_run_time": [
        [
            12454999,
            12462183
        ]
    ],
    "execute_cost": 7.184000015258789,
    "finish_time": 12462192,
    "limit_cost_by_ms": 6.257999897003174,
    "model_name": "yolov2",
    "recv_time": 12454902,
    "tag": "226",
    "total_cost_by_ms": 7.289999961853027,
    "wait_cost": 0.10599994659423828
}
