{
    "child_model_execute_cost_by_ms": [
        45.22200012207031
    ],
    "child_model_run_time": [
        [
            12621592,
            12666814
        ]
    ],
    "execute_cost": 45.22200012207031,
    "finish_time": 12666821,
    "limit_cost_by_ms": 47.426666259765625,
    "model_name": "vgg19",
    "recv_time": 12621428,
    "tag": "237",
    "total_cost_by_ms": 45.393001556396484,
    "wait_cost": 0.17100143432617188
}
