{
    "child_model_execute_cost_by_ms": [
        8.213000297546387
    ],
    "child_model_run_time": [
        [
            12827217,
            12835430
        ]
    ],
    "execute_cost": 8.213000297546387,
    "finish_time": 12835441,
    "limit_cost_by_ms": 7.4033331871032715,
    "model_name": "squeezenetv1",
    "recv_time": 12827206,
    "tag": "248",
    "total_cost_by_ms": 8.234999656677246,
    "wait_cost": 0.021999359130859375
}
