{
    "child_model_execute_cost_by_ms": [
        8.020000457763672
    ],
    "child_model_run_time": [
        [
            13411840,
            13419860
        ]
    ],
    "execute_cost": 8.020000457763672,
    "finish_time": 13419868,
    "limit_cost_by_ms": 7.4033331871032715,
    "model_name": "squeezenetv1",
    "recv_time": 13411734,
    "tag": "282",
    "total_cost_by_ms": 8.133999824523926,
    "wait_cost": 0.1139993667602539
}
