{
    "child_model_execute_cost_by_ms": [
        21.139999389648438
    ],
    "child_model_run_time": [
        [
            13814611,
            13835751
        ]
    ],
    "execute_cost": 21.139999389648438,
    "finish_time": 13835767,
    "limit_cost_by_ms": 19.444665908813477,
    "model_name": "resnet50",
    "recv_time": 13798531,
    "tag": "305",
    "total_cost_by_ms": 37.236000061035156,
    "wait_cost": 16.09600067138672
}
