{
    "child_model_execute_cost_by_ms": [
        21.33099937438965
    ],
    "child_model_run_time": [
        [
            14149174,
            14170505
        ]
    ],
    "execute_cost": 21.33099937438965,
    "finish_time": 14170518,
    "limit_cost_by_ms": 19.444665908813477,
    "model_name": "resnet50",
    "recv_time": 14121404,
    "tag": "324",
    "total_cost_by_ms": 49.11399841308594,
    "wait_cost": 27.78299903869629
}
