{
    "child_model_execute_cost_by_ms": [
        10.071999549865723
    ],
    "child_model_run_time": [
        [
            14178743,
            14188815
        ]
    ],
    "execute_cost": 10.071999549865723,
    "finish_time": 14188826,
    "limit_cost_by_ms": 9.361332893371582,
    "model_name": "googlenet",
    "recv_time": 14178686,
    "tag": "326",
    "total_cost_by_ms": 10.140000343322754,
    "wait_cost": 0.06800079345703125
}
