{
    "child_model_execute_cost_by_ms": [
        10.33899974822998
    ],
    "child_model_run_time": [
        [
            14905205,
            14915544
        ]
    ],
    "execute_cost": 10.33899974822998,
    "finish_time": 14915553,
    "limit_cost_by_ms": 9.361332893371582,
    "model_name": "googlenet",
    "recv_time": 14895751,
    "tag": "369",
    "total_cost_by_ms": 19.802000045776367,
    "wait_cost": 9.463000297546387
}
