{
    "child_model_execute_cost_by_ms": [
        45.599998474121094
    ],
    "child_model_run_time": [
        [
            14915939,
            14961539
        ]
    ],
    "execute_cost": 45.599998474121094,
    "finish_time": 14961548,
    "limit_cost_by_ms": 47.426666259765625,
    "model_name": "vgg19",
    "recv_time": 14915924,
    "tag": "370",
    "total_cost_by_ms": 45.624000549316406,
    "wait_cost": 0.0240020751953125
}
