{
    "child_model_execute_cost_by_ms": [
        7.2230000495910645
    ],
    "child_model_run_time": [
        [
            14982634,
            14989857
        ]
    ],
    "execute_cost": 7.2230000495910645,
    "finish_time": 14989866,
    "limit_cost_by_ms": 6.257999897003174,
    "model_name": "yolov2",
    "recv_time": 14962021,
    "tag": "372",
    "total_cost_by_ms": 27.844999313354492,
    "wait_cost": 20.621999740600586
}
