{
    "child_model_execute_cost_by_ms": [
        8.63599967956543
    ],
    "child_model_run_time": [
        [
            9249879,
            9258515
        ]
    ],
    "execute_cost": 8.63599967956543,
    "finish_time": 9258526,
    "limit_cost_by_ms": 7.4033331871032715,
    "model_name": "squeezenetv1",
    "recv_time": 9236310,
    "tag": "39",
    "total_cost_by_ms": 22.215999603271484,
    "wait_cost": 13.579999923706055
}
