{
    "child_model_execute_cost_by_ms": [
        10.954000473022461
    ],
    "child_model_run_time": [
        [
            15182391,
            15193345
        ]
    ],
    "execute_cost": 10.954000473022461,
    "finish_time": 15193356,
    "limit_cost_by_ms": 9.361332893371582,
    "model_name": "googlenet",
    "recv_time": 15177861,
    "tag": "385",
    "total_cost_by_ms": 15.494999885559082,
    "wait_cost": 4.540999412536621
}
