{
    "child_model_execute_cost_by_ms": [
        6.892000198364258
    ],
    "child_model_run_time": [
        [
            15326882,
            15333774
        ]
    ],
    "execute_cost": 6.892000198364258,
    "finish_time": 15333781,
    "limit_cost_by_ms": 6.257999897003174,
    "model_name": "yolov2",
    "recv_time": 15308476,
    "tag": "392",
    "total_cost_by_ms": 25.30500030517578,
    "wait_cost": 18.413000106811523
}
