{
    "child_model_execute_cost_by_ms": [
        9.991999626159668
    ],
    "child_model_run_time": [
        [
            15454159,
            15464151
        ]
    ],
    "execute_cost": 9.991999626159668,
    "finish_time": 15464165,
    "limit_cost_by_ms": 9.361332893371582,
    "model_name": "googlenet",
    "recv_time": 15454072,
    "tag": "400",
    "total_cost_by_ms": 10.093000411987305,
    "wait_cost": 0.10100078582763672
}
