{
    "child_model_execute_cost_by_ms": [
        6.7230000495910645
    ],
    "child_model_run_time": [
        [
            15565278,
            15572001
        ]
    ],
    "execute_cost": 6.7230000495910645,
    "finish_time": 15572009,
    "limit_cost_by_ms": 6.257999897003174,
    "model_name": "yolov2",
    "recv_time": 15559842,
    "tag": "406",
    "total_cost_by_ms": 12.166999816894531,
    "wait_cost": 5.443999767303467
}
