{
    "child_model_execute_cost_by_ms": [
        8.456999778747559
    ],
    "child_model_run_time": [
        [
            16137875,
            16146332
        ]
    ],
    "execute_cost": 8.456999778747559,
    "finish_time": 16146342,
    "limit_cost_by_ms": 7.4033331871032715,
    "model_name": "squeezenetv1",
    "recv_time": 16137772,
    "tag": "440",
    "total_cost_by_ms": 8.569999694824219,
    "wait_cost": 0.11299991607666016
}
