{
    "child_model_execute_cost_by_ms": [
        18.774999618530273
    ],
    "child_model_run_time": [
        [
            16153712,
            16172487
        ]
    ],
    "execute_cost": 18.774999618530273,
    "finish_time": 16172495,
    "limit_cost_by_ms": 19.444665908813477,
    "model_name": "resnet50",
    "recv_time": 16153699,
    "tag": "442",
    "total_cost_by_ms": 18.79599952697754,
    "wait_cost": 0.020999908447265625
}
