{
    "child_model_execute_cost_by_ms": [
        19.152000427246094
    ],
    "child_model_run_time": [
        [
            16366518,
            16385670
        ]
    ],
    "execute_cost": 19.152000427246094,
    "finish_time": 16385679,
    "limit_cost_by_ms": 19.444665908813477,
    "model_name": "resnet50",
    "recv_time": 16366504,
    "tag": "454",
    "total_cost_by_ms": 19.174999237060547,
    "wait_cost": 0.022998809814453125
}
