{
    "child_model_execute_cost_by_ms": [
        6.510000228881836
    ],
    "child_model_run_time": [
        [
            16609453,
            16615963
        ]
    ],
    "execute_cost": 6.510000228881836,
    "finish_time": 16615973,
    "limit_cost_by_ms": 6.257999897003174,
    "model_name": "yolov2",
    "recv_time": 16609403,
    "tag": "468",
    "total_cost_by_ms": 6.570000171661377,
    "wait_cost": 0.059999942779541016
}
