{
    "child_model_execute_cost_by_ms": [
        10.175999641418457
    ],
    "child_model_run_time": [
        [
            16735375,
            16745551
        ]
    ],
    "execute_cost": 10.175999641418457,
    "finish_time": 16745563,
    "limit_cost_by_ms": 9.361332893371582,
    "model_name": "googlenet",
    "recv_time": 16730682,
    "tag": "476",
    "total_cost_by_ms": 14.880999565124512,
    "wait_cost": 4.704999923706055
}
