{
    "child_model_execute_cost_by_ms": [
        6.571000099182129
    ],
    "child_model_run_time": [
        [
            16951717,
            16958288
        ]
    ],
    "execute_cost": 6.571000099182129,
    "finish_time": 16958296,
    "limit_cost_by_ms": 6.257999897003174,
    "model_name": "yolov2",
    "recv_time": 16951703,
    "tag": "488",
    "total_cost_by_ms": 6.5929999351501465,
    "wait_cost": 0.021999835968017578
}
