{
    "child_model_execute_cost_by_ms": [
        10.388999938964844
    ],
    "child_model_run_time": [
        [
            17035049,
            17045438
        ]
    ],
    "execute_cost": 10.388999938964844,
    "finish_time": 17045446,
    "limit_cost_by_ms": 9.361332893371582,
    "model_name": "googlenet",
    "recv_time": 17034943,
    "tag": "492",
    "total_cost_by_ms": 10.503000259399414,
    "wait_cost": 0.11400032043457031
}
