{
    "child_model_execute_cost_by_ms": [
        6.8420000076293945
    ],
    "child_model_run_time": [
        [
            17379042,
            17385884
        ]
    ],
    "execute_cost": 6.8420000076293945,
    "finish_time": 17385894,
    "limit_cost_by_ms": 6.257999897003174,
    "model_name": "yolov2",
    "recv_time": 17379033,
    "tag": "512",
    "total_cost_by_ms": 6.861000061035156,
    "wait_cost": 0.01900005340576172
}
