{
    "child_model_execute_cost_by_ms": [
        10.156999588012695
    ],
    "child_model_run_time": [
        [
            17538380,
            17548537
        ]
    ],
    "execute_cost": 10.156999588012695,
    "finish_time": 17548550,
    "limit_cost_by_ms": 9.361332893371582,
    "model_name": "googlenet",
    "recv_time": 17538260,
    "tag": "522",
    "total_cost_by_ms": 10.289999961853027,
    "wait_cost": 0.13300037384033203
}
