{
    "child_model_execute_cost_by_ms": [
        8.935999870300293
    ],
    "child_model_run_time": [
        [
            17716035,
            17724971
        ]
    ],
    "execute_cost": 8.935999870300293,
    "finish_time": 17724986,
    "limit_cost_by_ms": 7.4033331871032715,
    "model_name": "squeezenetv1",
    "recv_time": 17682715,
    "tag": "531",
    "total_cost_by_ms": 42.270999908447266,
    "wait_cost": 33.334999084472656
}
