{
    "child_model_execute_cost_by_ms": [
        7.6519999504089355
    ],
    "child_model_run_time": [
        [
            17958982,
            17966634
        ]
    ],
    "execute_cost": 7.6519999504089355,
    "finish_time": 17966648,
    "limit_cost_by_ms": 6.257999897003174,
    "model_name": "yolov2",
    "recv_time": 17948879,
    "tag": "545",
    "total_cost_by_ms": 17.768999099731445,
    "wait_cost": 10.116998672485352
}
