{
    "child_model_execute_cost_by_ms": [
        6.624000072479248
    ],
    "child_model_run_time": [
        [
            18006000,
            18012624
        ]
    ],
    "execute_cost": 6.624000072479248,
    "finish_time": 18012634,
    "limit_cost_by_ms": 6.257999897003174,
    "model_name": "yolov2",
    "recv_time": 18005985,
    "tag": "549",
    "total_cost_by_ms": 6.64900016784668,
    "wait_cost": 0.02500009536743164
}
