{
    "child_model_execute_cost_by_ms": [
        10.479000091552734
    ],
    "child_model_run_time": [
        [
            18303479,
            18313958
        ]
    ],
    "execute_cost": 10.479000091552734,
    "finish_time": 18313968,
    "limit_cost_by_ms": 9.361332893371582,
    "model_name": "googlenet",
    "recv_time": 18303372,
    "tag": "565",
    "total_cost_by_ms": 10.595999717712402,
    "wait_cost": 0.11699962615966797
}
