{
    "child_model_execute_cost_by_ms": [
        10.333999633789063
    ],
    "child_model_run_time": [
        [
            18396993,
            18407327
        ]
    ],
    "execute_cost": 10.333999633789063,
    "finish_time": 18407335,
    "limit_cost_by_ms": 9.361332893371582,
    "model_name": "googlenet",
    "recv_time": 18389889,
    "tag": "570",
    "total_cost_by_ms": 17.445999145507813,
    "wait_cost": 7.11199951171875
}
