{
    "child_model_execute_cost_by_ms": [
        20.700000762939453
    ],
    "child_model_run_time": [
        [
            18507384,
            18528084
        ]
    ],
    "execute_cost": 20.700000762939453,
    "finish_time": 18528094,
    "limit_cost_by_ms": 19.444665908813477,
    "model_name": "resnet50",
    "recv_time": 18455514,
    "tag": "577",
    "total_cost_by_ms": 72.58000183105469,
    "wait_cost": 51.880001068115234
}
