{
    "child_model_execute_cost_by_ms": [
        7.0879998207092285
    ],
    "child_model_run_time": [
        [
            18528645,
            18535733
        ]
    ],
    "execute_cost": 7.0879998207092285,
    "finish_time": 18535742,
    "limit_cost_by_ms": 6.257999897003174,
    "model_name": "yolov2",
    "recv_time": 18528594,
    "tag": "578",
    "total_cost_by_ms": 7.1479997634887695,
    "wait_cost": 0.059999942779541016
}
