{
    "child_model_execute_cost_by_ms": [
        10.809000015258789
    ],
    "child_model_run_time": [
        [
            18743247,
            18754056
        ]
    ],
    "execute_cost": 10.809000015258789,
    "finish_time": 18754068,
    "limit_cost_by_ms": 9.361332893371582,
    "model_name": "googlenet",
    "recv_time": 18743040,
    "tag": "590",
    "total_cost_by_ms": 11.027999877929688,
    "wait_cost": 0.21899986267089844
}
