{
    "child_model_execute_cost_by_ms": [
        10.137999534606934
    ],
    "child_model_run_time": [
        [
            19357584,
            19367722
        ]
    ],
    "execute_cost": 10.137999534606934,
    "finish_time": 19367735,
    "limit_cost_by_ms": 9.361332893371582,
    "model_name": "googlenet",
    "recv_time": 19357568,
    "tag": "627",
    "total_cost_by_ms": 10.166999816894531,
    "wait_cost": 0.029000282287597656
}
