{
    "child_model_execute_cost_by_ms": [
        10.262999534606934
    ],
    "child_model_run_time": [
        [
            19471194,
            19481457
        ]
    ],
    "execute_cost": 10.262999534606934,
    "finish_time": 19481466,
    "limit_cost_by_ms": 9.361332893371582,
    "model_name": "googlenet",
    "recv_time": 19471085,
    "tag": "633",
    "total_cost_by_ms": 10.380999565124512,
    "wait_cost": 0.11800003051757813
}
