{
    "child_model_execute_cost_by_ms": [
        10.680000305175781
    ],
    "child_model_run_time": [
        [
            19658071,
            19668751
        ]
    ],
    "execute_cost": 10.680000305175781,
    "finish_time": 19668763,
    "limit_cost_by_ms": 9.361332893371582,
    "model_name": "googlenet",
    "recv_time": 19658051,
    "tag": "643",
    "total_cost_by_ms": 10.711999893188477,
    "wait_cost": 0.03199958801269531
}
