{
    "child_model_execute_cost_by_ms": [
        44.56999969482422
    ],
    "child_model_run_time": [
        [
            19825324,
            19869894
        ]
    ],
    "execute_cost": 44.56999969482422,
    "finish_time": 19869906,
    "limit_cost_by_ms": 47.426666259765625,
    "model_name": "vgg19",
    "recv_time": 19825218,
    "tag": "654",
    "total_cost_by_ms": 44.6879997253418,
    "wait_cost": 0.11800003051757813
}
