{
    "child_model_execute_cost_by_ms": [
        7.151000022888184
    ],
    "child_model_run_time": [
        [
            19901842,
            19908993
        ]
    ],
    "execute_cost": 7.151000022888184,
    "finish_time": 19909003,
    "limit_cost_by_ms": 6.257999897003174,
    "model_name": "yolov2",
    "recv_time": 19897335,
    "tag": "657",
    "total_cost_by_ms": 11.668000221252441,
    "wait_cost": 4.517000198364258
}
