{
    "child_model_execute_cost_by_ms": [
        9.694999694824219
    ],
    "child_model_run_time": [
        [
            19918218,
            19927913
        ]
    ],
    "execute_cost": 9.694999694824219,
    "finish_time": 19927922,
    "limit_cost_by_ms": 9.361332893371582,
    "model_name": "googlenet",
    "recv_time": 19918206,
    "tag": "659",
    "total_cost_by_ms": 9.715999603271484,
    "wait_cost": 0.020999908447265625
}
