{
    "child_model_execute_cost_by_ms": [
        47.12200164794922
    ],
    "child_model_run_time": [
        [
            19928432,
            19975554
        ]
    ],
    "execute_cost": 47.12200164794922,
    "finish_time": 19975560,
    "limit_cost_by_ms": 47.426666259765625,
    "model_name": "vgg19",
    "recv_time": 19928326,
    "tag": "660",
    "total_cost_by_ms": 47.23400115966797,
    "wait_cost": 0.11199951171875
}
