{
    "child_model_execute_cost_by_ms": [
        7.579999923706055
    ],
    "child_model_run_time": [
        [
            19975777,
            19983357
        ]
    ],
    "execute_cost": 7.579999923706055,
    "finish_time": 19983371,
    "limit_cost_by_ms": 6.257999897003174,
    "model_name": "yolov2",
    "recv_time": 19949136,
    "tag": "662",
    "total_cost_by_ms": 34.23500061035156,
    "wait_cost": 26.655000686645508
}
