{
    "child_model_execute_cost_by_ms": [
        19.02899932861328
    ],
    "child_model_run_time": [
        [
            20021569,
            20040598
        ]
    ],
    "execute_cost": 19.02899932861328,
    "finish_time": 20040605,
    "limit_cost_by_ms": 19.444665908813477,
    "model_name": "resnet50",
    "recv_time": 20019326,
    "tag": "665",
    "total_cost_by_ms": 21.27899932861328,
    "wait_cost": 2.25
}
