{
    "child_model_execute_cost_by_ms": [
        19.211000442504883
    ],
    "child_model_run_time": [
        [
            20236254,
            20255465
        ]
    ],
    "execute_cost": 19.211000442504883,
    "finish_time": 20255477,
    "limit_cost_by_ms": 19.444665908813477,
    "model_name": "resnet50",
    "recv_time": 20236154,
    "tag": "681",
    "total_cost_by_ms": 19.322999954223633,
    "wait_cost": 0.11199951171875
}
