{
    "child_model_execute_cost_by_ms": [
        7.604000091552734
    ],
    "child_model_run_time": [
        [
            20552469,
            20560073
        ]
    ],
    "execute_cost": 7.604000091552734,
    "finish_time": 20560080,
    "limit_cost_by_ms": 7.4033331871032715,
    "model_name": "squeezenetv1",
    "recv_time": 20552462,
    "tag": "698",
    "total_cost_by_ms": 7.618000030517578,
    "wait_cost": 0.01399993896484375
}
