{
    "child_model_execute_cost_by_ms": [
        45.10200119018555
    ],
    "child_model_run_time": [
        [
            20811363,
            20856465
        ]
    ],
    "execute_cost": 45.10200119018555,
    "finish_time": 20856473,
    "limit_cost_by_ms": 47.426666259765625,
    "model_name": "vgg19",
    "recv_time": 20811250,
    "tag": "714",
    "total_cost_by_ms": 45.222999572753906,
    "wait_cost": 0.12099838256835938
}
