{
    "child_model_execute_cost_by_ms": [
        6.809000015258789
    ],
    "child_model_run_time": [
        [
            20998128,
            21004937
        ]
    ],
    "execute_cost": 6.809000015258789,
    "finish_time": 21004946,
    "limit_cost_by_ms": 6.257999897003174,
    "model_name": "yolov2",
    "recv_time": 20991447,
    "tag": "724",
    "total_cost_by_ms": 13.49899959564209,
    "wait_cost": 6.689999580383301
}
