{
    "child_model_execute_cost_by_ms": [
        6.960000038146973
    ],
    "child_model_run_time": [
        [
            21044408,
            21051368
        ]
    ],
    "execute_cost": 6.960000038146973,
    "finish_time": 21051375,
    "limit_cost_by_ms": 6.257999897003174,
    "model_name": "yolov2",
    "recv_time": 21032872,
    "tag": "728",
    "total_cost_by_ms": 18.503000259399414,
    "wait_cost": 11.543000221252441
}
