{
    "child_model_execute_cost_by_ms": [
        6.873000144958496
    ],
    "child_model_run_time": [
        [
            9842005,
            9848878
        ]
    ],
    "execute_cost": 6.873000144958496,
    "finish_time": 9848889,
    "limit_cost_by_ms": 6.257999897003174,
    "model_name": "yolov2",
    "recv_time": 9841845,
    "tag": "74",
    "total_cost_by_ms": 7.044000148773193,
    "wait_cost": 0.17100000381469727
}
