{
    "child_model_execute_cost_by_ms": [
        7.9070000648498535
    ],
    "child_model_run_time": [
        [
            21129376,
            21137283
        ]
    ],
    "execute_cost": 7.9070000648498535,
    "finish_time": 21137292,
    "limit_cost_by_ms": 7.4033331871032715,
    "model_name": "squeezenetv1",
    "recv_time": 21129367,
    "tag": "731",
    "total_cost_by_ms": 7.925000190734863,
    "wait_cost": 0.018000125885009766
}
