{
    "child_model_execute_cost_by_ms": [
        45.917999267578125
    ],
    "child_model_run_time": [
        [
            21274456,
            21320374
        ]
    ],
    "execute_cost": 45.917999267578125,
    "finish_time": 21320381,
    "limit_cost_by_ms": 47.426666259765625,
    "model_name": "vgg19",
    "recv_time": 21274437,
    "tag": "741",
    "total_cost_by_ms": 45.944000244140625,
    "wait_cost": 0.0260009765625
}
