{
    "child_model_execute_cost_by_ms": [
        7.936999797821045
    ],
    "child_model_run_time": [
        [
            21572587,
            21580524
        ]
    ],
    "execute_cost": 7.936999797821045,
    "finish_time": 21580530,
    "limit_cost_by_ms": 7.4033331871032715,
    "model_name": "squeezenetv1",
    "recv_time": 21572479,
    "tag": "757",
    "total_cost_by_ms": 8.050999641418457,
    "wait_cost": 0.11399984359741211
}
