{
    "child_model_execute_cost_by_ms": [
        10.234999656677246
    ],
    "child_model_run_time": [
        [
            21702532,
            21712767
        ]
    ],
    "execute_cost": 10.234999656677246,
    "finish_time": 21712777,
    "limit_cost_by_ms": 9.361332893371582,
    "model_name": "googlenet",
    "recv_time": 21702376,
    "tag": "765",
    "total_cost_by_ms": 10.401000022888184,
    "wait_cost": 0.1660003662109375
}
