{
    "child_model_execute_cost_by_ms": [
        10.579000473022461
    ],
    "child_model_run_time": [
        [
            21786874,
            21797453
        ]
    ],
    "execute_cost": 10.579000473022461,
    "finish_time": 21797465,
    "limit_cost_by_ms": 9.361332893371582,
    "model_name": "googlenet",
    "recv_time": 21786856,
    "tag": "769",
    "total_cost_by_ms": 10.609000205993652,
    "wait_cost": 0.029999732971191406
}
