{
    "child_model_execute_cost_by_ms": [
        6.392000198364258
    ],
    "child_model_run_time": [
        [
            21826030,
            21832422
        ]
    ],
    "execute_cost": 6.392000198364258,
    "finish_time": 21832428,
    "limit_cost_by_ms": 6.257999897003174,
    "model_name": "yolov2",
    "recv_time": 21826022,
    "tag": "772",
    "total_cost_by_ms": 6.406000137329102,
    "wait_cost": 0.01399993896484375
}
