{
    "child_model_execute_cost_by_ms": [
        8.33899974822998
    ],
    "child_model_run_time": [
        [
            9933865,
            9942204
        ]
    ],
    "execute_cost": 8.33899974822998,
    "finish_time": 9942211,
    "limit_cost_by_ms": 7.4033331871032715,
    "model_name": "squeezenetv1",
    "recv_time": 9926281,
    "tag": "79",
    "total_cost_by_ms": 15.930000305175781,
    "wait_cost": 7.591000556945801
}
