{
    "child_model_execute_cost_by_ms": [
        10.767999649047852
    ],
    "child_model_run_time": [
        [
            22453944,
            22464712
        ]
    ],
    "execute_cost": 10.767999649047852,
    "finish_time": 22464721,
    "limit_cost_by_ms": 9.361332893371582,
    "model_name": "googlenet",
    "recv_time": 22407783,
    "tag": "807",
    "total_cost_by_ms": 56.9379997253418,
    "wait_cost": 46.16999816894531
}
