{
    "child_model_execute_cost_by_ms": [
        47.4379997253418
    ],
    "child_model_run_time": [
        [
            22531213,
            22578651
        ]
    ],
    "execute_cost": 47.4379997253418,
    "finish_time": 22578663,
    "limit_cost_by_ms": 47.426666259765625,
    "model_name": "vgg19",
    "recv_time": 22524483,
    "tag": "813",
    "total_cost_by_ms": 54.18000030517578,
    "wait_cost": 6.742000579833984
}
