{
    "child_model_execute_cost_by_ms": [
        45.09700012207031
    ],
    "child_model_run_time": [
        [
            9979775,
            10024872
        ]
    ],
    "execute_cost": 45.09700012207031,
    "finish_time": 10024884,
    "limit_cost_by_ms": 47.426666259765625,
    "model_name": "vgg19",
    "recv_time": 9979601,
    "tag": "83",
    "total_cost_by_ms": 45.28300094604492,
    "wait_cost": 0.18600082397460938
}
