{
    "child_model_execute_cost_by_ms": [
        6.517000198364258
    ],
    "child_model_run_time": [
        [
            22745952,
            22752469
        ]
    ],
    "execute_cost": 6.517000198364258,
    "finish_time": 22752478,
    "limit_cost_by_ms": 6.257999897003174,
    "model_name": "yolov2",
    "recv_time": 22745816,
    "tag": "825",
    "total_cost_by_ms": 6.6620001792907715,
    "wait_cost": 0.14499998092651367
}
