{
    "child_model_execute_cost_by_ms": [
        8.017999649047852
    ],
    "child_model_run_time": [
        [
            22810221,
            22818239
        ]
    ],
    "execute_cost": 8.017999649047852,
    "finish_time": 22818244,
    "limit_cost_by_ms": 7.4033331871032715,
    "model_name": "squeezenetv1",
    "recv_time": 22810215,
    "tag": "828",
    "total_cost_by_ms": 8.029000282287598,
    "wait_cost": 0.011000633239746094
}
