{
    "child_model_execute_cost_by_ms": [
        8.302000045776367
    ],
    "child_model_run_time": [
        [
            23054603,
            23062905
        ]
    ],
    "execute_cost": 8.302000045776367,
    "finish_time": 23062911,
    "limit_cost_by_ms": 7.4033331871032715,
    "model_name": "squeezenetv1",
    "recv_time": 23032257,
    "tag": "842",
    "total_cost_by_ms": 30.65399932861328,
    "wait_cost": 22.351999282836914
}
