{
    "child_model_execute_cost_by_ms": [
        6.921000003814697
    ],
    "child_model_run_time": [
        [
            23092841,
            23099762
        ]
    ],
    "execute_cost": 6.921000003814697,
    "finish_time": 23099769,
    "limit_cost_by_ms": 6.257999897003174,
    "model_name": "yolov2",
    "recv_time": 23080715,
    "tag": "845",
    "total_cost_by_ms": 19.054000854492188,
    "wait_cost": 12.133001327514648
}
