{
    "child_model_execute_cost_by_ms": [
        6.651000022888184
    ],
    "child_model_run_time": [
        [
            23186885,
            23193536
        ]
    ],
    "execute_cost": 6.651000022888184,
    "finish_time": 23193542,
    "limit_cost_by_ms": 6.257999897003174,
    "model_name": "yolov2",
    "recv_time": 23186817,
    "tag": "850",
    "total_cost_by_ms": 6.724999904632568,
    "wait_cost": 0.07399988174438477
}
