{
    "child_model_execute_cost_by_ms": [
        20.673999786376953
    ],
    "child_model_run_time": [
        [
            23257245,
            23277919
        ]
    ],
    "execute_cost": 20.673999786376953,
    "finish_time": 23277929,
    "limit_cost_by_ms": 19.444665908813477,
    "model_name": "resnet50",
    "recv_time": 23219628,
    "tag": "854",
    "total_cost_by_ms": 58.30099868774414,
    "wait_cost": 37.62699890136719
}
