{
    "child_model_execute_cost_by_ms": [
        6.6020002365112305
    ],
    "child_model_run_time": [
        [
            23286892,
            23293494
        ]
    ],
    "execute_cost": 6.6020002365112305,
    "finish_time": 23293498,
    "limit_cost_by_ms": 6.257999897003174,
    "model_name": "yolov2",
    "recv_time": 23286887,
    "tag": "856",
    "total_cost_by_ms": 6.611000061035156,
    "wait_cost": 0.008999824523925781
}
