{
    "child_model_execute_cost_by_ms": [
        46.85499954223633
    ],
    "child_model_run_time": [
        [
            23546352,
            23593207
        ]
    ],
    "execute_cost": 46.85499954223633,
    "finish_time": 23593215,
    "limit_cost_by_ms": 47.426666259765625,
    "model_name": "vgg19",
    "recv_time": 23546338,
    "tag": "872",
    "total_cost_by_ms": 46.87699890136719,
    "wait_cost": 0.021999359130859375
}
