{
    "child_model_execute_cost_by_ms": [
        7.348999977111816
    ],
    "child_model_run_time": [
        [
            23708411,
            23715760
        ]
    ],
    "execute_cost": 7.348999977111816,
    "finish_time": 23715768,
    "limit_cost_by_ms": 6.257999897003174,
    "model_name": "yolov2",
    "recv_time": 23700731,
    "tag": "879",
    "total_cost_by_ms": 15.036999702453613,
    "wait_cost": 7.687999725341797
}
