{
    "child_model_execute_cost_by_ms": [
        20.413999557495117
    ],
    "child_model_run_time": [
        [
            23726693,
            23747107
        ]
    ],
    "execute_cost": 20.413999557495117,
    "finish_time": 23747116,
    "limit_cost_by_ms": 19.444665908813477,
    "model_name": "resnet50",
    "recv_time": 23721692,
    "tag": "881",
    "total_cost_by_ms": 25.423999786376953,
    "wait_cost": 5.010000228881836
}
