{
    "child_model_execute_cost_by_ms": [
        44.66600036621094
    ],
    "child_model_run_time": [
        [
            23755904,
            23800570
        ]
    ],
    "execute_cost": 44.66600036621094,
    "finish_time": 23800580,
    "limit_cost_by_ms": 47.426666259765625,
    "model_name": "vgg19",
    "recv_time": 23755800,
    "tag": "883",
    "total_cost_by_ms": 44.779998779296875,
    "wait_cost": 0.1139984130859375
}
