{
    "child_model_execute_cost_by_ms": [
        6.802999973297119
    ],
    "child_model_run_time": [
        [
            24086752,
            24093555
        ]
    ],
    "execute_cost": 6.802999973297119,
    "finish_time": 24093560,
    "limit_cost_by_ms": 6.257999897003174,
    "model_name": "yolov2",
    "recv_time": 24078036,
    "tag": "901",
    "total_cost_by_ms": 15.52400016784668,
    "wait_cost": 8.721000671386719
}
