{
    "child_model_execute_cost_by_ms": [
        7.426000118255615
    ],
    "child_model_run_time": [
        [
            24169446,
            24176872
        ]
    ],
    "execute_cost": 7.426000118255615,
    "finish_time": 24176882,
    "limit_cost_by_ms": 6.257999897003174,
    "model_name": "yolov2",
    "recv_time": 24121980,
    "tag": "905",
    "total_cost_by_ms": 54.902000427246094,
    "wait_cost": 47.47600173950195
}
