{
    "child_model_execute_cost_by_ms": [
        19.583999633789063
    ],
    "child_model_run_time": [
        [
            24188055,
            24207639
        ]
    ],
    "execute_cost": 19.583999633789063,
    "finish_time": 24207645,
    "limit_cost_by_ms": 19.444665908813477,
    "model_name": "resnet50",
    "recv_time": 24187960,
    "tag": "907",
    "total_cost_by_ms": 19.684999465942383,
    "wait_cost": 0.10099983215332031
}
