{
    "child_model_execute_cost_by_ms": [
        7.5929999351501465
    ],
    "child_model_run_time": [
        [
            24214957,
            24222550
        ]
    ],
    "execute_cost": 7.5929999351501465,
    "finish_time": 24222556,
    "limit_cost_by_ms": 7.4033331871032715,
    "model_name": "squeezenetv1",
    "recv_time": 24214838,
    "tag": "909",
    "total_cost_by_ms": 7.7179999351501465,
    "wait_cost": 0.125
}
