{
    "child_model_execute_cost_by_ms": [
        9.996000289916992
    ],
    "child_model_run_time": [
        [
            25611622,
            25621618
        ]
    ],
    "execute_cost": 9.996000289916992,
    "finish_time": 25621624,
    "limit_cost_by_ms": 9.361332893371582,
    "model_name": "googlenet",
    "recv_time": 25611498,
    "tag": "991",
    "total_cost_by_ms": 10.12600040435791,
    "wait_cost": 0.13000011444091797
}
