{
    "child_model_execute_cost_by_ms": [
        72.34300231933594
    ],
    "child_model_run_time": [
        [
            8920346,
            8992689
        ]
    ],
    "execute_cost": 72.34300231933594,
    "finish_time": 8992768,
    "limit_cost_by_ms": 18.950666427612305,
    "model_name": "resnet50",
    "recv_time": 8920246,
    "tag": "11",
    "total_cost_by_ms": 72.52200317382813,
    "wait_cost": 0.1790008544921875
}
