{
    "child_model_execute_cost_by_ms": [
        18.239999771118164
    ],
    "child_model_run_time": [
        [
            11444478,
            11462718
        ]
    ],
    "execute_cost": 18.239999771118164,
    "finish_time": 11462723,
    "limit_cost_by_ms": 6.232333183288574,
    "model_name": "yolov2",
    "recv_time": 11444470,
    "tag": "131",
    "total_cost_by_ms": 18.253000259399414,
    "wait_cost": 0.01300048828125
}
