{
    "child_model_execute_cost_by_ms": [
        81.58100128173828
    ],
    "child_model_run_time": [
        [
            11521277,
            11602858
        ]
    ],
    "execute_cost": 81.58100128173828,
    "finish_time": 11602862,
    "limit_cost_by_ms": 18.950666427612305,
    "model_name": "resnet50",
    "recv_time": 11513149,
    "tag": "135",
    "total_cost_by_ms": 89.71299743652344,
    "wait_cost": 8.131996154785156
}
