{
    "child_model_execute_cost_by_ms": [
        23.402999877929688
    ],
    "child_model_run_time": [
        [
            12078736,
            12102139
        ]
    ],
    "execute_cost": 23.402999877929688,
    "finish_time": 12102143,
    "limit_cost_by_ms": 8.977333068847656,
    "model_name": "googlenet",
    "recv_time": 12078637,
    "tag": "161",
    "total_cost_by_ms": 23.506000518798828,
    "wait_cost": 0.10300064086914063
}
