{
    "child_model_execute_cost_by_ms": [
        45.7400016784668
    ],
    "child_model_run_time": [
        [
            12194912,
            12240652
        ]
    ],
    "execute_cost": 45.7400016784668,
    "finish_time": 12240657,
    "limit_cost_by_ms": 47.625667572021484,
    "model_name": "vgg19",
    "recv_time": 12194814,
    "tag": "167",
    "total_cost_by_ms": 45.84299850463867,
    "wait_cost": 0.102996826171875
}
