{
    "child_model_execute_cost_by_ms": [
        10.380999565124512
    ],
    "child_model_run_time": [
        [
            12528339,
            12538720
        ]
    ],
    "execute_cost": 10.380999565124512,
    "finish_time": 12538727,
    "limit_cost_by_ms": 8.977333068847656,
    "model_name": "googlenet",
    "recv_time": 12528324,
    "tag": "183",
    "total_cost_by_ms": 10.402999877929688,
    "wait_cost": 0.02200031280517578
}
