{
    "child_model_execute_cost_by_ms": [
        6.748000144958496
    ],
    "child_model_run_time": [
        [
            12636577,
            12643325
        ]
    ],
    "execute_cost": 6.748000144958496,
    "finish_time": 12643330,
    "limit_cost_by_ms": 6.232333183288574,
    "model_name": "yolov2",
    "recv_time": 12636566,
    "tag": "189",
    "total_cost_by_ms": 6.763999938964844,
    "wait_cost": 0.015999794006347656
}
