{
    "child_model_execute_cost_by_ms": [
        8.859999656677246
    ],
    "child_model_run_time": [
        [
            13783378,
            13792238
        ]
    ],
    "execute_cost": 8.859999656677246,
    "finish_time": 13792251,
    "limit_cost_by_ms": 7.496333122253418,
    "model_name": "squeezenetv1",
    "recv_time": 13783199,
    "tag": "243",
    "total_cost_by_ms": 9.052000045776367,
    "wait_cost": 0.1920003890991211
}
