{
    "child_model_execute_cost_by_ms": [
        18.451000213623047
    ],
    "child_model_run_time": [
        [
            13849776,
            13868227
        ]
    ],
    "execute_cost": 18.451000213623047,
    "finish_time": 13868231,
    "limit_cost_by_ms": 6.232333183288574,
    "model_name": "yolov2",
    "recv_time": 13849585,
    "tag": "246",
    "total_cost_by_ms": 18.645999908447266,
    "wait_cost": 0.19499969482421875
}
