{
    "child_model_execute_cost_by_ms": [
        8.722999572753906
    ],
    "child_model_run_time": [
        [
            14103011,
            14111734
        ]
    ],
    "execute_cost": 8.722999572753906,
    "finish_time": 14111741,
    "limit_cost_by_ms": 7.496333122253418,
    "model_name": "squeezenetv1",
    "recv_time": 14102937,
    "tag": "258",
    "total_cost_by_ms": 8.803999900817871,
    "wait_cost": 0.08100032806396484
}
