{
    "child_model_execute_cost_by_ms": [
        8.699999809265137
    ],
    "child_model_run_time": [
        [
            14358112,
            14366812
        ]
    ],
    "execute_cost": 8.699999809265137,
    "finish_time": 14366820,
    "limit_cost_by_ms": 7.496333122253418,
    "model_name": "squeezenetv1",
    "recv_time": 14357948,
    "tag": "270",
    "total_cost_by_ms": 8.871999740600586,
    "wait_cost": 0.17199993133544922
}
