{
    "child_model_execute_cost_by_ms": [
        45.448001861572266
    ],
    "child_model_run_time": [
        [
            14377496,
            14422944
        ]
    ],
    "execute_cost": 45.448001861572266,
    "finish_time": 14422951,
    "limit_cost_by_ms": 47.625667572021484,
    "model_name": "vgg19",
    "recv_time": 14377462,
    "tag": "272",
    "total_cost_by_ms": 45.48899841308594,
    "wait_cost": 0.040996551513671875
}
