{
    "child_model_execute_cost_by_ms": [
        45.742000579833984
    ],
    "child_model_run_time": [
        [
            14776533,
            14822275
        ]
    ],
    "execute_cost": 45.742000579833984,
    "finish_time": 14822277,
    "limit_cost_by_ms": 47.625667572021484,
    "model_name": "vgg19",
    "recv_time": 14776479,
    "tag": "291",
    "total_cost_by_ms": 45.79800033569336,
    "wait_cost": 0.055999755859375
}
