{
    "child_model_execute_cost_by_ms": [
        67.89700317382813
    ],
    "child_model_run_time": [
        [
            14802850,
            14870747
        ]
    ],
    "execute_cost": 67.89700317382813,
    "finish_time": 14870751,
    "limit_cost_by_ms": 18.950666427612305,
    "model_name": "resnet50",
    "recv_time": 14802682,
    "tag": "292",
    "total_cost_by_ms": 68.06900024414063,
    "wait_cost": 0.1719970703125
}
