{
    "child_model_execute_cost_by_ms": [
        20.531999588012695
    ],
    "child_model_run_time": [
        [
            15356534,
            15377066
        ]
    ],
    "execute_cost": 20.531999588012695,
    "finish_time": 15377073,
    "limit_cost_by_ms": 18.950666427612305,
    "model_name": "resnet50",
    "recv_time": 15356519,
    "tag": "318",
    "total_cost_by_ms": 20.554000854492188,
    "wait_cost": 0.022001266479492188
}
