{
    "child_model_execute_cost_by_ms": [
        45.196998596191406
    ],
    "child_model_run_time": [
        [
            15558520,
            15603717
        ]
    ],
    "execute_cost": 45.196998596191406,
    "finish_time": 15603723,
    "limit_cost_by_ms": 47.625667572021484,
    "model_name": "vgg19",
    "recv_time": 15558408,
    "tag": "328",
    "total_cost_by_ms": 45.314998626708984,
    "wait_cost": 0.11800003051757813
}
