{
    "child_model_execute_cost_by_ms": [
        47.486000061035156
    ],
    "child_model_run_time": [
        [
            9510175,
            9557661
        ]
    ],
    "execute_cost": 47.486000061035156,
    "finish_time": 9557667,
    "limit_cost_by_ms": 18.950666427612305,
    "model_name": "resnet50",
    "recv_time": 9510155,
    "tag": "38",
    "total_cost_by_ms": 47.512001037597656,
    "wait_cost": 0.0260009765625
}
