{
    "child_model_execute_cost_by_ms": [
        20.176000595092773
    ],
    "child_model_run_time": [
        [
            16598569,
            16618745
        ]
    ],
    "execute_cost": 20.176000595092773,
    "finish_time": 16618747,
    "limit_cost_by_ms": 18.950666427612305,
    "model_name": "resnet50",
    "recv_time": 16598371,
    "tag": "376",
    "total_cost_by_ms": 20.375999450683594,
    "wait_cost": 0.1999988555908203
}
