{
    "child_model_execute_cost_by_ms": [
        19.763999938964844
    ],
    "child_model_run_time": [
        [
            9546941,
            9566705
        ]
    ],
    "execute_cost": 19.763999938964844,
    "finish_time": 9566713,
    "limit_cost_by_ms": 7.496333122253418,
    "model_name": "squeezenetv1",
    "recv_time": 9546807,
    "tag": "39",
    "total_cost_by_ms": 19.9060001373291,
    "wait_cost": 0.1420001983642578
}
