{
    "child_model_execute_cost_by_ms": [
        35.83100128173828
    ],
    "child_model_run_time": [
        [
            16773245,
            16809076
        ]
    ],
    "execute_cost": 35.83100128173828,
    "finish_time": 16809083,
    "limit_cost_by_ms": 6.232333183288574,
    "model_name": "yolov2",
    "recv_time": 16773134,
    "tag": "385",
    "total_cost_by_ms": 35.94900131225586,
    "wait_cost": 0.11800003051757813
}
