{
    "child_model_execute_cost_by_ms": [
        42.50899887084961
    ],
    "child_model_run_time": [
        [
            17272397,
            17314906
        ]
    ],
    "execute_cost": 42.50899887084961,
    "finish_time": 17314909,
    "limit_cost_by_ms": 18.950666427612305,
    "model_name": "resnet50",
    "recv_time": 17272229,
    "tag": "409",
    "total_cost_by_ms": 42.68000030517578,
    "wait_cost": 0.17100143432617188
}
