{
    "child_model_execute_cost_by_ms": [
        50.5
    ],
    "child_model_run_time": [
        [
            18025802,
            18076302
        ]
    ],
    "execute_cost": 50.5,
    "finish_time": 18076308,
    "limit_cost_by_ms": 47.625667572021484,
    "model_name": "vgg19",
    "recv_time": 18025662,
    "tag": "445",
    "total_cost_by_ms": 50.645999908447266,
    "wait_cost": 0.14599990844726563
}
