{
    "child_model_execute_cost_by_ms": [
        9.642000198364258
    ],
    "child_model_run_time": [
        [
            19013179,
            19022821
        ]
    ],
    "execute_cost": 9.642000198364258,
    "finish_time": 19022828,
    "limit_cost_by_ms": 8.977333068847656,
    "model_name": "googlenet",
    "recv_time": 19013170,
    "tag": "491",
    "total_cost_by_ms": 9.657999992370605,
    "wait_cost": 0.015999794006347656
}
