{
    "child_model_execute_cost_by_ms": [
        46.840999603271484
    ],
    "child_model_run_time": [
        [
            19274624,
            19321465
        ]
    ],
    "execute_cost": 46.840999603271484,
    "finish_time": 19321471,
    "limit_cost_by_ms": 47.625667572021484,
    "model_name": "vgg19",
    "recv_time": 19274610,
    "tag": "504",
    "total_cost_by_ms": 46.861000061035156,
    "wait_cost": 0.020000457763671875
}
