{
    "child_model_execute_cost_by_ms": [
        59.45800018310547
    ],
    "child_model_run_time": [
        [
            19500815,
            19560273
        ]
    ],
    "execute_cost": 59.45800018310547,
    "finish_time": 19560274,
    "limit_cost_by_ms": 47.625667572021484,
    "model_name": "vgg19",
    "recv_time": 19500723,
    "tag": "515",
    "total_cost_by_ms": 59.55099868774414,
    "wait_cost": 0.09299850463867188
}
