{
    "child_model_execute_cost_by_ms": [
        81.88700103759766
    ],
    "child_model_run_time": [
        [
            19517199,
            19599086
        ]
    ],
    "execute_cost": 81.88700103759766,
    "finish_time": 19599092,
    "limit_cost_by_ms": 6.232333183288574,
    "model_name": "yolov2",
    "recv_time": 19513175,
    "tag": "516",
    "total_cost_by_ms": 85.91699981689453,
    "wait_cost": 4.029998779296875
}
