{
    "child_model_execute_cost_by_ms": [
        53.805999755859375
    ],
    "child_model_run_time": [
        [
            19749430,
            19803236
        ]
    ],
    "execute_cost": 53.805999755859375,
    "finish_time": 19803241,
    "limit_cost_by_ms": 47.625667572021484,
    "model_name": "vgg19",
    "recv_time": 19749310,
    "tag": "526",
    "total_cost_by_ms": 53.930999755859375,
    "wait_cost": 0.125
}
