{
    "child_model_execute_cost_by_ms": [
        20.047000885009766
    ],
    "child_model_run_time": [
        [
            19918732,
            19938779
        ]
    ],
    "execute_cost": 20.047000885009766,
    "finish_time": 19938787,
    "limit_cost_by_ms": 18.950666427612305,
    "model_name": "resnet50",
    "recv_time": 19918648,
    "tag": "534",
    "total_cost_by_ms": 20.138999938964844,
    "wait_cost": 0.09199905395507813
}
