{
    "child_model_execute_cost_by_ms": [
        7.460000038146973
    ],
    "child_model_run_time": [
        [
            20093524,
            20100984
        ]
    ],
    "execute_cost": 7.460000038146973,
    "finish_time": 20100992,
    "limit_cost_by_ms": 6.232333183288574,
    "model_name": "yolov2",
    "recv_time": 20093351,
    "tag": "542",
    "total_cost_by_ms": 7.640999794006348,
    "wait_cost": 0.180999755859375
}
