{
    "child_model_execute_cost_by_ms": [
        56.516998291015625
    ],
    "child_model_run_time": [
        [
            20101578,
            20158095
        ]
    ],
    "execute_cost": 56.516998291015625,
    "finish_time": 20158101,
    "limit_cost_by_ms": 47.625667572021484,
    "model_name": "vgg19",
    "recv_time": 20101479,
    "tag": "543",
    "total_cost_by_ms": 56.62200164794922,
    "wait_cost": 0.10500335693359375
}
