{
    "child_model_execute_cost_by_ms": [
        44.30699920654297
    ],
    "child_model_run_time": [
        [
            9924774,
            9969081
        ]
    ],
    "execute_cost": 44.30699920654297,
    "finish_time": 9969088,
    "limit_cost_by_ms": 6.232333183288574,
    "model_name": "yolov2",
    "recv_time": 9924735,
    "tag": "58",
    "total_cost_by_ms": 44.35300064086914,
    "wait_cost": 0.046001434326171875
}
