{
    "child_model_execute_cost_by_ms": [
        9.98900032043457
    ],
    "child_model_run_time": [
        [
            20666309,
            20676298
        ]
    ],
    "execute_cost": 9.98900032043457,
    "finish_time": 20676303,
    "limit_cost_by_ms": 8.977333068847656,
    "model_name": "googlenet",
    "recv_time": 20666298,
    "tag": "569",
    "total_cost_by_ms": 10.005000114440918,
    "wait_cost": 0.015999794006347656
}
