{
    "child_model_execute_cost_by_ms": [
        19.533000946044922
    ],
    "child_model_run_time": [
        [
            20743901,
            20763434
        ]
    ],
    "execute_cost": 19.533000946044922,
    "finish_time": 20763439,
    "limit_cost_by_ms": 18.950666427612305,
    "model_name": "resnet50",
    "recv_time": 20743702,
    "tag": "573",
    "total_cost_by_ms": 19.73699951171875,
    "wait_cost": 0.20399856567382813
}
