{
    "child_model_execute_cost_by_ms": [
        43.2760009765625
    ],
    "child_model_run_time": [
        [
            21119476,
            21162752
        ]
    ],
    "execute_cost": 43.2760009765625,
    "finish_time": 21162758,
    "limit_cost_by_ms": 7.496333122253418,
    "model_name": "squeezenetv1",
    "recv_time": 21119458,
    "tag": "591",
    "total_cost_by_ms": 43.29999923706055,
    "wait_cost": 0.023998260498046875
}
