{
    "child_model_execute_cost_by_ms": [
        54.08700180053711
    ],
    "child_model_run_time": [
        [
            8837518,
            8891605
        ]
    ],
    "execute_cost": 54.08700180053711,
    "finish_time": 8891611,
    "limit_cost_by_ms": 47.625667572021484,
    "model_name": "vgg19",
    "recv_time": 8837508,
    "tag": "7",
    "total_cost_by_ms": 54.10300064086914,
    "wait_cost": 0.01599884033203125
}
