{
    "child_model_execute_cost_by_ms": [
        7.079999923706055
    ],
    "child_model_run_time": [
        [
            21396912,
            21403992
        ]
    ],
    "execute_cost": 7.079999923706055,
    "finish_time": 21403996,
    "limit_cost_by_ms": 6.232333183288574,
    "model_name": "yolov2",
    "recv_time": 21396796,
    "tag": "604",
    "total_cost_by_ms": 7.199999809265137,
    "wait_cost": 0.11999988555908203
}
