{
    "child_model_execute_cost_by_ms": [
        39.108001708984375
    ],
    "child_model_run_time": [
        [
            22165474,
            22204582
        ]
    ],
    "execute_cost": 39.108001708984375,
    "finish_time": 22204588,
    "limit_cost_by_ms": 8.977333068847656,
    "model_name": "googlenet",
    "recv_time": 22165460,
    "tag": "643",
    "total_cost_by_ms": 39.12799835205078,
    "wait_cost": 0.01999664306640625
}
