{
    "child_model_execute_cost_by_ms": [
        33.70500183105469
    ],
    "child_model_run_time": [
        [
            22650634,
            22684339
        ]
    ],
    "execute_cost": 33.70500183105469,
    "finish_time": 22684346,
    "limit_cost_by_ms": 7.496333122253418,
    "model_name": "squeezenetv1",
    "recv_time": 22650621,
    "tag": "666",
    "total_cost_by_ms": 33.724998474121094,
    "wait_cost": 0.01999664306640625
}
