{
    "child_model_execute_cost_by_ms": [
        11.373000144958496
    ],
    "child_model_run_time": [
        [
            22998005,
            23009378
        ]
    ],
    "execute_cost": 11.373000144958496,
    "finish_time": 23009384,
    "limit_cost_by_ms": 6.232333183288574,
    "model_name": "yolov2",
    "recv_time": 22993943,
    "tag": "682",
    "total_cost_by_ms": 15.440999984741211,
    "wait_cost": 4.067999839782715
}
