{
    "child_model_execute_cost_by_ms": [
        46.6879997253418
    ],
    "child_model_run_time": [
        [
            23030147,
            23076835
        ]
    ],
    "execute_cost": 46.6879997253418,
    "finish_time": 23076841,
    "limit_cost_by_ms": 47.625667572021484,
    "model_name": "vgg19",
    "recv_time": 23030107,
    "tag": "684",
    "total_cost_by_ms": 46.73400115966797,
    "wait_cost": 0.046001434326171875
}
