{
    "child_model_execute_cost_by_ms": [
        38.8849983215332
    ],
    "child_model_run_time": [
        [
            23048414,
            23087299
        ]
    ],
    "execute_cost": 38.8849983215332,
    "finish_time": 23087303,
    "limit_cost_by_ms": 8.977333068847656,
    "model_name": "googlenet",
    "recv_time": 23048401,
    "tag": "685",
    "total_cost_by_ms": 38.902000427246094,
    "wait_cost": 0.017002105712890625
}
