{
    "child_model_execute_cost_by_ms": [
        8.463000297546387
    ],
    "child_model_run_time": [
        [
            23245199,
            23253662
        ]
    ],
    "execute_cost": 8.463000297546387,
    "finish_time": 23253668,
    "limit_cost_by_ms": 7.496333122253418,
    "model_name": "squeezenetv1",
    "recv_time": 23245167,
    "tag": "693",
    "total_cost_by_ms": 8.50100040435791,
    "wait_cost": 0.03800010681152344
}
