{
    "child_model_execute_cost_by_ms": [
        9.913999557495117
    ],
    "child_model_run_time": [
        [
            23254121,
            23264035
        ]
    ],
    "execute_cost": 9.913999557495117,
    "finish_time": 23264038,
    "limit_cost_by_ms": 8.977333068847656,
    "model_name": "googlenet",
    "recv_time": 23254109,
    "tag": "694",
    "total_cost_by_ms": 9.928999900817871,
    "wait_cost": 0.015000343322753906
}
