{
    "child_model_execute_cost_by_ms": [
        68.53299713134766
    ],
    "child_model_run_time": [
        [
            23272412,
            23340945
        ]
    ],
    "execute_cost": 68.53299713134766,
    "finish_time": 23340948,
    "limit_cost_by_ms": 6.232333183288574,
    "model_name": "yolov2",
    "recv_time": 23272306,
    "tag": "697",
    "total_cost_by_ms": 68.64199829101563,
    "wait_cost": 0.10900115966796875
}
