{
    "child_model_execute_cost_by_ms": [
        46.45600128173828
    ],
    "child_model_run_time": [
        [
            23354368,
            23400824
        ]
    ],
    "execute_cost": 46.45600128173828,
    "finish_time": 23400830,
    "limit_cost_by_ms": 47.625667572021484,
    "model_name": "vgg19",
    "recv_time": 23354339,
    "tag": "699",
    "total_cost_by_ms": 46.49100112915039,
    "wait_cost": 0.034999847412109375
}
