{
    "child_model_execute_cost_by_ms": [
        63.375999450683594
    ],
    "child_model_run_time": [
        [
            23943103,
            24006479
        ]
    ],
    "execute_cost": 63.375999450683594,
    "finish_time": 24006487,
    "limit_cost_by_ms": 6.232333183288574,
    "model_name": "yolov2",
    "recv_time": 23942996,
    "tag": "729",
    "total_cost_by_ms": 63.49100112915039,
    "wait_cost": 0.11500167846679688
}
