{
    "child_model_execute_cost_by_ms": [
        59.90299987792969
    ],
    "child_model_run_time": [
        [
            24598919,
            24658822
        ]
    ],
    "execute_cost": 59.90299987792969,
    "finish_time": 24658829,
    "limit_cost_by_ms": 18.950666427612305,
    "model_name": "resnet50",
    "recv_time": 24598745,
    "tag": "761",
    "total_cost_by_ms": 60.08399963378906,
    "wait_cost": 0.180999755859375
}
