{
    "child_model_execute_cost_by_ms": [
        8.394000053405762
    ],
    "child_model_run_time": [
        [
            24832656,
            24841050
        ]
    ],
    "execute_cost": 8.394000053405762,
    "finish_time": 24841055,
    "limit_cost_by_ms": 7.496333122253418,
    "model_name": "squeezenetv1",
    "recv_time": 24832645,
    "tag": "771",
    "total_cost_by_ms": 8.40999984741211,
    "wait_cost": 0.015999794006347656
}
