{
    "child_model_execute_cost_by_ms": [
        8.178999900817871
    ],
    "child_model_run_time": [
        [
            24983768,
            24991947
        ]
    ],
    "execute_cost": 8.178999900817871,
    "finish_time": 24991953,
    "limit_cost_by_ms": 7.496333122253418,
    "model_name": "squeezenetv1",
    "recv_time": 24983756,
    "tag": "778",
    "total_cost_by_ms": 8.196999549865723,
    "wait_cost": 0.017999649047851563
}
