{
    "child_model_execute_cost_by_ms": [
        45.513999938964844
    ],
    "child_model_run_time": [
        [
            25494437,
            25539951
        ]
    ],
    "execute_cost": 45.513999938964844,
    "finish_time": 25539960,
    "limit_cost_by_ms": 6.232333183288574,
    "model_name": "yolov2",
    "recv_time": 25494409,
    "tag": "804",
    "total_cost_by_ms": 45.55099868774414,
    "wait_cost": 0.036998748779296875
}
