{
    "child_model_execute_cost_by_ms": [
        8.11299991607666
    ],
    "child_model_run_time": [
        [
            25637763,
            25645876
        ]
    ],
    "execute_cost": 8.11299991607666,
    "finish_time": 25645883,
    "limit_cost_by_ms": 7.496333122253418,
    "model_name": "squeezenetv1",
    "recv_time": 25637730,
    "tag": "809",
    "total_cost_by_ms": 8.152999877929688,
    "wait_cost": 0.039999961853027344
}
