{
    "child_model_execute_cost_by_ms": [
        8.574000358581543
    ],
    "child_model_run_time": [
        [
            10472734,
            10481308
        ]
    ],
    "execute_cost": 8.574000358581543,
    "finish_time": 10481315,
    "limit_cost_by_ms": 7.496333122253418,
    "model_name": "squeezenetv1",
    "recv_time": 10472702,
    "tag": "83",
    "total_cost_by_ms": 8.61299991607666,
    "wait_cost": 0.03899955749511719
}
