{
    "child_model_execute_cost_by_ms": [
        45.9010009765625
    ],
    "child_model_run_time": [
        [
            26172173,
            26218074
        ]
    ],
    "execute_cost": 45.9010009765625,
    "finish_time": 26218080,
    "limit_cost_by_ms": 47.625667572021484,
    "model_name": "vgg19",
    "recv_time": 26172145,
    "tag": "835",
    "total_cost_by_ms": 45.935001373291016,
    "wait_cost": 0.034000396728515625
}
