{
    "child_model_execute_cost_by_ms": [
        47.07500076293945
    ],
    "child_model_run_time": [
        [
            26323428,
            26370503
        ]
    ],
    "execute_cost": 47.07500076293945,
    "finish_time": 26370509,
    "limit_cost_by_ms": 47.625667572021484,
    "model_name": "vgg19",
    "recv_time": 26323393,
    "tag": "842",
    "total_cost_by_ms": 47.11600112915039,
    "wait_cost": 0.0410003662109375
}
