{
    "child_model_execute_cost_by_ms": [
        33.202999114990234
    ],
    "child_model_run_time": [
        [
            27031206,
            27064409
        ]
    ],
    "execute_cost": 33.202999114990234,
    "finish_time": 27064417,
    "limit_cost_by_ms": 6.232333183288574,
    "model_name": "yolov2",
    "recv_time": 27031102,
    "tag": "876",
    "total_cost_by_ms": 33.314998626708984,
    "wait_cost": 0.11199951171875
}
