{
    "child_model_execute_cost_by_ms": [
        46.612998962402344
    ],
    "child_model_run_time": [
        [
            27065038,
            27111651
        ]
    ],
    "execute_cost": 46.612998962402344,
    "finish_time": 27111656,
    "limit_cost_by_ms": 47.625667572021484,
    "model_name": "vgg19",
    "recv_time": 27065001,
    "tag": "877",
    "total_cost_by_ms": 46.654998779296875,
    "wait_cost": 0.04199981689453125
}
