{
    "child_model_execute_cost_by_ms": [
        33.32099914550781
    ],
    "child_model_run_time": [
        [
            27345746,
            27379067
        ]
    ],
    "execute_cost": 33.32099914550781,
    "finish_time": 27379075,
    "limit_cost_by_ms": 6.232333183288574,
    "model_name": "yolov2",
    "recv_time": 27345729,
    "tag": "890",
    "total_cost_by_ms": 33.34600067138672,
    "wait_cost": 0.02500152587890625
}
