{
    "child_model_execute_cost_by_ms": [
        19.43000030517578
    ],
    "child_model_run_time": [
        [
            27638676,
            27658106
        ]
    ],
    "execute_cost": 19.43000030517578,
    "finish_time": 27658108,
    "limit_cost_by_ms": 18.950666427612305,
    "model_name": "resnet50",
    "recv_time": 27638601,
    "tag": "904",
    "total_cost_by_ms": 19.506999969482422,
    "wait_cost": 0.07699966430664063
}
