{
    "child_model_execute_cost_by_ms": [
        20.423999786376953
    ],
    "child_model_run_time": [
        [
            28491072,
            28511496
        ]
    ],
    "execute_cost": 20.423999786376953,
    "finish_time": 28511502,
    "limit_cost_by_ms": 18.950666427612305,
    "model_name": "resnet50",
    "recv_time": 28491059,
    "tag": "944",
    "total_cost_by_ms": 20.44300079345703,
    "wait_cost": 0.019001007080078125
}
