{
    "child_model_execute_cost_by_ms": [
        52.20800018310547
    ],
    "child_model_run_time": [
        [
            28774516,
            28826724
        ]
    ],
    "execute_cost": 52.20800018310547,
    "finish_time": 28826730,
    "limit_cost_by_ms": 18.950666427612305,
    "model_name": "resnet50",
    "recv_time": 28774407,
    "tag": "957",
    "total_cost_by_ms": 52.323001861572266,
    "wait_cost": 0.11500167846679688
}
