{
    "child_model_execute_cost_by_ms": [
        21.260000228881836
    ],
    "child_model_run_time": [
        [
            29044697,
            29065957
        ]
    ],
    "execute_cost": 21.260000228881836,
    "finish_time": 29065962,
    "limit_cost_by_ms": 7.496333122253418,
    "model_name": "squeezenetv1",
    "recv_time": 29044682,
    "tag": "970",
    "total_cost_by_ms": 21.280000686645508,
    "wait_cost": 0.020000457763671875
}
