{
    "child_model_execute_cost_by_ms": [
        9.859999656677246
    ],
    "child_model_run_time": [
        [
            29153034,
            29162894
        ]
    ],
    "execute_cost": 9.859999656677246,
    "finish_time": 29162900,
    "limit_cost_by_ms": 8.977333068847656,
    "model_name": "googlenet",
    "recv_time": 29152937,
    "tag": "975",
    "total_cost_by_ms": 9.963000297546387,
    "wait_cost": 0.10300064086914063
}
