{
    "child_model_execute_cost_by_ms": [
        34.45100021362305
    ],
    "child_model_run_time": [
        [
            29195249,
            29229700
        ]
    ],
    "execute_cost": 34.45100021362305,
    "finish_time": 29229707,
    "limit_cost_by_ms": 18.950666427612305,
    "model_name": "resnet50",
    "recv_time": 29195146,
    "tag": "977",
    "total_cost_by_ms": 34.56100082397461,
    "wait_cost": 0.1100006103515625
}
