{
    "child_model_execute_cost_by_ms": [
        14.397000312805176
    ],
    "child_model_run_time": [
        [
            29383000,
            29397397
        ]
    ],
    "execute_cost": 14.397000312805176,
    "finish_time": 29397400,
    "limit_cost_by_ms": 7.496333122253418,
    "model_name": "squeezenetv1",
    "recv_time": 29382969,
    "tag": "986",
    "total_cost_by_ms": 14.430999755859375,
    "wait_cost": 0.03399944305419922
}
