{
    "child_model_execute_cost_by_ms": [
        91.05599975585938
    ],
    "child_model_run_time": [
        [
            29561261,
            29652317
        ]
    ],
    "execute_cost": 91.05599975585938,
    "finish_time": 29652321,
    "limit_cost_by_ms": 8.977333068847656,
    "model_name": "googlenet",
    "recv_time": 29561244,
    "tag": "997",
    "total_cost_by_ms": 91.0770034790039,
    "wait_cost": 0.02100372314453125
}
