{
    "child_model_execute_cost_by_ms": [
        46.847999572753906
    ],
    "child_model_run_time": [
        [
            29661482,
            29708330
        ]
    ],
    "execute_cost": 46.847999572753906,
    "finish_time": 29708332,
    "limit_cost_by_ms": 47.625667572021484,
    "model_name": "vgg19",
    "recv_time": 29661456,
    "tag": "999",
    "total_cost_by_ms": 46.875999450683594,
    "wait_cost": 0.0279998779296875
}
