name,min,avg,max
squeezenetv1,1.033491566861792,1.8021512126254726,4.4394962688296395
googlenet,1.0525504048859655,2.0006669105178365,4.488144299591016
yolov2,1.1842331215288577,2.24517117858847,4.644873294864229
vgg19,1.2060107240395583,1.6053714898680442,2.3700629369131008
resnet50,1.223881365952712,1.6750537618013461,3.19796865016263
total,1.033491566861792,1.8657525929521648,4.644873294864229
