name,Std. Deviation of RR
squeezenetv1,0.8168257292012571
googlenet,0.8216593570744026
yolov2,0.9206596536623297
vgg19,0.33451132303876546
resnet50,0.4803696500607624
total,0.7474667765260405
