{
    "child_model_execute_cost_by_ms": [
        57.137001037597656
    ],
    "child_model_run_time": [
        [
            8934826,
            8991963
        ]
    ],
    "execute_cost": 57.137001037597656,
    "finish_time": 8991972,
    "limit_cost_by_ms": 6.285666465759277,
    "model_name": "yolov2",
    "recv_time": 8934815,
    "tag": "11",
    "total_cost_by_ms": 57.15700149536133,
    "wait_cost": 0.020000457763671875
}
