{
    "child_model_execute_cost_by_ms": [
        6.934000015258789
    ],
    "child_model_run_time": [
        [
            11025087,
            11032021
        ]
    ],
    "execute_cost": 6.934000015258789,
    "finish_time": 11032026,
    "limit_cost_by_ms": 6.285666465759277,
    "model_name": "yolov2",
    "recv_time": 11024930,
    "tag": "104",
    "total_cost_by_ms": 7.0960001945495605,
    "wait_cost": 0.16200017929077148
}
