{
    "child_model_execute_cost_by_ms": [
        43.34000015258789
    ],
    "child_model_run_time": [
        [
            11171161,
            11214501
        ]
    ],
    "execute_cost": 43.34000015258789,
    "finish_time": 11214504,
    "limit_cost_by_ms": 19.145334243774414,
    "model_name": "resnet50",
    "recv_time": 11171152,
    "tag": "111",
    "total_cost_by_ms": 43.35200119018555,
    "wait_cost": 0.01200103759765625
}
