{
    "child_model_execute_cost_by_ms": [
        48.987998962402344
    ],
    "child_model_run_time": [
        [
            11549929,
            11598917
        ]
    ],
    "execute_cost": 48.987998962402344,
    "finish_time": 11598924,
    "limit_cost_by_ms": 47.520668029785156,
    "model_name": "vgg19",
    "recv_time": 11549910,
    "tag": "128",
    "total_cost_by_ms": 49.013999938964844,
    "wait_cost": 0.0260009765625
}
