{
    "child_model_execute_cost_by_ms": [
        10.364999771118164
    ],
    "child_model_run_time": [
        [
            11635169,
            11645534
        ]
    ],
    "execute_cost": 10.364999771118164,
    "finish_time": 11645542,
    "limit_cost_by_ms": 7.555666446685791,
    "model_name": "squeezenetv1",
    "recv_time": 11635152,
    "tag": "132",
    "total_cost_by_ms": 10.390000343322754,
    "wait_cost": 0.025000572204589844
}
