{
    "child_model_execute_cost_by_ms": [
        6.730999946594238
    ],
    "child_model_run_time": [
        [
            11865026,
            11871757
        ]
    ],
    "execute_cost": 6.730999946594238,
    "finish_time": 11871764,
    "limit_cost_by_ms": 6.285666465759277,
    "model_name": "yolov2",
    "recv_time": 11865015,
    "tag": "142",
    "total_cost_by_ms": 6.749000072479248,
    "wait_cost": 0.018000125885009766
}
