{
    "child_model_execute_cost_by_ms": [
        6.833000183105469
    ],
    "child_model_run_time": [
        [
            12025209,
            12032042
        ]
    ],
    "execute_cost": 6.833000183105469,
    "finish_time": 12032049,
    "limit_cost_by_ms": 6.285666465759277,
    "model_name": "yolov2",
    "recv_time": 12025092,
    "tag": "149",
    "total_cost_by_ms": 6.956999778747559,
    "wait_cost": 0.12399959564208984
}
