{
    "child_model_execute_cost_by_ms": [
        8.562999725341797
    ],
    "child_model_run_time": [
        [
            12032504,
            12041067
        ]
    ],
    "execute_cost": 8.562999725341797,
    "finish_time": 12041071,
    "limit_cost_by_ms": 7.555666446685791,
    "model_name": "squeezenetv1",
    "recv_time": 12032488,
    "tag": "150",
    "total_cost_by_ms": 8.583000183105469,
    "wait_cost": 0.020000457763671875
}
