{
    "child_model_execute_cost_by_ms": [
        50.88399887084961
    ],
    "child_model_run_time": [
        [
            9076517,
            9127401
        ]
    ],
    "execute_cost": 50.88399887084961,
    "finish_time": 9127403,
    "limit_cost_by_ms": 47.520668029785156,
    "model_name": "vgg19",
    "recv_time": 9076500,
    "tag": "17",
    "total_cost_by_ms": 50.90299987792969,
    "wait_cost": 0.019001007080078125
}
