{
    "child_model_execute_cost_by_ms": [
        19.481000900268555
    ],
    "child_model_run_time": [
        [
            12564499,
            12583980
        ]
    ],
    "execute_cost": 19.481000900268555,
    "finish_time": 12583986,
    "limit_cost_by_ms": 19.145334243774414,
    "model_name": "resnet50",
    "recv_time": 12564411,
    "tag": "174",
    "total_cost_by_ms": 19.575000762939453,
    "wait_cost": 0.09399986267089844
}
