{
    "child_model_execute_cost_by_ms": [
        9.949999809265137
    ],
    "child_model_run_time": [
        [
            12645414,
            12655364
        ]
    ],
    "execute_cost": 9.949999809265137,
    "finish_time": 12655372,
    "limit_cost_by_ms": 9.115666389465332,
    "model_name": "googlenet",
    "recv_time": 12645366,
    "tag": "178",
    "total_cost_by_ms": 10.005999565124512,
    "wait_cost": 0.055999755859375
}
