{
    "child_model_execute_cost_by_ms": [
        13.102999687194824
    ],
    "child_model_run_time": [
        [
            13408395,
            13421498
        ]
    ],
    "execute_cost": 13.102999687194824,
    "finish_time": 13421500,
    "limit_cost_by_ms": 6.285666465759277,
    "model_name": "yolov2",
    "recv_time": 13408385,
    "tag": "213",
    "total_cost_by_ms": 13.114999771118164,
    "wait_cost": 0.012000083923339844
}
