{
    "child_model_execute_cost_by_ms": [
        24.902000427246094
    ],
    "child_model_run_time": [
        [
            13854067,
            13878969
        ]
    ],
    "execute_cost": 24.902000427246094,
    "finish_time": 13878972,
    "limit_cost_by_ms": 6.285666465759277,
    "model_name": "yolov2",
    "recv_time": 13854059,
    "tag": "233",
    "total_cost_by_ms": 24.913000106811523,
    "wait_cost": 0.010999679565429688
}
