{
    "child_model_execute_cost_by_ms": [
        7.935999870300293
    ],
    "child_model_run_time": [
        [
            14598016,
            14605952
        ]
    ],
    "execute_cost": 7.935999870300293,
    "finish_time": 14605957,
    "limit_cost_by_ms": 7.555666446685791,
    "model_name": "squeezenetv1",
    "recv_time": 14597921,
    "tag": "268",
    "total_cost_by_ms": 8.03600025177002,
    "wait_cost": 0.10000038146972656
}
