{
    "child_model_execute_cost_by_ms": [
        11.28600025177002
    ],
    "child_model_run_time": [
        [
            14759804,
            14771090
        ]
    ],
    "execute_cost": 11.28600025177002,
    "finish_time": 14771096,
    "limit_cost_by_ms": 7.555666446685791,
    "model_name": "squeezenetv1",
    "recv_time": 14759604,
    "tag": "275",
    "total_cost_by_ms": 11.491999626159668,
    "wait_cost": 0.20599937438964844
}
