{
    "child_model_execute_cost_by_ms": [
        72.78600311279297
    ],
    "child_model_run_time": [
        [
            15033008,
            15105794
        ]
    ],
    "execute_cost": 72.78600311279297,
    "finish_time": 15105802,
    "limit_cost_by_ms": 19.145334243774414,
    "model_name": "resnet50",
    "recv_time": 15032995,
    "tag": "290",
    "total_cost_by_ms": 72.80699920654297,
    "wait_cost": 0.02099609375
}
