{
    "child_model_execute_cost_by_ms": [
        30.384000778198242
    ],
    "child_model_run_time": [
        [
            15624065,
            15654449
        ]
    ],
    "execute_cost": 30.384000778198242,
    "finish_time": 15654452,
    "limit_cost_by_ms": 9.115666389465332,
    "model_name": "googlenet",
    "recv_time": 15624055,
    "tag": "316",
    "total_cost_by_ms": 30.39699935913086,
    "wait_cost": 0.012998580932617188
}
