{
    "child_model_execute_cost_by_ms": [
        8.300000190734863
    ],
    "child_model_run_time": [
        [
            15881577,
            15889877
        ]
    ],
    "execute_cost": 8.300000190734863,
    "finish_time": 15889884,
    "limit_cost_by_ms": 7.555666446685791,
    "model_name": "squeezenetv1",
    "recv_time": 15881415,
    "tag": "327",
    "total_cost_by_ms": 8.468999862670898,
    "wait_cost": 0.16899967193603516
}
