{
    "child_model_execute_cost_by_ms": [
        59.82099914550781
    ],
    "child_model_run_time": [
        [
            15975871,
            16035692
        ]
    ],
    "execute_cost": 59.82099914550781,
    "finish_time": 16035697,
    "limit_cost_by_ms": 47.520668029785156,
    "model_name": "vgg19",
    "recv_time": 15975755,
    "tag": "332",
    "total_cost_by_ms": 59.94200134277344,
    "wait_cost": 0.121002197265625
}
