{
    "child_model_execute_cost_by_ms": [
        29.992000579833984
    ],
    "child_model_run_time": [
        [
            16736437,
            16766429
        ]
    ],
    "execute_cost": 29.992000579833984,
    "finish_time": 16766437,
    "limit_cost_by_ms": 6.285666465759277,
    "model_name": "yolov2",
    "recv_time": 16736421,
    "tag": "365",
    "total_cost_by_ms": 30.016000747680664,
    "wait_cost": 0.024000167846679688
}
