{
    "child_model_execute_cost_by_ms": [
        10.086000442504883
    ],
    "child_model_run_time": [
        [
            17277418,
            17287504
        ]
    ],
    "execute_cost": 10.086000442504883,
    "finish_time": 17287512,
    "limit_cost_by_ms": 9.115666389465332,
    "model_name": "googlenet",
    "recv_time": 17277403,
    "tag": "389",
    "total_cost_by_ms": 10.109000205993652,
    "wait_cost": 0.02299976348876953
}
