{
    "child_model_execute_cost_by_ms": [
        8.654999732971191
    ],
    "child_model_run_time": [
        [
            17362276,
            17370931
        ]
    ],
    "execute_cost": 8.654999732971191,
    "finish_time": 17370941,
    "limit_cost_by_ms": 7.555666446685791,
    "model_name": "squeezenetv1",
    "recv_time": 17362254,
    "tag": "393",
    "total_cost_by_ms": 8.687000274658203,
    "wait_cost": 0.03200054168701172
}
