{
    "child_model_execute_cost_by_ms": [
        19.43600082397461
    ],
    "child_model_run_time": [
        [
            17371379,
            17390815
        ]
    ],
    "execute_cost": 19.43600082397461,
    "finish_time": 17390821,
    "limit_cost_by_ms": 19.145334243774414,
    "model_name": "resnet50",
    "recv_time": 17371367,
    "tag": "394",
    "total_cost_by_ms": 19.45400047302246,
    "wait_cost": 0.017999649047851563
}
