{
    "child_model_execute_cost_by_ms": [
        52.0989990234375
    ],
    "child_model_run_time": [
        [
            17395812,
            17447911
        ]
    ],
    "execute_cost": 52.0989990234375,
    "finish_time": 17447917,
    "limit_cost_by_ms": 47.520668029785156,
    "model_name": "vgg19",
    "recv_time": 17395667,
    "tag": "396",
    "total_cost_by_ms": 52.25,
    "wait_cost": 0.1510009765625
}
