{
    "child_model_execute_cost_by_ms": [
        30.80900001525879
    ],
    "child_model_run_time": [
        [
            17583749,
            17614558
        ]
    ],
    "execute_cost": 30.80900001525879,
    "finish_time": 17614568,
    "limit_cost_by_ms": 6.285666465759277,
    "model_name": "yolov2",
    "recv_time": 17583738,
    "tag": "404",
    "total_cost_by_ms": 30.829999923706055,
    "wait_cost": 0.020999908447265625
}
