{
    "child_model_execute_cost_by_ms": [
        34.4109992980957
    ],
    "child_model_run_time": [
        [
            17622634,
            17657045
        ]
    ],
    "execute_cost": 34.4109992980957,
    "finish_time": 17657052,
    "limit_cost_by_ms": 9.115666389465332,
    "model_name": "googlenet",
    "recv_time": 17622620,
    "tag": "406",
    "total_cost_by_ms": 34.43199920654297,
    "wait_cost": 0.020999908447265625
}
