{
    "child_model_execute_cost_by_ms": [
        45.88999938964844
    ],
    "child_model_run_time": [
        [
            18351210,
            18397100
        ]
    ],
    "execute_cost": 45.88999938964844,
    "finish_time": 18397106,
    "limit_cost_by_ms": 47.520668029785156,
    "model_name": "vgg19",
    "recv_time": 18351199,
    "tag": "440",
    "total_cost_by_ms": 45.90700149536133,
    "wait_cost": 0.017002105712890625
}
