{
    "child_model_execute_cost_by_ms": [
        55.46500015258789
    ],
    "child_model_run_time": [
        [
            18728584,
            18784049
        ]
    ],
    "execute_cost": 55.46500015258789,
    "finish_time": 18784058,
    "limit_cost_by_ms": 19.145334243774414,
    "model_name": "resnet50",
    "recv_time": 18728482,
    "tag": "457",
    "total_cost_by_ms": 55.57600021362305,
    "wait_cost": 0.11100006103515625
}
