{
    "child_model_execute_cost_by_ms": [
        67.33799743652344
    ],
    "child_model_run_time": [
        [
            9712010,
            9779348
        ]
    ],
    "execute_cost": 67.33799743652344,
    "finish_time": 9779355,
    "limit_cost_by_ms": 19.145334243774414,
    "model_name": "resnet50",
    "recv_time": 9711909,
    "tag": "46",
    "total_cost_by_ms": 67.44599914550781,
    "wait_cost": 0.108001708984375
}
