{
    "child_model_execute_cost_by_ms": [
        83.0479965209961
    ],
    "child_model_run_time": [
        [
            18973025,
            19056073
        ]
    ],
    "execute_cost": 83.0479965209961,
    "finish_time": 19056078,
    "limit_cost_by_ms": 6.285666465759277,
    "model_name": "yolov2",
    "recv_time": 18972990,
    "tag": "468",
    "total_cost_by_ms": 83.08799743652344,
    "wait_cost": 0.04000091552734375
}
