{
    "child_model_execute_cost_by_ms": [
        45.04800033569336
    ],
    "child_model_run_time": [
        [
            19229001,
            19274049
        ]
    ],
    "execute_cost": 45.04800033569336,
    "finish_time": 19274057,
    "limit_cost_by_ms": 47.520668029785156,
    "model_name": "vgg19",
    "recv_time": 19228989,
    "tag": "479",
    "total_cost_by_ms": 45.06800079345703,
    "wait_cost": 0.020000457763671875
}
