{
    "child_model_execute_cost_by_ms": [
        46.89799880981445
    ],
    "child_model_run_time": [
        [
            19256570,
            19303468
        ]
    ],
    "execute_cost": 46.89799880981445,
    "finish_time": 19303475,
    "limit_cost_by_ms": 9.115666389465332,
    "model_name": "googlenet",
    "recv_time": 19256559,
    "tag": "480",
    "total_cost_by_ms": 46.91600036621094,
    "wait_cost": 0.018001556396484375
}
