{
    "child_model_execute_cost_by_ms": [
        61.07899856567383
    ],
    "child_model_run_time": [
        [
            20020661,
            20081740
        ]
    ],
    "execute_cost": 61.07899856567383,
    "finish_time": 20081746,
    "limit_cost_by_ms": 7.555666446685791,
    "model_name": "squeezenetv1",
    "recv_time": 20020642,
    "tag": "514",
    "total_cost_by_ms": 61.104000091552734,
    "wait_cost": 0.02500152587890625
}
