{
    "child_model_execute_cost_by_ms": [
        54.347999572753906
    ],
    "child_model_run_time": [
        [
            20328444,
            20382792
        ]
    ],
    "execute_cost": 54.347999572753906,
    "finish_time": 20382798,
    "limit_cost_by_ms": 6.285666465759277,
    "model_name": "yolov2",
    "recv_time": 20328429,
    "tag": "529",
    "total_cost_by_ms": 54.36899948120117,
    "wait_cost": 0.020999908447265625
}
