{
    "child_model_execute_cost_by_ms": [
        21.246999740600586
    ],
    "child_model_run_time": [
        [
            20439386,
            20460633
        ]
    ],
    "execute_cost": 21.246999740600586,
    "finish_time": 20460640,
    "limit_cost_by_ms": 9.115666389465332,
    "model_name": "googlenet",
    "recv_time": 20439372,
    "tag": "533",
    "total_cost_by_ms": 21.26799964904785,
    "wait_cost": 0.020999908447265625
}
