{
    "child_model_execute_cost_by_ms": [
        19.905000686645508
    ],
    "child_model_run_time": [
        [
            20461019,
            20480924
        ]
    ],
    "execute_cost": 19.905000686645508,
    "finish_time": 20480927,
    "limit_cost_by_ms": 19.145334243774414,
    "model_name": "resnet50",
    "recv_time": 20460972,
    "tag": "534",
    "total_cost_by_ms": 19.954999923706055,
    "wait_cost": 0.049999237060546875
}
