{
    "child_model_execute_cost_by_ms": [
        10.244999885559082
    ],
    "child_model_run_time": [
        [
            20545855,
            20556100
        ]
    ],
    "execute_cost": 10.244999885559082,
    "finish_time": 20556102,
    "limit_cost_by_ms": 9.115666389465332,
    "model_name": "googlenet",
    "recv_time": 20545840,
    "tag": "538",
    "total_cost_by_ms": 10.26200008392334,
    "wait_cost": 0.017000198364257813
}
