{
    "child_model_execute_cost_by_ms": [
        11.20300006866455
    ],
    "child_model_run_time": [
        [
            20656606,
            20667809
        ]
    ],
    "execute_cost": 11.20300006866455,
    "finish_time": 20667816,
    "limit_cost_by_ms": 6.285666465759277,
    "model_name": "yolov2",
    "recv_time": 20652527,
    "tag": "543",
    "total_cost_by_ms": 15.288999557495117,
    "wait_cost": 4.085999488830566
}
