{
    "child_model_execute_cost_by_ms": [
        69.6050033569336
    ],
    "child_model_run_time": [
        [
            21354965,
            21424570
        ]
    ],
    "execute_cost": 69.6050033569336,
    "finish_time": 21424577,
    "limit_cost_by_ms": 9.115666389465332,
    "model_name": "googlenet",
    "recv_time": 21354952,
    "tag": "575",
    "total_cost_by_ms": 69.625,
    "wait_cost": 0.01999664306640625
}
