{
    "child_model_execute_cost_by_ms": [
        46.939998626708984
    ],
    "child_model_run_time": [
        [
            21435786,
            21482726
        ]
    ],
    "execute_cost": 46.939998626708984,
    "finish_time": 21482732,
    "limit_cost_by_ms": 47.520668029785156,
    "model_name": "vgg19",
    "recv_time": 21435694,
    "tag": "578",
    "total_cost_by_ms": 47.03799819946289,
    "wait_cost": 0.09799957275390625
}
