{
    "child_model_execute_cost_by_ms": [
        9.817999839782715
    ],
    "child_model_run_time": [
        [
            21697476,
            21707294
        ]
    ],
    "execute_cost": 9.817999839782715,
    "finish_time": 21707300,
    "limit_cost_by_ms": 9.115666389465332,
    "model_name": "googlenet",
    "recv_time": 21697461,
    "tag": "589",
    "total_cost_by_ms": 9.83899974822998,
    "wait_cost": 0.020999908447265625
}
