{
    "child_model_execute_cost_by_ms": [
        36.85499954223633
    ],
    "child_model_run_time": [
        [
            21742696,
            21779551
        ]
    ],
    "execute_cost": 36.85499954223633,
    "finish_time": 21779557,
    "limit_cost_by_ms": 6.285666465759277,
    "model_name": "yolov2",
    "recv_time": 21742683,
    "tag": "592",
    "total_cost_by_ms": 36.874000549316406,
    "wait_cost": 0.019001007080078125
}
