{
    "child_model_execute_cost_by_ms": [
        63.255001068115234
    ],
    "child_model_run_time": [
        [
            21816422,
            21879677
        ]
    ],
    "execute_cost": 63.255001068115234,
    "finish_time": 21879684,
    "limit_cost_by_ms": 9.115666389465332,
    "model_name": "googlenet",
    "recv_time": 21816410,
    "tag": "596",
    "total_cost_by_ms": 63.27399826049805,
    "wait_cost": 0.0189971923828125
}
