{
    "child_model_execute_cost_by_ms": [
        74.19599914550781
    ],
    "child_model_run_time": [
        [
            8819960,
            8894156
        ]
    ],
    "execute_cost": 74.19599914550781,
    "finish_time": 8894164,
    "limit_cost_by_ms": 19.145334243774414,
    "model_name": "resnet50",
    "recv_time": 8819861,
    "tag": "7",
    "total_cost_by_ms": 74.3030014038086,
    "wait_cost": 0.10700225830078125
}
