{
    "child_model_execute_cost_by_ms": [
        65.02100372314453
    ],
    "child_model_run_time": [
        [
            10065555,
            10130576
        ]
    ],
    "execute_cost": 65.02100372314453,
    "finish_time": 10130583,
    "limit_cost_by_ms": 19.145334243774414,
    "model_name": "resnet50",
    "recv_time": 10065449,
    "tag": "62",
    "total_cost_by_ms": 65.13400268554688,
    "wait_cost": 0.11299896240234375
}
