{
    "child_model_execute_cost_by_ms": [
        44.85599899291992
    ],
    "child_model_run_time": [
        [
            22072801,
            22117657
        ]
    ],
    "execute_cost": 44.85599899291992,
    "finish_time": 22117664,
    "limit_cost_by_ms": 47.520668029785156,
    "model_name": "vgg19",
    "recv_time": 22072645,
    "tag": "607",
    "total_cost_by_ms": 45.01900100708008,
    "wait_cost": 0.16300201416015625
}
