{
    "child_model_execute_cost_by_ms": [
        50.066001892089844
    ],
    "child_model_run_time": [
        [
            22614293,
            22664359
        ]
    ],
    "execute_cost": 50.066001892089844,
    "finish_time": 22664366,
    "limit_cost_by_ms": 6.285666465759277,
    "model_name": "yolov2",
    "recv_time": 22614284,
    "tag": "630",
    "total_cost_by_ms": 50.082000732421875,
    "wait_cost": 0.01599884033203125
}
