{
    "child_model_execute_cost_by_ms": [
        6.74399995803833
    ],
    "child_model_run_time": [
        [
            22764708,
            22771452
        ]
    ],
    "execute_cost": 6.74399995803833,
    "finish_time": 22771460,
    "limit_cost_by_ms": 6.285666465759277,
    "model_name": "yolov2",
    "recv_time": 22764693,
    "tag": "636",
    "total_cost_by_ms": 6.767000198364258,
    "wait_cost": 0.023000240325927734
}
