{
    "child_model_execute_cost_by_ms": [
        24.94300079345703
    ],
    "child_model_run_time": [
        [
            22833550,
            22858493
        ]
    ],
    "execute_cost": 24.94300079345703,
    "finish_time": 22858501,
    "limit_cost_by_ms": 19.145334243774414,
    "model_name": "resnet50",
    "recv_time": 22833402,
    "tag": "640",
    "total_cost_by_ms": 25.099000930786133,
    "wait_cost": 0.15600013732910156
}
