{
    "child_model_execute_cost_by_ms": [
        45.44499969482422
    ],
    "child_model_run_time": [
        [
            22958263,
            23003708
        ]
    ],
    "execute_cost": 45.44499969482422,
    "finish_time": 23003715,
    "limit_cost_by_ms": 47.520668029785156,
    "model_name": "vgg19",
    "recv_time": 22958158,
    "tag": "646",
    "total_cost_by_ms": 45.55699920654297,
    "wait_cost": 0.11199951171875
}
