{
    "child_model_execute_cost_by_ms": [
        21.20800018310547
    ],
    "child_model_run_time": [
        [
            23091303,
            23112511
        ]
    ],
    "execute_cost": 21.20800018310547,
    "finish_time": 23112517,
    "limit_cost_by_ms": 19.145334243774414,
    "model_name": "resnet50",
    "recv_time": 23091291,
    "tag": "651",
    "total_cost_by_ms": 21.22599983215332,
    "wait_cost": 0.017999649047851563
}
