{
    "child_model_execute_cost_by_ms": [
        41.21900177001953
    ],
    "child_model_run_time": [
        [
            23136230,
            23177449
        ]
    ],
    "execute_cost": 41.21900177001953,
    "finish_time": 23177457,
    "limit_cost_by_ms": 9.115666389465332,
    "model_name": "googlenet",
    "recv_time": 23136218,
    "tag": "654",
    "total_cost_by_ms": 41.23899841308594,
    "wait_cost": 0.01999664306640625
}
