{
    "child_model_execute_cost_by_ms": [
        7.264999866485596
    ],
    "child_model_run_time": [
        [
            23339203,
            23346468
        ]
    ],
    "execute_cost": 7.264999866485596,
    "finish_time": 23346474,
    "limit_cost_by_ms": 6.285666465759277,
    "model_name": "yolov2",
    "recv_time": 23339111,
    "tag": "662",
    "total_cost_by_ms": 7.36299991607666,
    "wait_cost": 0.09800004959106445
}
