{
    "child_model_execute_cost_by_ms": [
        25.229999542236328
    ],
    "child_model_run_time": [
        [
            23597922,
            23623152
        ]
    ],
    "execute_cost": 25.229999542236328,
    "finish_time": 23623159,
    "limit_cost_by_ms": 9.115666389465332,
    "model_name": "googlenet",
    "recv_time": 23597753,
    "tag": "674",
    "total_cost_by_ms": 25.4060001373291,
    "wait_cost": 0.17600059509277344
}
