{
    "child_model_execute_cost_by_ms": [
        60.95500183105469
    ],
    "child_model_run_time": [
        [
            23802343,
            23863298
        ]
    ],
    "execute_cost": 60.95500183105469,
    "finish_time": 23863304,
    "limit_cost_by_ms": 47.520668029785156,
    "model_name": "vgg19",
    "recv_time": 23802188,
    "tag": "684",
    "total_cost_by_ms": 61.11600112915039,
    "wait_cost": 0.16099929809570313
}
