{
    "child_model_execute_cost_by_ms": [
        47.202999114990234
    ],
    "child_model_run_time": [
        [
            23991876,
            24039079
        ]
    ],
    "execute_cost": 47.202999114990234,
    "finish_time": 24039086,
    "limit_cost_by_ms": 47.520668029785156,
    "model_name": "vgg19",
    "recv_time": 23991726,
    "tag": "691",
    "total_cost_by_ms": 47.36000061035156,
    "wait_cost": 0.15700149536132813
}
