{
    "child_model_execute_cost_by_ms": [
        53.358001708984375
    ],
    "child_model_run_time": [
        [
            24013976,
            24067334
        ]
    ],
    "execute_cost": 53.358001708984375,
    "finish_time": 24067341,
    "limit_cost_by_ms": 7.555666446685791,
    "model_name": "squeezenetv1",
    "recv_time": 24013946,
    "tag": "693",
    "total_cost_by_ms": 53.39500045776367,
    "wait_cost": 0.036998748779296875
}
