{
    "child_model_execute_cost_by_ms": [
        7.932000160217285
    ],
    "child_model_run_time": [
        [
            24600538,
            24608470
        ]
    ],
    "execute_cost": 7.932000160217285,
    "finish_time": 24608474,
    "limit_cost_by_ms": 7.555666446685791,
    "model_name": "squeezenetv1",
    "recv_time": 24600359,
    "tag": "718",
    "total_cost_by_ms": 8.114999771118164,
    "wait_cost": 0.1829996109008789
}
