{
    "child_model_execute_cost_by_ms": [
        52.32699966430664
    ],
    "child_model_run_time": [
        [
            24808304,
            24860631
        ]
    ],
    "execute_cost": 52.32699966430664,
    "finish_time": 24860638,
    "limit_cost_by_ms": 47.520668029785156,
    "model_name": "vgg19",
    "recv_time": 24808149,
    "tag": "728",
    "total_cost_by_ms": 52.48899841308594,
    "wait_cost": 0.16199874877929688
}
