{
    "child_model_execute_cost_by_ms": [
        67.67900085449219
    ],
    "child_model_run_time": [
        [
            10408904,
            10476583
        ]
    ],
    "execute_cost": 67.67900085449219,
    "finish_time": 10476588,
    "limit_cost_by_ms": 9.115666389465332,
    "model_name": "googlenet",
    "recv_time": 10408889,
    "tag": "76",
    "total_cost_by_ms": 67.6989974975586,
    "wait_cost": 0.01999664306640625
}
