{
    "child_model_execute_cost_by_ms": [
        45.50199890136719
    ],
    "child_model_run_time": [
        [
            26152419,
            26197921
        ]
    ],
    "execute_cost": 45.50199890136719,
    "finish_time": 26197928,
    "limit_cost_by_ms": 47.520668029785156,
    "model_name": "vgg19",
    "recv_time": 26152402,
    "tag": "787",
    "total_cost_by_ms": 45.5260009765625,
    "wait_cost": 0.0240020751953125
}
