{
    "child_model_execute_cost_by_ms": [
        19.158000946044922
    ],
    "child_model_run_time": [
        [
            26198437,
            26217595
        ]
    ],
    "execute_cost": 19.158000946044922,
    "finish_time": 26217599,
    "limit_cost_by_ms": 7.555666446685791,
    "model_name": "squeezenetv1",
    "recv_time": 26198317,
    "tag": "789",
    "total_cost_by_ms": 19.281999588012695,
    "wait_cost": 0.12399864196777344
}
