{
    "child_model_execute_cost_by_ms": [
        50.31999969482422
    ],
    "child_model_run_time": [
        [
            10590389,
            10640709
        ]
    ],
    "execute_cost": 50.31999969482422,
    "finish_time": 10640716,
    "limit_cost_by_ms": 47.520668029785156,
    "model_name": "vgg19",
    "recv_time": 10590298,
    "tag": "84",
    "total_cost_by_ms": 50.417999267578125,
    "wait_cost": 0.09799957275390625
}
