{
    "child_model_execute_cost_by_ms": [
        45.54100036621094
    ],
    "child_model_run_time": [
        [
            27409036,
            27454577
        ]
    ],
    "execute_cost": 45.54100036621094,
    "finish_time": 27454583,
    "limit_cost_by_ms": 47.520668029785156,
    "model_name": "vgg19",
    "recv_time": 27408945,
    "tag": "842",
    "total_cost_by_ms": 45.63800048828125,
    "wait_cost": 0.0970001220703125
}
