{
    "child_model_execute_cost_by_ms": [
        8.416000366210938
    ],
    "child_model_run_time": [
        [
            27861894,
            27870310
        ]
    ],
    "execute_cost": 8.416000366210938,
    "finish_time": 27870318,
    "limit_cost_by_ms": 7.555666446685791,
    "model_name": "squeezenetv1",
    "recv_time": 27861804,
    "tag": "861",
    "total_cost_by_ms": 8.513999938964844,
    "wait_cost": 0.09799957275390625
}
