{
    "child_model_execute_cost_by_ms": [
        22.695999145507813
    ],
    "child_model_run_time": [
        [
            27935293,
            27957989
        ]
    ],
    "execute_cost": 22.695999145507813,
    "finish_time": 27957997,
    "limit_cost_by_ms": 19.145334243774414,
    "model_name": "resnet50",
    "recv_time": 27935210,
    "tag": "865",
    "total_cost_by_ms": 22.78700065612793,
    "wait_cost": 0.09100151062011719
}
