{
    "child_model_execute_cost_by_ms": [
        19.45199966430664
    ],
    "child_model_run_time": [
        [
            28006018,
            28025470
        ]
    ],
    "execute_cost": 19.45199966430664,
    "finish_time": 28025476,
    "limit_cost_by_ms": 7.555666446685791,
    "model_name": "squeezenetv1",
    "recv_time": 28006005,
    "tag": "867",
    "total_cost_by_ms": 19.47100067138672,
    "wait_cost": 0.019001007080078125
}
