{
    "child_model_execute_cost_by_ms": [
        49.34199905395508
    ],
    "child_model_run_time": [
        [
            28060181,
            28109523
        ]
    ],
    "execute_cost": 49.34199905395508,
    "finish_time": 28109530,
    "limit_cost_by_ms": 47.520668029785156,
    "model_name": "vgg19",
    "recv_time": 28060169,
    "tag": "871",
    "total_cost_by_ms": 49.361000061035156,
    "wait_cost": 0.019001007080078125
}
