{
    "child_model_execute_cost_by_ms": [
        56.6879997253418
    ],
    "child_model_run_time": [
        [
            10675242,
            10731930
        ]
    ],
    "execute_cost": 56.6879997253418,
    "finish_time": 10731937,
    "limit_cost_by_ms": 47.520668029785156,
    "model_name": "vgg19",
    "recv_time": 10671175,
    "tag": "89",
    "total_cost_by_ms": 60.762001037597656,
    "wait_cost": 4.074001312255859
}
