{
    "child_model_execute_cost_by_ms": [
        67.75299835205078
    ],
    "child_model_run_time": [
        [
            28488017,
            28555770
        ]
    ],
    "execute_cost": 67.75299835205078,
    "finish_time": 28555773,
    "limit_cost_by_ms": 7.555666446685791,
    "model_name": "squeezenetv1",
    "recv_time": 28488011,
    "tag": "889",
    "total_cost_by_ms": 67.76200103759766,
    "wait_cost": 0.009002685546875
}
