{
    "child_model_execute_cost_by_ms": [
        56.33599853515625
    ],
    "child_model_run_time": [
        [
            28504378,
            28560714
        ]
    ],
    "execute_cost": 56.33599853515625,
    "finish_time": 28560718,
    "limit_cost_by_ms": 6.285666465759277,
    "model_name": "yolov2",
    "recv_time": 28504368,
    "tag": "891",
    "total_cost_by_ms": 56.349998474121094,
    "wait_cost": 0.01399993896484375
}
