{
    "child_model_execute_cost_by_ms": [
        54.430999755859375
    ],
    "child_model_run_time": [
        [
            29478120,
            29532551
        ]
    ],
    "execute_cost": 54.430999755859375,
    "finish_time": 29532608,
    "limit_cost_by_ms": 19.145334243774414,
    "model_name": "resnet50",
    "recv_time": 29478019,
    "tag": "934",
    "total_cost_by_ms": 54.5890007019043,
    "wait_cost": 0.15800094604492188
}
