{
    "child_model_execute_cost_by_ms": [
        48.14899826049805
    ],
    "child_model_run_time": [
        [
            30081384,
            30129533
        ]
    ],
    "execute_cost": 48.14899826049805,
    "finish_time": 30129539,
    "limit_cost_by_ms": 47.520668029785156,
    "model_name": "vgg19",
    "recv_time": 30081257,
    "tag": "960",
    "total_cost_by_ms": 48.28200149536133,
    "wait_cost": 0.13300323486328125
}
