{
    "child_model_execute_cost_by_ms": [
        33.909000396728516
    ],
    "child_model_run_time": [
        [
            30115609,
            30149518
        ]
    ],
    "execute_cost": 33.909000396728516,
    "finish_time": 30149526,
    "limit_cost_by_ms": 7.555666446685791,
    "model_name": "squeezenetv1",
    "recv_time": 30115500,
    "tag": "962",
    "total_cost_by_ms": 34.0260009765625,
    "wait_cost": 0.11700057983398438
}
