{
    "child_model_execute_cost_by_ms": [
        21.554000854492188
    ],
    "child_model_run_time": [
        [
            30332334,
            30353888
        ]
    ],
    "execute_cost": 21.554000854492188,
    "finish_time": 30353896,
    "limit_cost_by_ms": 19.145334243774414,
    "model_name": "resnet50",
    "recv_time": 30332323,
    "tag": "971",
    "total_cost_by_ms": 21.572999954223633,
    "wait_cost": 0.018999099731445313
}
