{
    "child_model_execute_cost_by_ms": [
        47.194000244140625
    ],
    "child_model_run_time": [
        [
            30818600,
            30865794
        ]
    ],
    "execute_cost": 47.194000244140625,
    "finish_time": 30865801,
    "limit_cost_by_ms": 47.520668029785156,
    "model_name": "vgg19",
    "recv_time": 30818496,
    "tag": "992",
    "total_cost_by_ms": 47.30500030517578,
    "wait_cost": 0.11100006103515625
}
