{
    "child_model_execute_cost_by_ms": [
        54.917999267578125
    ],
    "child_model_run_time": [
        [
            30844534,
            30899452
        ]
    ],
    "execute_cost": 54.917999267578125,
    "finish_time": 30899460,
    "limit_cost_by_ms": 19.145334243774414,
    "model_name": "resnet50",
    "recv_time": 30844438,
    "tag": "993",
    "total_cost_by_ms": 55.02199935913086,
    "wait_cost": 0.10400009155273438
}
