{
    "child_model_execute_cost_by_ms": [
        3.8269999027252197,
        5.510000228881836
    ],
    "child_model_run_time": [
        [
            8674225,
            8678052
        ],
        [
            8678144,
            8683654
        ]
    ],
    "execute_cost": 9.336999893188477,
    "finish_time": 8683660,
    "limit_cost_by_ms": 6.208000183105469,
    "model_name": "yolov2",
    "recv_time": 8667730,
    "tag": "2",
    "total_cost_by_ms": 15.930000305175781,
    "wait_cost": 6.593000411987305
}
