{
    "child_model_execute_cost_by_ms": [
        18.743999481201172,
        17.83300018310547,
        19.788000106811523
    ],
    "child_model_run_time": [
        [
            10566001,
            10584745
        ],
        [
            10584857,
            10602690
        ],
        [
            10602711,
            10622499
        ]
    ],
    "execute_cost": 56.36499786376953,
    "finish_time": 10622508,
    "limit_cost_by_ms": 47.38933181762695,
    "model_name": "vgg19",
    "recv_time": 10539691,
    "tag": "104",
    "total_cost_by_ms": 82.81700134277344,
    "wait_cost": 26.452003479003906
}
