{
    "child_model_execute_cost_by_ms": [
        18.652000427246094,
        17.759000778198242,
        20.304000854492188
    ],
    "child_model_run_time": [
        [
            10793577,
            10812229
        ],
        [
            10812323,
            10830082
        ],
        [
            10830104,
            10850408
        ]
    ],
    "execute_cost": 56.715003967285156,
    "finish_time": 10850414,
    "limit_cost_by_ms": 47.38933181762695,
    "model_name": "vgg19",
    "recv_time": 10786598,
    "tag": "116",
    "total_cost_by_ms": 63.816001892089844,
    "wait_cost": 7.1009979248046875
}
