{
    "child_model_execute_cost_by_ms": [
        18.461000442504883,
        17.256000518798828,
        20.003999710083008
    ],
    "child_model_run_time": [
        [
            10908231,
            10926692
        ],
        [
            10934789,
            10952045
        ],
        [
            10952065,
            10972069
        ]
    ],
    "execute_cost": 55.72100067138672,
    "finish_time": 10972081,
    "limit_cost_by_ms": 47.38933181762695,
    "model_name": "vgg19",
    "recv_time": 10908143,
    "tag": "122",
    "total_cost_by_ms": 63.9379997253418,
    "wait_cost": 8.216999053955078
}
