{
    "child_model_execute_cost_by_ms": [
        10.21399974822998
    ],
    "child_model_run_time": [
        [
            10972208,
            10982422
        ]
    ],
    "execute_cost": 10.21399974822998,
    "finish_time": 10982435,
    "limit_cost_by_ms": 9.148333549499512,
    "model_name": "googlenet",
    "recv_time": 10952207,
    "tag": "124",
    "total_cost_by_ms": 30.22800064086914,
    "wait_cost": 20.013999938964844
}
