{
    "child_model_execute_cost_by_ms": [
        8.182999610900879
    ],
    "child_model_run_time": [
        [
            11075986,
            11084169
        ]
    ],
    "execute_cost": 8.182999610900879,
    "finish_time": 11084186,
    "limit_cost_by_ms": 7.273666858673096,
    "model_name": "squeezenetv1",
    "recv_time": 11059026,
    "tag": "131",
    "total_cost_by_ms": 25.15999984741211,
    "wait_cost": 16.977001190185547
}
