{
    "child_model_execute_cost_by_ms": [
        18.698999404907227,
        18.256000518798828,
        20.354999542236328
    ],
    "child_model_run_time": [
        [
            11277675,
            11296374
        ],
        [
            11296417,
            11314673
        ],
        [
            11314703,
            11335058
        ]
    ],
    "execute_cost": 57.310001373291016,
    "finish_time": 11335072,
    "limit_cost_by_ms": 47.38933181762695,
    "model_name": "vgg19",
    "recv_time": 11250288,
    "tag": "142",
    "total_cost_by_ms": 84.78399658203125,
    "wait_cost": 27.473995208740234
}
