{
    "child_model_execute_cost_by_ms": [
        18.868999481201172,
        19.0939998626709,
        20.264999389648438
    ],
    "child_model_run_time": [
        [
            11619104,
            11637973
        ],
        [
            11660893,
            11679987
        ],
        [
            11680040,
            11700305
        ]
    ],
    "execute_cost": 58.227996826171875,
    "finish_time": 11700314,
    "limit_cost_by_ms": 47.38933181762695,
    "model_name": "vgg19",
    "recv_time": 11601426,
    "tag": "162",
    "total_cost_by_ms": 98.88800048828125,
    "wait_cost": 40.660003662109375
}
