{
    "child_model_execute_cost_by_ms": [
        3.0220000743865967,
        4.257999897003174
    ],
    "child_model_run_time": [
        [
            11728127,
            11731149
        ],
        [
            11731195,
            11735453
        ]
    ],
    "execute_cost": 7.279999732971191,
    "finish_time": 11735463,
    "limit_cost_by_ms": 6.208000183105469,
    "model_name": "yolov2",
    "recv_time": 11728031,
    "tag": "167",
    "total_cost_by_ms": 7.432000160217285,
    "wait_cost": 0.15200042724609375
}
