{
    "child_model_execute_cost_by_ms": [
        13.859999656677246,
        8.692999839782715
    ],
    "child_model_run_time": [
        [
            11735898,
            11749758
        ],
        [
            11758148,
            11766841
        ]
    ],
    "execute_cost": 22.55299949645996,
    "finish_time": 11766850,
    "limit_cost_by_ms": 19.033666610717773,
    "model_name": "resnet50",
    "recv_time": 11735891,
    "tag": "168",
    "total_cost_by_ms": 30.958999633789063,
    "wait_cost": 8.406000137329102
}
