{
    "child_model_execute_cost_by_ms": [
        18.746999740600586,
        17.48699951171875,
        19.78700065612793
    ],
    "child_model_run_time": [
        [
            12261242,
            12279989
        ],
        [
            12280031,
            12297518
        ],
        [
            12297548,
            12317335
        ]
    ],
    "execute_cost": 56.02100372314453,
    "finish_time": 12317346,
    "limit_cost_by_ms": 47.38933181762695,
    "model_name": "vgg19",
    "recv_time": 12261225,
    "tag": "197",
    "total_cost_by_ms": 56.12099838256836,
    "wait_cost": 0.09999465942382813
}
