{
    "child_model_execute_cost_by_ms": [
        19.43199920654297,
        19.118999481201172,
        20.16900062561035
    ],
    "child_model_run_time": [
        [
            12377180,
            12396612
        ],
        [
            12415427,
            12434546
        ],
        [
            12434589,
            12454758
        ]
    ],
    "execute_cost": 58.720001220703125,
    "finish_time": 12454767,
    "limit_cost_by_ms": 47.38933181762695,
    "model_name": "vgg19",
    "recv_time": 12369648,
    "tag": "203",
    "total_cost_by_ms": 85.11900329589844,
    "wait_cost": 26.399002075195313
}
