{
    "child_model_execute_cost_by_ms": [
        2.7060000896453857,
        4.122000217437744
    ],
    "child_model_run_time": [
        [
            13322758,
            13325464
        ],
        [
            13325555,
            13329677
        ]
    ],
    "execute_cost": 6.828000068664551,
    "finish_time": 13329686,
    "limit_cost_by_ms": 6.208000183105469,
    "model_name": "yolov2",
    "recv_time": 13310678,
    "tag": "254",
    "total_cost_by_ms": 19.007999420166016,
    "wait_cost": 12.179999351501465
}
