{
    "child_model_execute_cost_by_ms": [
        8.338000297546387
    ],
    "child_model_run_time": [
        [
            13338730,
            13347068
        ]
    ],
    "execute_cost": 8.338000297546387,
    "finish_time": 13347077,
    "limit_cost_by_ms": 7.273666858673096,
    "model_name": "squeezenetv1",
    "recv_time": 13338719,
    "tag": "255",
    "total_cost_by_ms": 8.357999801635742,
    "wait_cost": 0.01999950408935547
}
