{
    "child_model_execute_cost_by_ms": [
        19.368000030517578,
        17.457000732421875,
        20.805999755859375
    ],
    "child_model_run_time": [
        [
            13356846,
            13376214
        ],
        [
            13376256,
            13393713
        ],
        [
            13401264,
            13422070
        ]
    ],
    "execute_cost": 57.63100051879883,
    "finish_time": 13422077,
    "limit_cost_by_ms": 47.38933181762695,
    "model_name": "vgg19",
    "recv_time": 13347546,
    "tag": "257",
    "total_cost_by_ms": 74.53099822998047,
    "wait_cost": 16.89999771118164
}
