{
    "child_model_execute_cost_by_ms": [
        9.027999877929688
    ],
    "child_model_run_time": [
        [
            13462873,
            13471901
        ]
    ],
    "execute_cost": 9.027999877929688,
    "finish_time": 13471906,
    "limit_cost_by_ms": 9.148333549499512,
    "model_name": "googlenet",
    "recv_time": 13462766,
    "tag": "262",
    "total_cost_by_ms": 9.140000343322754,
    "wait_cost": 0.1120004653930664
}
