{
    "child_model_execute_cost_by_ms": [
        9.065999984741211
    ],
    "child_model_run_time": [
        [
            13827001,
            13836067
        ]
    ],
    "execute_cost": 9.065999984741211,
    "finish_time": 13836076,
    "limit_cost_by_ms": 9.148333549499512,
    "model_name": "googlenet",
    "recv_time": 13826881,
    "tag": "282",
    "total_cost_by_ms": 9.194999694824219,
    "wait_cost": 0.1289997100830078
}
