{
    "child_model_execute_cost_by_ms": [
        3.5139999389648438,
        5.451000213623047
    ],
    "child_model_run_time": [
        [
            8718067,
            8721581
        ],
        [
            8721672,
            8727123
        ]
    ],
    "execute_cost": 8.96500015258789,
    "finish_time": 8727143,
    "limit_cost_by_ms": 6.208000183105469,
    "model_name": "yolov2",
    "recv_time": 8715729,
    "tag": "6",
    "total_cost_by_ms": 11.413999557495117,
    "wait_cost": 2.4489994049072266
}
