{
    "child_model_execute_cost_by_ms": [
        9.277999877929688
    ],
    "child_model_run_time": [
        [
            14660045,
            14669323
        ]
    ],
    "execute_cost": 9.277999877929688,
    "finish_time": 14669329,
    "limit_cost_by_ms": 9.148333549499512,
    "model_name": "googlenet",
    "recv_time": 14651020,
    "tag": "327",
    "total_cost_by_ms": 18.30900001525879,
    "wait_cost": 9.031000137329102
}
