{
    "child_model_execute_cost_by_ms": [
        18.895999908447266,
        17.694000244140625,
        19.503000259399414
    ],
    "child_model_run_time": [
        [
            14677688,
            14696584
        ],
        [
            14704952,
            14722646
        ],
        [
            14722743,
            14742246
        ]
    ],
    "execute_cost": 56.09300231933594,
    "finish_time": 14742257,
    "limit_cost_by_ms": 47.38933181762695,
    "model_name": "vgg19",
    "recv_time": 14677560,
    "tag": "329",
    "total_cost_by_ms": 64.6969985961914,
    "wait_cost": 8.603996276855469
}
