{
    "child_model_execute_cost_by_ms": [
        8.237000465393066
    ],
    "child_model_run_time": [
        [
            14785517,
            14793754
        ]
    ],
    "execute_cost": 8.237000465393066,
    "finish_time": 14793765,
    "limit_cost_by_ms": 7.273666858673096,
    "model_name": "squeezenetv1",
    "recv_time": 14785374,
    "tag": "334",
    "total_cost_by_ms": 8.390999794006348,
    "wait_cost": 0.15399932861328125
}
