{
    "child_model_execute_cost_by_ms": [
        8.321999549865723
    ],
    "child_model_run_time": [
        [
            14909361,
            14917683
        ]
    ],
    "execute_cost": 8.321999549865723,
    "finish_time": 14917693,
    "limit_cost_by_ms": 7.273666858673096,
    "model_name": "squeezenetv1",
    "recv_time": 14909343,
    "tag": "341",
    "total_cost_by_ms": 8.350000381469727,
    "wait_cost": 0.028000831604003906
}
