{
    "child_model_execute_cost_by_ms": [
        7.63100004196167
    ],
    "child_model_run_time": [
        [
            15082032,
            15089663
        ]
    ],
    "execute_cost": 7.63100004196167,
    "finish_time": 15089672,
    "limit_cost_by_ms": 7.273666858673096,
    "model_name": "squeezenetv1",
    "recv_time": 15065421,
    "tag": "350",
    "total_cost_by_ms": 24.250999450683594,
    "wait_cost": 16.619998931884766
}
