{
    "child_model_execute_cost_by_ms": [
        3.184000015258789,
        4.4079999923706055
    ],
    "child_model_run_time": [
        [
            15395792,
            15398976
        ],
        [
            15399032,
            15403440
        ]
    ],
    "execute_cost": 7.5920000076293945,
    "finish_time": 15403447,
    "limit_cost_by_ms": 6.208000183105469,
    "model_name": "yolov2",
    "recv_time": 15395775,
    "tag": "367",
    "total_cost_by_ms": 7.671999931335449,
    "wait_cost": 0.07999992370605469
}
