{
    "child_model_execute_cost_by_ms": [
        19.281999588012695,
        17.753000259399414,
        20.39699935913086
    ],
    "child_model_run_time": [
        [
            15905191,
            15924473
        ],
        [
            15924576,
            15942329
        ],
        [
            15942420,
            15962817
        ]
    ],
    "execute_cost": 57.43199920654297,
    "finish_time": 15962823,
    "limit_cost_by_ms": 47.38933181762695,
    "model_name": "vgg19",
    "recv_time": 15897715,
    "tag": "396",
    "total_cost_by_ms": 65.10800170898438,
    "wait_cost": 7.676002502441406
}
