{
    "child_model_execute_cost_by_ms": [
        15.262999534606934,
        9.100000381469727
    ],
    "child_model_run_time": [
        [
            15971800,
            15987063
        ],
        [
            15987174,
            15996274
        ]
    ],
    "execute_cost": 24.362998962402344,
    "finish_time": 15996283,
    "limit_cost_by_ms": 19.033666610717773,
    "model_name": "resnet50",
    "recv_time": 15954482,
    "tag": "398",
    "total_cost_by_ms": 41.80099868774414,
    "wait_cost": 17.437999725341797
}
