{
    "child_model_execute_cost_by_ms": [
        8.371999740600586
    ],
    "child_model_run_time": [
        [
            16249486,
            16257858
        ]
    ],
    "execute_cost": 8.371999740600586,
    "finish_time": 16257870,
    "limit_cost_by_ms": 7.273666858673096,
    "model_name": "squeezenetv1",
    "recv_time": 16249378,
    "tag": "413",
    "total_cost_by_ms": 8.491999626159668,
    "wait_cost": 0.11999988555908203
}
