{
    "child_model_execute_cost_by_ms": [
        14.890999794006348,
        9.36299991607666
    ],
    "child_model_run_time": [
        [
            16303810,
            16318701
        ],
        [
            16326598,
            16335961
        ]
    ],
    "execute_cost": 24.253999710083008,
    "finish_time": 16335973,
    "limit_cost_by_ms": 19.033666610717773,
    "model_name": "resnet50",
    "recv_time": 16286063,
    "tag": "418",
    "total_cost_by_ms": 49.90999984741211,
    "wait_cost": 25.6560001373291
}
