{
    "child_model_execute_cost_by_ms": [
        9.418999671936035
    ],
    "child_model_run_time": [
        [
            16714029,
            16723448
        ]
    ],
    "execute_cost": 9.418999671936035,
    "finish_time": 16723459,
    "limit_cost_by_ms": 9.148333549499512,
    "model_name": "googlenet",
    "recv_time": 16697694,
    "tag": "439",
    "total_cost_by_ms": 25.764999389648438,
    "wait_cost": 16.34600067138672
}
