{
    "child_model_execute_cost_by_ms": [
        19.226999282836914,
        18.884000778198242,
        20.72599983215332
    ],
    "child_model_run_time": [
        [
            16761323,
            16780550
        ],
        [
            16830459,
            16849343
        ],
        [
            16849390,
            16870116
        ]
    ],
    "execute_cost": 58.836997985839844,
    "finish_time": 16870127,
    "limit_cost_by_ms": 47.38933181762695,
    "model_name": "vgg19",
    "recv_time": 16761213,
    "tag": "442",
    "total_cost_by_ms": 108.91400146484375,
    "wait_cost": 50.077003479003906
}
