{
    "child_model_execute_cost_by_ms": [
        8.788000106811523
    ],
    "child_model_run_time": [
        [
            17240897,
            17249685
        ]
    ],
    "execute_cost": 8.788000106811523,
    "finish_time": 17249694,
    "limit_cost_by_ms": 7.273666858673096,
    "model_name": "squeezenetv1",
    "recv_time": 17227857,
    "tag": "467",
    "total_cost_by_ms": 21.836999893188477,
    "wait_cost": 13.048999786376953
}
