{
    "child_model_execute_cost_by_ms": [
        9.6899995803833
    ],
    "child_model_run_time": [
        [
            17607487,
            17617177
        ]
    ],
    "execute_cost": 9.6899995803833,
    "finish_time": 17617183,
    "limit_cost_by_ms": 9.148333549499512,
    "model_name": "googlenet",
    "recv_time": 17599427,
    "tag": "487",
    "total_cost_by_ms": 17.756000518798828,
    "wait_cost": 8.066000938415527
}
