{
    "child_model_execute_cost_by_ms": [
        8.1899995803833
    ],
    "child_model_run_time": [
        [
            17662318,
            17670508
        ]
    ],
    "execute_cost": 8.1899995803833,
    "finish_time": 17670522,
    "limit_cost_by_ms": 7.273666858673096,
    "model_name": "squeezenetv1",
    "recv_time": 17651921,
    "tag": "490",
    "total_cost_by_ms": 18.60099983215332,
    "wait_cost": 10.41100025177002
}
