{
    "child_model_execute_cost_by_ms": [
        8.284000396728516
    ],
    "child_model_run_time": [
        [
            9624158,
            9632442
        ]
    ],
    "execute_cost": 8.284000396728516,
    "finish_time": 9632458,
    "limit_cost_by_ms": 7.273666858673096,
    "model_name": "squeezenetv1",
    "recv_time": 9612971,
    "tag": "52",
    "total_cost_by_ms": 19.48699951171875,
    "wait_cost": 11.202999114990234
}
