{
    "child_model_execute_cost_by_ms": [
        8.513999938964844
    ],
    "child_model_run_time": [
        [
            18531276,
            18539790
        ]
    ],
    "execute_cost": 8.513999938964844,
    "finish_time": 18539802,
    "limit_cost_by_ms": 7.273666858673096,
    "model_name": "squeezenetv1",
    "recv_time": 18513283,
    "tag": "538",
    "total_cost_by_ms": 26.518999099731445,
    "wait_cost": 18.0049991607666
}
