{
    "child_model_execute_cost_by_ms": [
        3.2260000705718994,
        4.668000221252441
    ],
    "child_model_run_time": [
        [
            18707206,
            18710432
        ],
        [
            18710479,
            18715147
        ]
    ],
    "execute_cost": 7.894000053405762,
    "finish_time": 18715155,
    "limit_cost_by_ms": 6.208000183105469,
    "model_name": "yolov2",
    "recv_time": 18697377,
    "tag": "546",
    "total_cost_by_ms": 17.777999877929688,
    "wait_cost": 9.883999824523926
}
