{
    "child_model_execute_cost_by_ms": [
        18.770000457763672,
        17.429000854492188,
        20.17099952697754
    ],
    "child_model_run_time": [
        [
            18766408,
            18785178
        ],
        [
            18785232,
            18802661
        ],
        [
            18802752,
            18822923
        ]
    ],
    "execute_cost": 56.37000274658203,
    "finish_time": 18822934,
    "limit_cost_by_ms": 47.38933181762695,
    "model_name": "vgg19",
    "recv_time": 18753155,
    "tag": "551",
    "total_cost_by_ms": 69.77899932861328,
    "wait_cost": 13.40899658203125
}
