{
    "child_model_execute_cost_by_ms": [
        9.461999893188477
    ],
    "child_model_run_time": [
        [
            19156082,
            19165544
        ]
    ],
    "execute_cost": 9.461999893188477,
    "finish_time": 19165554,
    "limit_cost_by_ms": 9.148333549499512,
    "model_name": "googlenet",
    "recv_time": 19151474,
    "tag": "570",
    "total_cost_by_ms": 14.079999923706055,
    "wait_cost": 4.618000030517578
}
