{
    "child_model_execute_cost_by_ms": [
        19.450000762939453,
        18.666000366210938,
        20.79599952697754
    ],
    "child_model_run_time": [
        [
            19361869,
            19381319
        ],
        [
            19389418,
            19408084
        ],
        [
            19416043,
            19436839
        ]
    ],
    "execute_cost": 58.91200256347656,
    "finish_time": 19436847,
    "limit_cost_by_ms": 47.38933181762695,
    "model_name": "vgg19",
    "recv_time": 19346056,
    "tag": "582",
    "total_cost_by_ms": 90.79100036621094,
    "wait_cost": 31.878997802734375
}
