{
    "child_model_execute_cost_by_ms": [
        9.84000015258789
    ],
    "child_model_run_time": [
        [
            19436959,
            19446799
        ]
    ],
    "execute_cost": 9.84000015258789,
    "finish_time": 19446808,
    "limit_cost_by_ms": 9.148333549499512,
    "model_name": "googlenet",
    "recv_time": 19427616,
    "tag": "585",
    "total_cost_by_ms": 19.191999435424805,
    "wait_cost": 9.351999282836914
}
