{
    "child_model_execute_cost_by_ms": [
        8.57800006866455
    ],
    "child_model_run_time": [
        [
            19564452,
            19573030
        ]
    ],
    "execute_cost": 8.57800006866455,
    "finish_time": 19573039,
    "limit_cost_by_ms": 7.273666858673096,
    "model_name": "squeezenetv1",
    "recv_time": 19556641,
    "tag": "592",
    "total_cost_by_ms": 16.398000717163086,
    "wait_cost": 7.820000648498535
}
