{
    "child_model_execute_cost_by_ms": [
        9.27400016784668
    ],
    "child_model_run_time": [
        [
            19816199,
            19825473
        ]
    ],
    "execute_cost": 9.27400016784668,
    "finish_time": 19825482,
    "limit_cost_by_ms": 9.148333549499512,
    "model_name": "googlenet",
    "recv_time": 19816193,
    "tag": "606",
    "total_cost_by_ms": 9.288999557495117,
    "wait_cost": 0.0149993896484375
}
