{
    "child_model_execute_cost_by_ms": [
        9.850000381469727
    ],
    "child_model_run_time": [
        [
            19932728,
            19942578
        ]
    ],
    "execute_cost": 9.850000381469727,
    "finish_time": 19942586,
    "limit_cost_by_ms": 9.148333549499512,
    "model_name": "googlenet",
    "recv_time": 19932721,
    "tag": "612",
    "total_cost_by_ms": 9.864999771118164,
    "wait_cost": 0.0149993896484375
}
