{
    "child_model_execute_cost_by_ms": [
        2.9100000858306885,
        4.389999866485596
    ],
    "child_model_run_time": [
        [
            20186478,
            20189388
        ],
        [
            20189430,
            20193820
        ]
    ],
    "execute_cost": 7.300000190734863,
    "finish_time": 20193826,
    "limit_cost_by_ms": 6.208000183105469,
    "model_name": "yolov2",
    "recv_time": 20186331,
    "tag": "626",
    "total_cost_by_ms": 7.494999885559082,
    "wait_cost": 0.19499969482421875
}
