{
    "child_model_execute_cost_by_ms": [
        9.17300033569336
    ],
    "child_model_run_time": [
        [
            20194518,
            20203691
        ]
    ],
    "execute_cost": 9.17300033569336,
    "finish_time": 20203700,
    "limit_cost_by_ms": 9.148333549499512,
    "model_name": "googlenet",
    "recv_time": 20194394,
    "tag": "627",
    "total_cost_by_ms": 9.305999755859375,
    "wait_cost": 0.13299942016601563
}
