{
    "child_model_execute_cost_by_ms": [
        19.17799949645996,
        19.722000122070313,
        21.312000274658203
    ],
    "child_model_run_time": [
        [
            20204323,
            20223501
        ],
        [
            20256154,
            20275876
        ],
        [
            20283945,
            20305257
        ]
    ],
    "execute_cost": 60.21200180053711,
    "finish_time": 20305268,
    "limit_cost_by_ms": 47.38933181762695,
    "model_name": "vgg19",
    "recv_time": 20204152,
    "tag": "628",
    "total_cost_by_ms": 101.11599731445313,
    "wait_cost": 40.903995513916016
}
