{
    "child_model_execute_cost_by_ms": [
        3.240999937057495,
        4.794000148773193
    ],
    "child_model_run_time": [
        [
            20324096,
            20327337
        ],
        [
            20327387,
            20332181
        ]
    ],
    "execute_cost": 8.03499984741211,
    "finish_time": 20332191,
    "limit_cost_by_ms": 6.208000183105469,
    "model_name": "yolov2",
    "recv_time": 20324001,
    "tag": "634",
    "total_cost_by_ms": 8.1899995803833,
    "wait_cost": 0.1549997329711914
}
