{
    "child_model_execute_cost_by_ms": [
        8.449999809265137
    ],
    "child_model_run_time": [
        [
            20553425,
            20561875
        ]
    ],
    "execute_cost": 8.449999809265137,
    "finish_time": 20561893,
    "limit_cost_by_ms": 7.273666858673096,
    "model_name": "squeezenetv1",
    "recv_time": 20553315,
    "tag": "645",
    "total_cost_by_ms": 8.57800006866455,
    "wait_cost": 0.12800025939941406
}
