{
    "child_model_execute_cost_by_ms": [
        15.961999893188477,
        9.538999557495117
    ],
    "child_model_run_time": [
        [
            20616368,
            20632330
        ],
        [
            20649220,
            20658759
        ]
    ],
    "execute_cost": 25.500999450683594,
    "finish_time": 20658770,
    "limit_cost_by_ms": 19.033666610717773,
    "model_name": "resnet50",
    "recv_time": 20606688,
    "tag": "649",
    "total_cost_by_ms": 52.082000732421875,
    "wait_cost": 26.58100128173828
}
