{
    "child_model_execute_cost_by_ms": [
        18.714000701904297,
        17.41900062561035,
        20.12299919128418
    ],
    "child_model_run_time": [
        [
            20820111,
            20838825
        ],
        [
            20838918,
            20856337
        ],
        [
            20856431,
            20876554
        ]
    ],
    "execute_cost": 56.256004333496094,
    "finish_time": 20876559,
    "limit_cost_by_ms": 47.38933181762695,
    "model_name": "vgg19",
    "recv_time": 20820092,
    "tag": "660",
    "total_cost_by_ms": 56.46699905395508,
    "wait_cost": 0.21099472045898438
}
