{
    "child_model_execute_cost_by_ms": [
        10.04699993133545
    ],
    "child_model_run_time": [
        [
            21011047,
            21021094
        ]
    ],
    "execute_cost": 10.04699993133545,
    "finish_time": 21021101,
    "limit_cost_by_ms": 9.148333549499512,
    "model_name": "googlenet",
    "recv_time": 21003139,
    "tag": "669",
    "total_cost_by_ms": 17.961999893188477,
    "wait_cost": 7.914999961853027
}
