{
    "child_model_execute_cost_by_ms": [
        7.818999767303467
    ],
    "child_model_run_time": [
        [
            21258548,
            21266367
        ]
    ],
    "execute_cost": 7.818999767303467,
    "finish_time": 21266379,
    "limit_cost_by_ms": 7.273666858673096,
    "model_name": "squeezenetv1",
    "recv_time": 21258357,
    "tag": "682",
    "total_cost_by_ms": 8.022000312805176,
    "wait_cost": 0.20300054550170898
}
