{
    "child_model_execute_cost_by_ms": [
        8.276000022888184
    ],
    "child_model_run_time": [
        [
            21539230,
            21547506
        ]
    ],
    "execute_cost": 8.276000022888184,
    "finish_time": 21547517,
    "limit_cost_by_ms": 7.273666858673096,
    "model_name": "squeezenetv1",
    "recv_time": 21539109,
    "tag": "698",
    "total_cost_by_ms": 8.407999992370605,
    "wait_cost": 0.13199996948242188
}
