{
    "child_model_execute_cost_by_ms": [
        8.201000213623047
    ],
    "child_model_run_time": [
        [
            21622496,
            21630697
        ]
    ],
    "execute_cost": 8.201000213623047,
    "finish_time": 21630707,
    "limit_cost_by_ms": 7.273666858673096,
    "model_name": "squeezenetv1",
    "recv_time": 21612396,
    "tag": "702",
    "total_cost_by_ms": 18.31100082397461,
    "wait_cost": 10.110000610351563
}
