{
    "child_model_execute_cost_by_ms": [
        8.142000198364258
    ],
    "child_model_run_time": [
        [
            21907293,
            21915435
        ]
    ],
    "execute_cost": 8.142000198364258,
    "finish_time": 21915444,
    "limit_cost_by_ms": 7.273666858673096,
    "model_name": "squeezenetv1",
    "recv_time": 21907107,
    "tag": "718",
    "total_cost_by_ms": 8.336999893188477,
    "wait_cost": 0.19499969482421875
}
