{
    "child_model_execute_cost_by_ms": [
        19.18199920654297,
        17.81800079345703,
        20.222999572753906
    ],
    "child_model_run_time": [
        [
            22043472,
            22062654
        ],
        [
            22062755,
            22080573
        ],
        [
            22080662,
            22100885
        ]
    ],
    "execute_cost": 57.222999572753906,
    "finish_time": 22100894,
    "limit_cost_by_ms": 47.38933181762695,
    "model_name": "vgg19",
    "recv_time": 22043460,
    "tag": "726",
    "total_cost_by_ms": 57.433998107910156,
    "wait_cost": 0.21099853515625
}
