{
    "child_model_execute_cost_by_ms": [
        8.531999588012695
    ],
    "child_model_run_time": [
        [
            22328133,
            22336665
        ]
    ],
    "execute_cost": 8.531999588012695,
    "finish_time": 22336678,
    "limit_cost_by_ms": 7.273666858673096,
    "model_name": "squeezenetv1",
    "recv_time": 22324999,
    "tag": "740",
    "total_cost_by_ms": 11.678999900817871,
    "wait_cost": 3.147000312805176
}
