{
    "child_model_execute_cost_by_ms": [
        18.785999298095703,
        17.551000595092773,
        21.077999114990234
    ],
    "child_model_run_time": [
        [
            22291579,
            22310365
        ],
        [
            22310466,
            22328017
        ],
        [
            22369713,
            22390791
        ]
    ],
    "execute_cost": 57.41499710083008,
    "finish_time": 22390801,
    "limit_cost_by_ms": 47.38933181762695,
    "model_name": "vgg19",
    "recv_time": 22291399,
    "tag": "739",
    "total_cost_by_ms": 99.4020004272461,
    "wait_cost": 41.987003326416016
}
