{
    "child_model_execute_cost_by_ms": [
        9.263999938964844
    ],
    "child_model_run_time": [
        [
            22391296,
            22400560
        ]
    ],
    "execute_cost": 9.263999938964844,
    "finish_time": 22400569,
    "limit_cost_by_ms": 9.148333549499512,
    "model_name": "googlenet",
    "recv_time": 22391172,
    "tag": "743",
    "total_cost_by_ms": 9.397000312805176,
    "wait_cost": 0.13300037384033203
}
