{
    "child_model_execute_cost_by_ms": [
        8.213000297546387
    ],
    "child_model_run_time": [
        [
            22401096,
            22409309
        ]
    ],
    "execute_cost": 8.213000297546387,
    "finish_time": 22409318,
    "limit_cost_by_ms": 7.273666858673096,
    "model_name": "squeezenetv1",
    "recv_time": 22400930,
    "tag": "744",
    "total_cost_by_ms": 8.387999534606934,
    "wait_cost": 0.17499923706054688
}
