{
    "child_model_execute_cost_by_ms": [
        9.781000137329102
    ],
    "child_model_run_time": [
        [
            22518142,
            22527923
        ]
    ],
    "execute_cost": 9.781000137329102,
    "finish_time": 22527929,
    "limit_cost_by_ms": 9.148333549499512,
    "model_name": "googlenet",
    "recv_time": 22506590,
    "tag": "750",
    "total_cost_by_ms": 21.339000701904297,
    "wait_cost": 11.558000564575195
}
