{
    "child_model_execute_cost_by_ms": [
        14.12399959564209,
        8.916000366210938
    ],
    "child_model_run_time": [
        [
            23183649,
            23197773
        ],
        [
            23197819,
            23206735
        ]
    ],
    "execute_cost": 23.040000915527344,
    "finish_time": 23206747,
    "limit_cost_by_ms": 19.033666610717773,
    "model_name": "resnet50",
    "recv_time": 23181745,
    "tag": "787",
    "total_cost_by_ms": 25.00200080871582,
    "wait_cost": 1.9619998931884766
}
