{
    "child_model_execute_cost_by_ms": [
        3.2170000076293945,
        4.677000045776367
    ],
    "child_model_run_time": [
        [
            23256441,
            23259658
        ],
        [
            23259708,
            23264385
        ]
    ],
    "execute_cost": 7.894000053405762,
    "finish_time": 23264395,
    "limit_cost_by_ms": 6.208000183105469,
    "model_name": "yolov2",
    "recv_time": 23256336,
    "tag": "789",
    "total_cost_by_ms": 8.059000015258789,
    "wait_cost": 0.16499996185302734
}
