{
    "child_model_execute_cost_by_ms": [
        3.11299991607666,
        4.531000137329102
    ],
    "child_model_run_time": [
        [
            23787809,
            23790922
        ],
        [
            23790960,
            23795491
        ]
    ],
    "execute_cost": 7.644000053405762,
    "finish_time": 23795502,
    "limit_cost_by_ms": 6.208000183105469,
    "model_name": "yolov2",
    "recv_time": 23780125,
    "tag": "820",
    "total_cost_by_ms": 15.376999855041504,
    "wait_cost": 7.732999801635742
}
