{
    "child_model_execute_cost_by_ms": [
        9.692000389099121
    ],
    "child_model_run_time": [
        [
            23977020,
            23986712
        ]
    ],
    "execute_cost": 9.692000389099121,
    "finish_time": 23986721,
    "limit_cost_by_ms": 9.148333549499512,
    "model_name": "googlenet",
    "recv_time": 23976888,
    "tag": "828",
    "total_cost_by_ms": 9.833000183105469,
    "wait_cost": 0.14099979400634766
}
