{
    "child_model_execute_cost_by_ms": [
        8.16100025177002
    ],
    "child_model_run_time": [
        [
            24286178,
            24294339
        ]
    ],
    "execute_cost": 8.16100025177002,
    "finish_time": 24294351,
    "limit_cost_by_ms": 7.273666858673096,
    "model_name": "squeezenetv1",
    "recv_time": 24273465,
    "tag": "847",
    "total_cost_by_ms": 20.88599967956543,
    "wait_cost": 12.72499942779541
}
