{
    "child_model_execute_cost_by_ms": [
        18.75,
        19.19700050354004,
        20.5939998626709
    ],
    "child_model_run_time": [
        [
            24369522,
            24388272
        ],
        [
            24411217,
            24430414
        ],
        [
            24448716,
            24469310
        ]
    ],
    "execute_cost": 58.54100036621094,
    "finish_time": 24469320,
    "limit_cost_by_ms": 47.38933181762695,
    "model_name": "vgg19",
    "recv_time": 24369344,
    "tag": "851",
    "total_cost_by_ms": 99.97599792480469,
    "wait_cost": 41.43499755859375
}
