{
    "child_model_execute_cost_by_ms": [
        8.03499984741211
    ],
    "child_model_run_time": [
        [
            10278477,
            10286512
        ]
    ],
    "execute_cost": 8.03499984741211,
    "finish_time": 10286521,
    "limit_cost_by_ms": 7.273666858673096,
    "model_name": "squeezenetv1",
    "recv_time": 10278267,
    "tag": "87",
    "total_cost_by_ms": 8.253999710083008,
    "wait_cost": 0.21899986267089844
}
