{
    "child_model_execute_cost_by_ms": [
        8.446000099182129
    ],
    "child_model_run_time": [
        [
            24837635,
            24846081
        ]
    ],
    "execute_cost": 8.446000099182129,
    "finish_time": 24846090,
    "limit_cost_by_ms": 7.273666858673096,
    "model_name": "squeezenetv1",
    "recv_time": 24827894,
    "tag": "875",
    "total_cost_by_ms": 18.195999145507813,
    "wait_cost": 9.749999046325684
}
