{
    "child_model_execute_cost_by_ms": [
        2.9040000438690186,
        4.117000102996826
    ],
    "child_model_run_time": [
        [
            25081592,
            25084496
        ],
        [
            25084606,
            25088723
        ]
    ],
    "execute_cost": 7.020999908447266,
    "finish_time": 25088728,
    "limit_cost_by_ms": 6.208000183105469,
    "model_name": "yolov2",
    "recv_time": 25081579,
    "tag": "888",
    "total_cost_by_ms": 7.14900016784668,
    "wait_cost": 0.12800025939941406
}
