{
    "child_model_execute_cost_by_ms": [
        8.125
    ],
    "child_model_run_time": [
        [
            25208849,
            25216974
        ]
    ],
    "execute_cost": 8.125,
    "finish_time": 25216984,
    "limit_cost_by_ms": 7.273666858673096,
    "model_name": "squeezenetv1",
    "recv_time": 25208751,
    "tag": "895",
    "total_cost_by_ms": 8.232999801635742,
    "wait_cost": 0.10799980163574219
}
