{
    "child_model_execute_cost_by_ms": [
        8.12600040435791
    ],
    "child_model_run_time": [
        [
            8830064,
            8838190
        ]
    ],
    "execute_cost": 8.12600040435791,
    "finish_time": 8838198,
    "limit_cost_by_ms": 7.273666858673096,
    "model_name": "squeezenetv1",
    "recv_time": 8829940,
    "tag": "10",
    "total_cost_by_ms": 8.258000373840332,
    "wait_cost": 0.13199996948242188
}
