{
    "child_model_execute_cost_by_ms": [
        18.868999481201172,
        18.10099983215332,
        20.142000198364258
    ],
    "child_model_run_time": [
        [
            10317303,
            10336172
        ],
        [
            10336216,
            10354317
        ],
        [
            10362809,
            10382951
        ]
    ],
    "execute_cost": 57.11199951171875,
    "finish_time": 10382961,
    "limit_cost_by_ms": 47.38933181762695,
    "model_name": "vgg19",
    "recv_time": 10312515,
    "tag": "90",
    "total_cost_by_ms": 70.44599914550781,
    "wait_cost": 13.333999633789063
}
