{
    "child_model_execute_cost_by_ms": [
        19.15999984741211,
        18.996000289916992,
        20.757999420166016
    ],
    "child_model_run_time": [
        [
            25704481,
            25723641
        ],
        [
            25763848,
            25782844
        ],
        [
            25792876,
            25813634
        ]
    ],
    "execute_cost": 58.913997650146484,
    "finish_time": 25813642,
    "limit_cost_by_ms": 47.38933181762695,
    "model_name": "vgg19",
    "recv_time": 25704360,
    "tag": "922",
    "total_cost_by_ms": 109.28199768066406,
    "wait_cost": 50.36800003051758
}
