{
    "child_model_execute_cost_by_ms": [
        13.859000205993652,
        8.456000328063965
    ],
    "child_model_run_time": [
        [
            10409864,
            10423723
        ],
        [
            10423767,
            10432223
        ]
    ],
    "execute_cost": 22.315000534057617,
    "finish_time": 10432231,
    "limit_cost_by_ms": 19.033666610717773,
    "model_name": "resnet50",
    "recv_time": 10409736,
    "tag": "95",
    "total_cost_by_ms": 22.4950008392334,
    "wait_cost": 0.18000030517578125
}
