{
    "child_model_execute_cost_by_ms": [
        10.265000343322754
    ],
    "child_model_run_time": [
        [
            26299710,
            26309975
        ]
    ],
    "execute_cost": 10.265000343322754,
    "finish_time": 26309986,
    "limit_cost_by_ms": 9.148333549499512,
    "model_name": "googlenet",
    "recv_time": 26285102,
    "tag": "953",
    "total_cost_by_ms": 24.884000778198242,
    "wait_cost": 14.619000434875488
}
