{
    "child_model_execute_cost_by_ms": [
        9.755999565124512
    ],
    "child_model_run_time": [
        [
            26421194,
            26430950
        ]
    ],
    "execute_cost": 9.755999565124512,
    "finish_time": 26430958,
    "limit_cost_by_ms": 9.148333549499512,
    "model_name": "googlenet",
    "recv_time": 26399356,
    "tag": "959",
    "total_cost_by_ms": 31.601999282836914,
    "wait_cost": 21.84600067138672
}
