{
    "child_model_execute_cost_by_ms": [
        19.191999435424805,
        17.933000564575195,
        20.618999481201172
    ],
    "child_model_run_time": [
        [
            26725320,
            26744512
        ],
        [
            26744609,
            26762542
        ],
        [
            26762593,
            26783212
        ]
    ],
    "execute_cost": 57.74399948120117,
    "finish_time": 26783217,
    "limit_cost_by_ms": 47.38933181762695,
    "model_name": "vgg19",
    "recv_time": 26703954,
    "tag": "977",
    "total_cost_by_ms": 79.26300048828125,
    "wait_cost": 21.519001007080078
}
