{
    "child_model_execute_cost_by_ms": [
        43.89899826049805
    ],
    "child_model_run_time": [
        [
            10868982,
            10912881
        ]
    ],
    "execute_cost": 43.89899826049805,
    "finish_time": 10912893,
    "limit_cost_by_ms": 47.40133285522461,
    "model_name": "vgg19",
    "recv_time": 10868882,
    "tag": "108",
    "total_cost_by_ms": 44.01100158691406,
    "wait_cost": 0.11200332641601563
}
