{
    "child_model_execute_cost_by_ms": [
        8.723999977111816
    ],
    "child_model_run_time": [
        [
            9034736,
            9043460
        ]
    ],
    "execute_cost": 8.723999977111816,
    "finish_time": 9043470,
    "limit_cost_by_ms": 7.294333457946777,
    "model_name": "squeezenetv1",
    "recv_time": 8998092,
    "tag": "15",
    "total_cost_by_ms": 45.37799835205078,
    "wait_cost": 36.65399932861328
}
