{
    "child_model_execute_cost_by_ms": [
        6.695000171661377
    ],
    "child_model_run_time": [
        [
            9043871,
            9050566
        ]
    ],
    "execute_cost": 6.695000171661377,
    "finish_time": 9050577,
    "limit_cost_by_ms": 6.224999904632568,
    "model_name": "yolov2",
    "recv_time": 9043858,
    "tag": "16",
    "total_cost_by_ms": 6.718999862670898,
    "wait_cost": 0.023999691009521484
}
