{
    "child_model_execute_cost_by_ms": [
        20.517000198364258
    ],
    "child_model_run_time": [
        [
            9096341,
            9116858
        ]
    ],
    "execute_cost": 20.517000198364258,
    "finish_time": 9116869,
    "limit_cost_by_ms": 19.116666793823242,
    "model_name": "resnet50",
    "recv_time": 9060317,
    "tag": "18",
    "total_cost_by_ms": 56.551998138427734,
    "wait_cost": 36.034996032714844
}
