{
    "child_model_execute_cost_by_ms": [
        46.566001892089844
    ],
    "child_model_run_time": [
        [
            12240744,
            12287310
        ]
    ],
    "execute_cost": 46.566001892089844,
    "finish_time": 12287318,
    "limit_cost_by_ms": 47.40133285522461,
    "model_name": "vgg19",
    "recv_time": 12233894,
    "tag": "177",
    "total_cost_by_ms": 53.42399978637695,
    "wait_cost": 6.857997894287109
}
