{
    "child_model_execute_cost_by_ms": [
        11.265999794006348
    ],
    "child_model_run_time": [
        [
            12929703,
            12940969
        ]
    ],
    "execute_cost": 11.265999794006348,
    "finish_time": 12940984,
    "limit_cost_by_ms": 9.048999786376953,
    "model_name": "googlenet",
    "recv_time": 12895092,
    "tag": "210",
    "total_cost_by_ms": 45.891998291015625,
    "wait_cost": 34.625999450683594
}
