{
    "child_model_execute_cost_by_ms": [
        46.409000396728516
    ],
    "child_model_run_time": [
        [
            13044630,
            13091039
        ]
    ],
    "execute_cost": 46.409000396728516,
    "finish_time": 13091048,
    "limit_cost_by_ms": 47.40133285522461,
    "model_name": "vgg19",
    "recv_time": 13044527,
    "tag": "217",
    "total_cost_by_ms": 46.520999908447266,
    "wait_cost": 0.11199951171875
}
