{
    "child_model_execute_cost_by_ms": [
        8.916999816894531
    ],
    "child_model_run_time": [
        [
            9189410,
            9198327
        ]
    ],
    "execute_cost": 8.916999816894531,
    "finish_time": 9198335,
    "limit_cost_by_ms": 7.294333457946777,
    "model_name": "squeezenetv1",
    "recv_time": 9185197,
    "tag": "23",
    "total_cost_by_ms": 13.137999534606934,
    "wait_cost": 4.220999717712402
}
