{
    "child_model_execute_cost_by_ms": [
        7.748000144958496
    ],
    "child_model_run_time": [
        [
            13580137,
            13587885
        ]
    ],
    "execute_cost": 7.748000144958496,
    "finish_time": 13587899,
    "limit_cost_by_ms": 6.224999904632568,
    "model_name": "yolov2",
    "recv_time": 13518352,
    "tag": "242",
    "total_cost_by_ms": 69.5469970703125,
    "wait_cost": 61.79899597167969
}
