{
    "child_model_execute_cost_by_ms": [
        7.140999794006348
    ],
    "child_model_run_time": [
        [
            14444388,
            14451529
        ]
    ],
    "execute_cost": 7.140999794006348,
    "finish_time": 14451537,
    "limit_cost_by_ms": 6.224999904632568,
    "model_name": "yolov2",
    "recv_time": 14444285,
    "tag": "285",
    "total_cost_by_ms": 7.251999855041504,
    "wait_cost": 0.11100006103515625
}
