{
    "child_model_execute_cost_by_ms": [
        8.550999641418457
    ],
    "child_model_run_time": [
        [
            14686110,
            14694661
        ]
    ],
    "execute_cost": 8.550999641418457,
    "finish_time": 14694676,
    "limit_cost_by_ms": 7.294333457946777,
    "model_name": "squeezenetv1",
    "recv_time": 14685965,
    "tag": "297",
    "total_cost_by_ms": 8.711000442504883,
    "wait_cost": 0.16000080108642578
}
