{
    "child_model_execute_cost_by_ms": [
        8.33899974822998
    ],
    "child_model_run_time": [
        [
            8787129,
            8795468
        ]
    ],
    "execute_cost": 8.33899974822998,
    "finish_time": 8795477,
    "limit_cost_by_ms": 6.224999904632568,
    "model_name": "yolov2",
    "recv_time": 8776291,
    "tag": "4",
    "total_cost_by_ms": 19.18600082397461,
    "wait_cost": 10.847001075744629
}
