{
    "child_model_execute_cost_by_ms": [
        10.286999702453613
    ],
    "child_model_run_time": [
        [
            15336416,
            15346703
        ]
    ],
    "execute_cost": 10.286999702453613,
    "finish_time": 15346717,
    "limit_cost_by_ms": 9.048999786376953,
    "model_name": "googlenet",
    "recv_time": 15336310,
    "tag": "330",
    "total_cost_by_ms": 10.406999588012695,
    "wait_cost": 0.11999988555908203
}
