{
    "child_model_execute_cost_by_ms": [
        44.683998107910156
    ],
    "child_model_run_time": [
        [
            15430198,
            15474882
        ]
    ],
    "execute_cost": 44.683998107910156,
    "finish_time": 15474891,
    "limit_cost_by_ms": 47.40133285522461,
    "model_name": "vgg19",
    "recv_time": 15430060,
    "tag": "335",
    "total_cost_by_ms": 44.83100128173828,
    "wait_cost": 0.147003173828125
}
