{
    "child_model_execute_cost_by_ms": [
        10.045000076293945
    ],
    "child_model_run_time": [
        [
            15578648,
            15588693
        ]
    ],
    "execute_cost": 10.045000076293945,
    "finish_time": 15588704,
    "limit_cost_by_ms": 9.048999786376953,
    "model_name": "googlenet",
    "recv_time": 15578630,
    "tag": "342",
    "total_cost_by_ms": 10.074000358581543,
    "wait_cost": 0.029000282287597656
}
