{
    "child_model_execute_cost_by_ms": [
        8.977999687194824
    ],
    "child_model_run_time": [
        [
            15662583,
            15671561
        ]
    ],
    "execute_cost": 8.977999687194824,
    "finish_time": 15671573,
    "limit_cost_by_ms": 7.294333457946777,
    "model_name": "squeezenetv1",
    "recv_time": 15638505,
    "tag": "346",
    "total_cost_by_ms": 33.06800079345703,
    "wait_cost": 24.09000015258789
}
