{
    "child_model_execute_cost_by_ms": [
        8.795999526977539
    ],
    "child_model_run_time": [
        [
            15728563,
            15737359
        ]
    ],
    "execute_cost": 8.795999526977539,
    "finish_time": 15737369,
    "limit_cost_by_ms": 7.294333457946777,
    "model_name": "squeezenetv1",
    "recv_time": 15713860,
    "tag": "349",
    "total_cost_by_ms": 23.509000778198242,
    "wait_cost": 14.713001251220703
}
