{
    "child_model_execute_cost_by_ms": [
        21.604000091552734
    ],
    "child_model_run_time": [
        [
            15800051,
            15821655
        ]
    ],
    "execute_cost": 21.604000091552734,
    "finish_time": 15821667,
    "limit_cost_by_ms": 19.116666793823242,
    "model_name": "resnet50",
    "recv_time": 15748397,
    "tag": "353",
    "total_cost_by_ms": 73.2699966430664,
    "wait_cost": 51.66599655151367
}
