{
    "child_model_execute_cost_by_ms": [
        44.61800003051758
    ],
    "child_model_run_time": [
        [
            9445324,
            9489942
        ]
    ],
    "execute_cost": 44.61800003051758,
    "finish_time": 9489954,
    "limit_cost_by_ms": 47.40133285522461,
    "model_name": "vgg19",
    "recv_time": 9445312,
    "tag": "37",
    "total_cost_by_ms": 44.641998291015625,
    "wait_cost": 0.023998260498046875
}
