{
    "child_model_execute_cost_by_ms": [
        20.937000274658203
    ],
    "child_model_run_time": [
        [
            16824274,
            16845211
        ]
    ],
    "execute_cost": 20.937000274658203,
    "finish_time": 16845226,
    "limit_cost_by_ms": 19.116666793823242,
    "model_name": "resnet50",
    "recv_time": 16785703,
    "tag": "403",
    "total_cost_by_ms": 59.52299880981445,
    "wait_cost": 38.58599853515625
}
