{
    "child_model_execute_cost_by_ms": [
        21.464000701904297
    ],
    "child_model_run_time": [
        [
            16926718,
            16948182
        ]
    ],
    "execute_cost": 21.464000701904297,
    "finish_time": 16948194,
    "limit_cost_by_ms": 19.116666793823242,
    "model_name": "resnet50",
    "recv_time": 16915413,
    "tag": "409",
    "total_cost_by_ms": 32.78099822998047,
    "wait_cost": 11.316997528076172
}
