{
    "child_model_execute_cost_by_ms": [
        9.996999740600586
    ],
    "child_model_run_time": [
        [
            16948620,
            16958617
        ]
    ],
    "execute_cost": 9.996999740600586,
    "finish_time": 16958629,
    "limit_cost_by_ms": 9.048999786376953,
    "model_name": "googlenet",
    "recv_time": 16948487,
    "tag": "410",
    "total_cost_by_ms": 10.142000198364258,
    "wait_cost": 0.14500045776367188
}
