{
    "child_model_execute_cost_by_ms": [
        7.283999919891357
    ],
    "child_model_run_time": [
        [
            17501220,
            17508504
        ]
    ],
    "execute_cost": 7.283999919891357,
    "finish_time": 17508513,
    "limit_cost_by_ms": 6.224999904632568,
    "model_name": "yolov2",
    "recv_time": 17466855,
    "tag": "437",
    "total_cost_by_ms": 41.65800094604492,
    "wait_cost": 34.374000549316406
}
