{
    "child_model_execute_cost_by_ms": [
        8.513999938964844
    ],
    "child_model_run_time": [
        [
            17519755,
            17528269
        ]
    ],
    "execute_cost": 8.513999938964844,
    "finish_time": 17528281,
    "limit_cost_by_ms": 7.294333457946777,
    "model_name": "squeezenetv1",
    "recv_time": 17519637,
    "tag": "439",
    "total_cost_by_ms": 8.644000053405762,
    "wait_cost": 0.13000011444091797
}
