{
    "child_model_execute_cost_by_ms": [
        45.32099914550781
    ],
    "child_model_run_time": [
        [
            9610078,
            9655399
        ]
    ],
    "execute_cost": 45.32099914550781,
    "finish_time": 9655410,
    "limit_cost_by_ms": 47.40133285522461,
    "model_name": "vgg19",
    "recv_time": 9599010,
    "tag": "45",
    "total_cost_by_ms": 56.400001525878906,
    "wait_cost": 11.079002380371094
}
