{
    "child_model_execute_cost_by_ms": [
        7.242000102996826
    ],
    "child_model_run_time": [
        [
            17753815,
            17761057
        ]
    ],
    "execute_cost": 7.242000102996826,
    "finish_time": 17761067,
    "limit_cost_by_ms": 6.224999904632568,
    "model_name": "yolov2",
    "recv_time": 17710189,
    "tag": "450",
    "total_cost_by_ms": 50.87799835205078,
    "wait_cost": 43.6359977722168
}
