{
    "child_model_execute_cost_by_ms": [
        10.02400016784668
    ],
    "child_model_run_time": [
        [
            17916125,
            17926149
        ]
    ],
    "execute_cost": 10.02400016784668,
    "finish_time": 17926158,
    "limit_cost_by_ms": 9.048999786376953,
    "model_name": "googlenet",
    "recv_time": 17916027,
    "tag": "459",
    "total_cost_by_ms": 10.130999565124512,
    "wait_cost": 0.10699939727783203
}
