{
    "child_model_execute_cost_by_ms": [
        46.01300048828125
    ],
    "child_model_run_time": [
        [
            18082575,
            18128588
        ]
    ],
    "execute_cost": 46.01300048828125,
    "finish_time": 18128598,
    "limit_cost_by_ms": 47.40133285522461,
    "model_name": "vgg19",
    "recv_time": 18074601,
    "tag": "468",
    "total_cost_by_ms": 53.99700164794922,
    "wait_cost": 7.984001159667969
}
