{
    "child_model_execute_cost_by_ms": [
        7.51200008392334
    ],
    "child_model_run_time": [
        [
            18128623,
            18136135
        ]
    ],
    "execute_cost": 7.51200008392334,
    "finish_time": 18136146,
    "limit_cost_by_ms": 6.224999904632568,
    "model_name": "yolov2",
    "recv_time": 18095086,
    "tag": "469",
    "total_cost_by_ms": 41.060001373291016,
    "wait_cost": 33.54800033569336
}
