{
    "child_model_execute_cost_by_ms": [
        10.64799976348877
    ],
    "child_model_run_time": [
        [
            18157360,
            18168008
        ]
    ],
    "execute_cost": 10.64799976348877,
    "finish_time": 18168020,
    "limit_cost_by_ms": 9.048999786376953,
    "model_name": "googlenet",
    "recv_time": 18123386,
    "tag": "471",
    "total_cost_by_ms": 44.63399887084961,
    "wait_cost": 33.986000061035156
}
