{
    "child_model_execute_cost_by_ms": [
        8.38599967956543
    ],
    "child_model_run_time": [
        [
            18361902,
            18370288
        ]
    ],
    "execute_cost": 8.38599967956543,
    "finish_time": 18370299,
    "limit_cost_by_ms": 7.294333457946777,
    "model_name": "squeezenetv1",
    "recv_time": 18334522,
    "tag": "480",
    "total_cost_by_ms": 35.777000427246094,
    "wait_cost": 27.391000747680664
}
