{
    "child_model_execute_cost_by_ms": [
        8.62399959564209
    ],
    "child_model_run_time": [
        [
            18711186,
            18719810
        ]
    ],
    "execute_cost": 8.62399959564209,
    "finish_time": 18719822,
    "limit_cost_by_ms": 7.294333457946777,
    "model_name": "squeezenetv1",
    "recv_time": 18711082,
    "tag": "499",
    "total_cost_by_ms": 8.739999771118164,
    "wait_cost": 0.11600017547607422
}
