{
    "child_model_execute_cost_by_ms": [
        7.054999828338623
    ],
    "child_model_run_time": [
        [
            18796406,
            18803461
        ]
    ],
    "execute_cost": 7.054999828338623,
    "finish_time": 18803466,
    "limit_cost_by_ms": 6.224999904632568,
    "model_name": "yolov2",
    "recv_time": 18790242,
    "tag": "503",
    "total_cost_by_ms": 13.223999977111816,
    "wait_cost": 6.169000148773193
}
