{
    "child_model_execute_cost_by_ms": [
        7.13100004196167
    ],
    "child_model_run_time": [
        [
            18944665,
            18951796
        ]
    ],
    "execute_cost": 7.13100004196167,
    "finish_time": 18951804,
    "limit_cost_by_ms": 6.224999904632568,
    "model_name": "yolov2",
    "recv_time": 18904400,
    "tag": "510",
    "total_cost_by_ms": 47.40399932861328,
    "wait_cost": 40.27299880981445
}
