{
    "child_model_execute_cost_by_ms": [
        7.245999813079834
    ],
    "child_model_run_time": [
        [
            19095584,
            19102830
        ]
    ],
    "execute_cost": 7.245999813079834,
    "finish_time": 19102838,
    "limit_cost_by_ms": 6.224999904632568,
    "model_name": "yolov2",
    "recv_time": 19027779,
    "tag": "517",
    "total_cost_by_ms": 75.05899810791016,
    "wait_cost": 67.81299591064453
}
