{
    "child_model_execute_cost_by_ms": [
        9.006999969482422
    ],
    "child_model_run_time": [
        [
            19159540,
            19168547
        ]
    ],
    "execute_cost": 9.006999969482422,
    "finish_time": 19168557,
    "limit_cost_by_ms": 7.294333457946777,
    "model_name": "squeezenetv1",
    "recv_time": 19123894,
    "tag": "520",
    "total_cost_by_ms": 44.66299819946289,
    "wait_cost": 35.65599822998047
}
