{
    "child_model_execute_cost_by_ms": [
        20.70199966430664
    ],
    "child_model_run_time": [
        [
            19565397,
            19586099
        ]
    ],
    "execute_cost": 20.70199966430664,
    "finish_time": 19586106,
    "limit_cost_by_ms": 19.116666793823242,
    "model_name": "resnet50",
    "recv_time": 19534131,
    "tag": "541",
    "total_cost_by_ms": 51.974998474121094,
    "wait_cost": 31.272998809814453
}
