{
    "child_model_execute_cost_by_ms": [
        7.116000175476074
    ],
    "child_model_run_time": [
        [
            19586494,
            19593610
        ]
    ],
    "execute_cost": 7.116000175476074,
    "finish_time": 19593618,
    "limit_cost_by_ms": 6.224999904632568,
    "model_name": "yolov2",
    "recv_time": 19586489,
    "tag": "542",
    "total_cost_by_ms": 7.129000186920166,
    "wait_cost": 0.013000011444091797
}
