{
    "child_model_execute_cost_by_ms": [
        20.591999053955078
    ],
    "child_model_run_time": [
        [
            19968340,
            19988932
        ]
    ],
    "execute_cost": 20.591999053955078,
    "finish_time": 19988942,
    "limit_cost_by_ms": 19.116666793823242,
    "model_name": "resnet50",
    "recv_time": 19935483,
    "tag": "561",
    "total_cost_by_ms": 53.45899963378906,
    "wait_cost": 32.867000579833984
}
