{
    "child_model_execute_cost_by_ms": [
        43.68000030517578
    ],
    "child_model_run_time": [
        [
            20804783,
            20848463
        ]
    ],
    "execute_cost": 43.68000030517578,
    "finish_time": 20848471,
    "limit_cost_by_ms": 47.40133285522461,
    "model_name": "vgg19",
    "recv_time": 20804699,
    "tag": "603",
    "total_cost_by_ms": 43.77199935913086,
    "wait_cost": 0.09199905395507813
}
