{
    "child_model_execute_cost_by_ms": [
        45.189998626708984
    ],
    "child_model_run_time": [
        [
            20875064,
            20920254
        ]
    ],
    "execute_cost": 45.189998626708984,
    "finish_time": 20920266,
    "limit_cost_by_ms": 47.40133285522461,
    "model_name": "vgg19",
    "recv_time": 20875046,
    "tag": "607",
    "total_cost_by_ms": 45.220001220703125,
    "wait_cost": 0.030002593994140625
}
