{
    "child_model_execute_cost_by_ms": [
        20.631999969482422
    ],
    "child_model_run_time": [
        [
            21331234,
            21351866
        ]
    ],
    "execute_cost": 20.631999969482422,
    "finish_time": 21351875,
    "limit_cost_by_ms": 19.116666793823242,
    "model_name": "resnet50",
    "recv_time": 21317005,
    "tag": "629",
    "total_cost_by_ms": 34.869998931884766,
    "wait_cost": 14.237998962402344
}
