{
    "child_model_execute_cost_by_ms": [
        44.744998931884766
    ],
    "child_model_run_time": [
        [
            10008330,
            10053075
        ]
    ],
    "execute_cost": 44.744998931884766,
    "finish_time": 10053089,
    "limit_cost_by_ms": 47.40133285522461,
    "model_name": "vgg19",
    "recv_time": 10008167,
    "tag": "65",
    "total_cost_by_ms": 44.922000885009766,
    "wait_cost": 0.177001953125
}
