{
    "child_model_execute_cost_by_ms": [
        8.484999656677246
    ],
    "child_model_run_time": [
        [
            21746459,
            21754944
        ]
    ],
    "execute_cost": 8.484999656677246,
    "finish_time": 21754959,
    "limit_cost_by_ms": 7.294333457946777,
    "model_name": "squeezenetv1",
    "recv_time": 21728530,
    "tag": "649",
    "total_cost_by_ms": 26.429000854492188,
    "wait_cost": 17.944000244140625
}
