{
    "child_model_execute_cost_by_ms": [
        8.519000053405762
    ],
    "child_model_run_time": [
        [
            21809759,
            21818278
        ]
    ],
    "execute_cost": 8.519000053405762,
    "finish_time": 21818291,
    "limit_cost_by_ms": 7.294333457946777,
    "model_name": "squeezenetv1",
    "recv_time": 21809599,
    "tag": "652",
    "total_cost_by_ms": 8.692000389099121,
    "wait_cost": 0.17300033569335938
}
