{
    "child_model_execute_cost_by_ms": [
        20.822999954223633
    ],
    "child_model_run_time": [
        [
            21875149,
            21895972
        ]
    ],
    "execute_cost": 20.822999954223633,
    "finish_time": 21895983,
    "limit_cost_by_ms": 19.116666793823242,
    "model_name": "resnet50",
    "recv_time": 21875123,
    "tag": "655",
    "total_cost_by_ms": 20.860000610351563,
    "wait_cost": 0.03700065612792969
}
