{
    "child_model_execute_cost_by_ms": [
        46.516998291015625
    ],
    "child_model_run_time": [
        [
            22308330,
            22354847
        ]
    ],
    "execute_cost": 46.516998291015625,
    "finish_time": 22354862,
    "limit_cost_by_ms": 47.40133285522461,
    "model_name": "vgg19",
    "recv_time": 22308321,
    "tag": "677",
    "total_cost_by_ms": 46.54100036621094,
    "wait_cost": 0.0240020751953125
}
