{
    "child_model_execute_cost_by_ms": [
        44.987998962402344
    ],
    "child_model_run_time": [
        [
            22458839,
            22503827
        ]
    ],
    "execute_cost": 44.987998962402344,
    "finish_time": 22503839,
    "limit_cost_by_ms": 47.40133285522461,
    "model_name": "vgg19",
    "recv_time": 22458827,
    "tag": "684",
    "total_cost_by_ms": 45.012001037597656,
    "wait_cost": 0.0240020751953125
}
