{
    "child_model_execute_cost_by_ms": [
        10.713000297546387
    ],
    "child_model_run_time": [
        [
            22607650,
            22618363
        ]
    ],
    "execute_cost": 10.713000297546387,
    "finish_time": 22618373,
    "limit_cost_by_ms": 9.048999786376953,
    "model_name": "googlenet",
    "recv_time": 22563283,
    "tag": "691",
    "total_cost_by_ms": 55.09000015258789,
    "wait_cost": 44.37699890136719
}
