{
    "child_model_execute_cost_by_ms": [
        7.26800012588501
    ],
    "child_model_run_time": [
        [
            23402993,
            23410261
        ]
    ],
    "execute_cost": 7.26800012588501,
    "finish_time": 23410270,
    "limit_cost_by_ms": 6.224999904632568,
    "model_name": "yolov2",
    "recv_time": 23366164,
    "tag": "730",
    "total_cost_by_ms": 44.10599899291992,
    "wait_cost": 36.83799743652344
}
