{
    "child_model_execute_cost_by_ms": [
        8.420999526977539
    ],
    "child_model_run_time": [
        [
            23570773,
            23579194
        ]
    ],
    "execute_cost": 8.420999526977539,
    "finish_time": 23579206,
    "limit_cost_by_ms": 7.294333457946777,
    "model_name": "squeezenetv1",
    "recv_time": 23570672,
    "tag": "739",
    "total_cost_by_ms": 8.534000396728516,
    "wait_cost": 0.11300086975097656
}
