{
    "child_model_execute_cost_by_ms": [
        46.75899887084961
    ],
    "child_model_run_time": [
        [
            23673171,
            23719930
        ]
    ],
    "execute_cost": 46.75899887084961,
    "finish_time": 23719940,
    "limit_cost_by_ms": 47.40133285522461,
    "model_name": "vgg19",
    "recv_time": 23673064,
    "tag": "745",
    "total_cost_by_ms": 46.875999450683594,
    "wait_cost": 0.11700057983398438
}
