{
    "child_model_execute_cost_by_ms": [
        44.13999938964844
    ],
    "child_model_run_time": [
        [
            24064684,
            24108824
        ]
    ],
    "execute_cost": 44.13999938964844,
    "finish_time": 24108835,
    "limit_cost_by_ms": 47.40133285522461,
    "model_name": "vgg19",
    "recv_time": 24064579,
    "tag": "764",
    "total_cost_by_ms": 44.25600051879883,
    "wait_cost": 0.11600112915039063
}
