{
    "child_model_execute_cost_by_ms": [
        8.411999702453613
    ],
    "child_model_run_time": [
        [
            24214770,
            24223182
        ]
    ],
    "execute_cost": 8.411999702453613,
    "finish_time": 24223190,
    "limit_cost_by_ms": 7.294333457946777,
    "model_name": "squeezenetv1",
    "recv_time": 24189736,
    "tag": "771",
    "total_cost_by_ms": 33.45399856567383,
    "wait_cost": 25.04199981689453
}
