{
    "child_model_execute_cost_by_ms": [
        7.127999782562256
    ],
    "child_model_run_time": [
        [
            24355388,
            24362516
        ]
    ],
    "execute_cost": 7.127999782562256,
    "finish_time": 24362523,
    "limit_cost_by_ms": 6.224999904632568,
    "model_name": "yolov2",
    "recv_time": 24310163,
    "tag": "777",
    "total_cost_by_ms": 52.36000061035156,
    "wait_cost": 45.23200225830078
}
