{
    "child_model_execute_cost_by_ms": [
        6.801000118255615
    ],
    "child_model_run_time": [
        [
            24457621,
            24464422
        ]
    ],
    "execute_cost": 6.801000118255615,
    "finish_time": 24464428,
    "limit_cost_by_ms": 6.224999904632568,
    "model_name": "yolov2",
    "recv_time": 24457616,
    "tag": "783",
    "total_cost_by_ms": 6.811999797821045,
    "wait_cost": 0.010999679565429688
}
