{
    "child_model_execute_cost_by_ms": [
        7.369999885559082
    ],
    "child_model_run_time": [
        [
            24763597,
            24770967
        ]
    ],
    "execute_cost": 7.369999885559082,
    "finish_time": 24770974,
    "limit_cost_by_ms": 6.224999904632568,
    "model_name": "yolov2",
    "recv_time": 24763591,
    "tag": "798",
    "total_cost_by_ms": 7.382999897003174,
    "wait_cost": 0.013000011444091797
}
