{
    "child_model_execute_cost_by_ms": [
        7.4710001945495605
    ],
    "child_model_run_time": [
        [
            24905301,
            24912772
        ]
    ],
    "execute_cost": 7.4710001945495605,
    "finish_time": 24912781,
    "limit_cost_by_ms": 6.224999904632568,
    "model_name": "yolov2",
    "recv_time": 24865643,
    "tag": "804",
    "total_cost_by_ms": 47.13800048828125,
    "wait_cost": 39.66699981689453
}
