{
    "child_model_execute_cost_by_ms": [
        8.343999862670898
    ],
    "child_model_run_time": [
        [
            25097210,
            25105554
        ]
    ],
    "execute_cost": 8.343999862670898,
    "finish_time": 25105563,
    "limit_cost_by_ms": 7.294333457946777,
    "model_name": "squeezenetv1",
    "recv_time": 25074723,
    "tag": "814",
    "total_cost_by_ms": 30.84000015258789,
    "wait_cost": 22.496000289916992
}
