{
    "child_model_execute_cost_by_ms": [
        10.164999961853027
    ],
    "child_model_run_time": [
        [
            25255861,
            25266026
        ]
    ],
    "execute_cost": 10.164999961853027,
    "finish_time": 25266039,
    "limit_cost_by_ms": 9.048999786376953,
    "model_name": "googlenet",
    "recv_time": 25255710,
    "tag": "822",
    "total_cost_by_ms": 10.329000473022461,
    "wait_cost": 0.1640005111694336
}
