{
    "child_model_execute_cost_by_ms": [
        8.633000373840332
    ],
    "child_model_run_time": [
        [
            25334783,
            25343416
        ]
    ],
    "execute_cost": 8.633000373840332,
    "finish_time": 25343431,
    "limit_cost_by_ms": 7.294333457946777,
    "model_name": "squeezenetv1",
    "recv_time": 25314564,
    "tag": "825",
    "total_cost_by_ms": 28.867000579833984,
    "wait_cost": 20.23400115966797
}
