{
    "child_model_execute_cost_by_ms": [
        45.402000427246094
    ],
    "child_model_run_time": [
        [
            10400897,
            10446299
        ]
    ],
    "execute_cost": 45.402000427246094,
    "finish_time": 10446305,
    "limit_cost_by_ms": 47.40133285522461,
    "model_name": "vgg19",
    "recv_time": 10400750,
    "tag": "84",
    "total_cost_by_ms": 45.55500030517578,
    "wait_cost": 0.1529998779296875
}
