{
    "child_model_execute_cost_by_ms": [
        45.92300033569336
    ],
    "child_model_run_time": [
        [
            25752182,
            25798105
        ]
    ],
    "execute_cost": 45.92300033569336,
    "finish_time": 25798116,
    "limit_cost_by_ms": 47.40133285522461,
    "model_name": "vgg19",
    "recv_time": 25752031,
    "tag": "847",
    "total_cost_by_ms": 46.084999084472656,
    "wait_cost": 0.16199874877929688
}
