{
    "child_model_execute_cost_by_ms": [
        10.229000091552734
    ],
    "child_model_run_time": [
        [
            10454485,
            10464714
        ]
    ],
    "execute_cost": 10.229000091552734,
    "finish_time": 10464721,
    "limit_cost_by_ms": 9.048999786376953,
    "model_name": "googlenet",
    "recv_time": 10454330,
    "tag": "86",
    "total_cost_by_ms": 10.390999794006348,
    "wait_cost": 0.16199970245361328
}
