{
    "child_model_execute_cost_by_ms": [
        7.447000026702881
    ],
    "child_model_run_time": [
        [
            25958205,
            25965652
        ]
    ],
    "execute_cost": 7.447000026702881,
    "finish_time": 25965662,
    "limit_cost_by_ms": 6.224999904632568,
    "model_name": "yolov2",
    "recv_time": 25955462,
    "tag": "856",
    "total_cost_by_ms": 10.199999809265137,
    "wait_cost": 2.752999782562256
}
