{
    "child_model_execute_cost_by_ms": [
        48.88199996948242
    ],
    "child_model_run_time": [
        [
            26553266,
            26602148
        ]
    ],
    "execute_cost": 48.88199996948242,
    "finish_time": 26602159,
    "limit_cost_by_ms": 47.40133285522461,
    "model_name": "vgg19",
    "recv_time": 26542469,
    "tag": "886",
    "total_cost_by_ms": 59.689998626708984,
    "wait_cost": 10.807998657226563
}
