{
    "child_model_execute_cost_by_ms": [
        8.267999649047852
    ],
    "child_model_run_time": [
        [
            10539531,
            10547799
        ]
    ],
    "execute_cost": 8.267999649047852,
    "finish_time": 10547805,
    "limit_cost_by_ms": 7.294333457946777,
    "model_name": "squeezenetv1",
    "recv_time": 10539517,
    "tag": "90",
    "total_cost_by_ms": 8.288000106811523,
    "wait_cost": 0.020000457763671875
}
