{
    "child_model_execute_cost_by_ms": [
        9.708999633789063
    ],
    "child_model_run_time": [
        [
            27589982,
            27599691
        ]
    ],
    "execute_cost": 9.708999633789063,
    "finish_time": 27599699,
    "limit_cost_by_ms": 9.048999786376953,
    "model_name": "googlenet",
    "recv_time": 27589820,
    "tag": "937",
    "total_cost_by_ms": 9.878999710083008,
    "wait_cost": 0.1700000762939453
}
