{
    "child_model_execute_cost_by_ms": [
        46.72800064086914
    ],
    "child_model_run_time": [
        [
            27655623,
            27702351
        ]
    ],
    "execute_cost": 46.72800064086914,
    "finish_time": 27702365,
    "limit_cost_by_ms": 47.40133285522461,
    "model_name": "vgg19",
    "recv_time": 27655494,
    "tag": "940",
    "total_cost_by_ms": 46.87099838256836,
    "wait_cost": 0.14299774169921875
}
