{
    "child_model_execute_cost_by_ms": [
        6.624000072479248
    ],
    "child_model_run_time": [
        [
            27816174,
            27822798
        ]
    ],
    "execute_cost": 6.624000072479248,
    "finish_time": 27822807,
    "limit_cost_by_ms": 6.224999904632568,
    "model_name": "yolov2",
    "recv_time": 27816093,
    "tag": "948",
    "total_cost_by_ms": 6.714000225067139,
    "wait_cost": 0.09000015258789063
}
