{
    "child_model_execute_cost_by_ms": [
        8.380000114440918
    ],
    "child_model_run_time": [
        [
            28040578,
            28048958
        ]
    ],
    "execute_cost": 8.380000114440918,
    "finish_time": 28048970,
    "limit_cost_by_ms": 7.294333457946777,
    "model_name": "squeezenetv1",
    "recv_time": 27993469,
    "tag": "958",
    "total_cost_by_ms": 55.500999450683594,
    "wait_cost": 47.12099838256836
}
