{
    "child_model_execute_cost_by_ms": [
        7.177000045776367
    ],
    "child_model_run_time": [
        [
            28521601,
            28528778
        ]
    ],
    "execute_cost": 7.177000045776367,
    "finish_time": 28528787,
    "limit_cost_by_ms": 6.224999904632568,
    "model_name": "yolov2",
    "recv_time": 28484188,
    "tag": "982",
    "total_cost_by_ms": 44.5989990234375,
    "wait_cost": 37.4219970703125
}
