{
    "child_model_execute_cost_by_ms": [
        8.845000267028809
    ],
    "child_model_run_time": [
        [
            28690715,
            28699560
        ]
    ],
    "execute_cost": 8.845000267028809,
    "finish_time": 28699576,
    "limit_cost_by_ms": 7.294333457946777,
    "model_name": "squeezenetv1",
    "recv_time": 28674472,
    "tag": "990",
    "total_cost_by_ms": 25.104000091552734,
    "wait_cost": 16.25899887084961
}
