{
    "child_model_execute_cost_by_ms": [
        45.47800064086914
    ],
    "child_model_run_time": [
        [
            28710874,
            28756352
        ]
    ],
    "execute_cost": 45.47800064086914,
    "finish_time": 28756366,
    "limit_cost_by_ms": 47.40133285522461,
    "model_name": "vgg19",
    "recv_time": 28710772,
    "tag": "992",
    "total_cost_by_ms": 45.59400177001953,
    "wait_cost": 0.11600112915039063
}
