{
    "child_model_execute_cost_by_ms": [
        9.036999702453613
    ],
    "child_model_run_time": [
        [
            28756501,
            28765538
        ]
    ],
    "execute_cost": 9.036999702453613,
    "finish_time": 28765553,
    "limit_cost_by_ms": 7.294333457946777,
    "model_name": "squeezenetv1",
    "recv_time": 28737128,
    "tag": "993",
    "total_cost_by_ms": 28.424999237060547,
    "wait_cost": 19.38800048828125
}
