name,min,avg,max
vgg19,1.0,1.0656202924879714,1.6022713502085226
resnet50,1.0,1.8678069800591508,4.401303781016673
yolov2,1.0,2.951001446246517,11.368608923803341
googlenet,1.064347310264414,2.4073712611201312,8.534605503464418
squeezenetv1,1.0743234155759762,2.792611083081345,10.137775594687072
total,1.0,2.3581424457505302,11.368608923803341
