{
    "yolov2": {
        "min": 0.008999824523925781,
        "avg": 11.327897250887904,
        "max": 62.753997802734375,
        "std": 16.65546981715693
    },
    "vgg19": {
        "min": 0.01599884033203125,
        "avg": 3.550715339104861,
        "max": 28.45199966430664,
        "std": 6.300187676093858
    },
    "resnet50": {
        "min": 0.017000198364257812,
        "avg": 15.605513296629253,
        "max": 63.72699737548828,
        "std": 17.55961564017639
    },
    "squeezenetv1": {
        "min": 0.017999649047851562,
        "avg": 12.010740141230306,
        "max": 65.08699798583984,
        "std": 17.43961776013036
    },
    "googlenet": {
        "min": 0.01999950408935547,
        "avg": 11.224878948613217,
        "max": 66.343994140625,
        "std": 17.222995258589748
    },
    "total": {
        "min": 0.008999824523925781,
        "avg": 10.957609037876129,
        "max": 66.343994140625,
        "std": 16.358344601362337
    }
}