name,Std. Deviation of RR
vgg19,0.12929875990971335
resnet50,0.9500869622530896
yolov2,2.7530263407283915
googlenet,1.9522953467305897
squeezenetv1,2.405467973098309
total,2.159595586420667
