name,min,avg,max
googlenet,1.0522454659848108,1.8818057155989598,5.195553695509305
squeezenetv1,1.0583287867140183,1.9267535440565342,4.951573151843718
yolov2,1.135169018077482,2.0669720437774,4.581587249575477
vgg19,1.1426704826771978,1.7943774667657781,2.3856464788281686
resnet50,1.1710695956597563,1.9136703411766602,3.6751126989619034
total,1.0522454659848108,1.9317113025703279,5.195553695509305
