name,Std. Deviation of RR
googlenet,0.8843516739540117
squeezenetv1,0.8841792434391376
yolov2,0.9941117168295172
vgg19,0.36624557340667757
resnet50,0.5762766497060713
total,0.8207241998933399
