name,Average RR
DLIR,1.8657525929521648
BNST,2.0329837781738016
FIFO,2.1545949824274757
OYST,1.9440389218617633
PARALLEL,2.589957429480648
