name,Std. Deviation of RR
DLIR,0.7474667765260405
BNST,1.5729242128718626
FIFO,1.7615035400313737
OYST,0.7959650188492063
PARALLEL,2.2728485682639326
