name,Max RR
DLIR,4.644873294864229
BNST,8.604178624553064
FIFO,11.427362285343204
OYST,4.760654714185538
PARALLEL,14.252896091281364
