name,Average RR, Max RR
DLIR,1.8657525929521648,4.644873294864229
BNST,2.0329837781738016,8.604178624553064
FIFO,2.1545949824274757,11.427362285343204
OYST,1.9440389218617633,4.760654714185538
PARALLEL,2.589957429480648,14.252896091281364
