{
    "child_model_execute_cost_by_ms": [
        7.39300012588501
    ],
    "child_model_run_time": [
        [
            8930454,
            8937847
        ]
    ],
    "execute_cost": 7.39300012588501,
    "finish_time": 8937862,
    "limit_cost_by_ms": 6.197999954223633,
    "model_name": "yolov2",
    "recv_time": 8890797,
    "tag": "11",
    "total_cost_by_ms": 47.064998626708984,
    "wait_cost": 39.6719970703125
}
