{
    "child_model_execute_cost_by_ms": [
        46.02000045776367
    ],
    "child_model_run_time": [
        [
            11155908,
            11201928
        ]
    ],
    "execute_cost": 46.02000045776367,
    "finish_time": 11201937,
    "limit_cost_by_ms": 47.52866744995117,
    "model_name": "vgg19",
    "recv_time": 11155788,
    "tag": "116",
    "total_cost_by_ms": 46.14899826049805,
    "wait_cost": 0.128997802734375
}
