{
    "child_model_execute_cost_by_ms": [
        20.506000518798828
    ],
    "child_model_run_time": [
        [
            9003447,
            9023953
        ]
    ],
    "execute_cost": 20.506000518798828,
    "finish_time": 9023964,
    "limit_cost_by_ms": 19.09866714477539,
    "model_name": "resnet50",
    "recv_time": 8953044,
    "tag": "14",
    "total_cost_by_ms": 70.91999816894531,
    "wait_cost": 50.413997650146484
}
