{
    "child_model_execute_cost_by_ms": [
        8.456000328063965
    ],
    "child_model_run_time": [
        [
            11894096,
            11902552
        ]
    ],
    "execute_cost": 8.456000328063965,
    "finish_time": 11902569,
    "limit_cost_by_ms": 7.584000110626221,
    "model_name": "squeezenetv1",
    "recv_time": 11893987,
    "tag": "150",
    "total_cost_by_ms": 8.581999778747559,
    "wait_cost": 0.12599945068359375
}
