{
    "child_model_execute_cost_by_ms": [
        45.861000061035156
    ],
    "child_model_run_time": [
        [
            9031268,
            9077129
        ]
    ],
    "execute_cost": 45.861000061035156,
    "finish_time": 9077138,
    "limit_cost_by_ms": 47.52866744995117,
    "model_name": "vgg19",
    "recv_time": 9027934,
    "tag": "17",
    "total_cost_by_ms": 49.20399856567383,
    "wait_cost": 3.342998504638672
}
