{
    "child_model_execute_cost_by_ms": [
        8.925999641418457
    ],
    "child_model_run_time": [
        [
            12739543,
            12748469
        ]
    ],
    "execute_cost": 8.925999641418457,
    "finish_time": 12748485,
    "limit_cost_by_ms": 7.584000110626221,
    "model_name": "squeezenetv1",
    "recv_time": 12694466,
    "tag": "190",
    "total_cost_by_ms": 54.01900100708008,
    "wait_cost": 45.09300231933594
}
