{
    "child_model_execute_cost_by_ms": [
        10.70300006866455
    ],
    "child_model_run_time": [
        [
            13493966,
            13504669
        ]
    ],
    "execute_cost": 10.70300006866455,
    "finish_time": 13504687,
    "limit_cost_by_ms": 8.720000267028809,
    "model_name": "googlenet",
    "recv_time": 13460737,
    "tag": "225",
    "total_cost_by_ms": 43.95000076293945,
    "wait_cost": 33.24700164794922
}
