{
    "child_model_execute_cost_by_ms": [
        45.22100067138672
    ],
    "child_model_run_time": [
        [
            13619124,
            13664345
        ]
    ],
    "execute_cost": 45.22100067138672,
    "finish_time": 13664355,
    "limit_cost_by_ms": 47.52866744995117,
    "model_name": "vgg19",
    "recv_time": 13619110,
    "tag": "232",
    "total_cost_by_ms": 45.244998931884766,
    "wait_cost": 0.023998260498046875
}
