{
    "child_model_execute_cost_by_ms": [
        44.409000396728516
    ],
    "child_model_run_time": [
        [
            13957470,
            14001879
        ]
    ],
    "execute_cost": 44.409000396728516,
    "finish_time": 14001893,
    "limit_cost_by_ms": 47.52866744995117,
    "model_name": "vgg19",
    "recv_time": 13957456,
    "tag": "248",
    "total_cost_by_ms": 44.4370002746582,
    "wait_cost": 0.0279998779296875
}
