{
    "child_model_execute_cost_by_ms": [
        7.586999893188477
    ],
    "child_model_run_time": [
        [
            14087145,
            14094732
        ]
    ],
    "execute_cost": 7.586999893188477,
    "finish_time": 14094747,
    "limit_cost_by_ms": 6.197999954223633,
    "model_name": "yolov2",
    "recv_time": 14082868,
    "tag": "254",
    "total_cost_by_ms": 11.878999710083008,
    "wait_cost": 4.291999816894531
}
