{
    "child_model_execute_cost_by_ms": [
        10.111000061035156
    ],
    "child_model_run_time": [
        [
            14284057,
            14294168
        ]
    ],
    "execute_cost": 10.111000061035156,
    "finish_time": 14294176,
    "limit_cost_by_ms": 8.720000267028809,
    "model_name": "googlenet",
    "recv_time": 14232514,
    "tag": "262",
    "total_cost_by_ms": 61.6619987487793,
    "wait_cost": 51.55099868774414
}
