{
    "child_model_execute_cost_by_ms": [
        20.900999069213867
    ],
    "child_model_run_time": [
        [
            14859301,
            14880202
        ]
    ],
    "execute_cost": 20.900999069213867,
    "finish_time": 14880212,
    "limit_cost_by_ms": 19.09866714477539,
    "model_name": "resnet50",
    "recv_time": 14808699,
    "tag": "290",
    "total_cost_by_ms": 71.51300048828125,
    "wait_cost": 50.61199951171875
}
