{
    "child_model_execute_cost_by_ms": [
        45.62200164794922
    ],
    "child_model_run_time": [
        [
            15059289,
            15104911
        ]
    ],
    "execute_cost": 45.62200164794922,
    "finish_time": 15104920,
    "limit_cost_by_ms": 47.52866744995117,
    "model_name": "vgg19",
    "recv_time": 15059271,
    "tag": "300",
    "total_cost_by_ms": 45.64899826049805,
    "wait_cost": 0.026996612548828125
}
