{
    "child_model_execute_cost_by_ms": [
        46.32099914550781
    ],
    "child_model_run_time": [
        [
            15324214,
            15370535
        ]
    ],
    "execute_cost": 46.32099914550781,
    "finish_time": 15370544,
    "limit_cost_by_ms": 47.52866744995117,
    "model_name": "vgg19",
    "recv_time": 15312006,
    "tag": "312",
    "total_cost_by_ms": 58.53799819946289,
    "wait_cost": 12.216999053955078
}
