{
    "child_model_execute_cost_by_ms": [
        7.423999786376953
    ],
    "child_model_run_time": [
        [
            15370819,
            15378243
        ]
    ],
    "execute_cost": 7.423999786376953,
    "finish_time": 15378257,
    "limit_cost_by_ms": 6.197999954223633,
    "model_name": "yolov2",
    "recv_time": 15336378,
    "tag": "313",
    "total_cost_by_ms": 41.87900161743164,
    "wait_cost": 34.45500183105469
}
