{
    "child_model_execute_cost_by_ms": [
        19.783000946044922
    ],
    "child_model_run_time": [
        [
            15387012,
            15406795
        ]
    ],
    "execute_cost": 19.783000946044922,
    "finish_time": 15406810,
    "limit_cost_by_ms": 19.09866714477539,
    "model_name": "resnet50",
    "recv_time": 15386992,
    "tag": "315",
    "total_cost_by_ms": 19.81800079345703,
    "wait_cost": 0.034999847412109375
}
