{
    "child_model_execute_cost_by_ms": [
        46.566001892089844
    ],
    "child_model_run_time": [
        [
            15507769,
            15554335
        ]
    ],
    "execute_cost": 46.566001892089844,
    "finish_time": 15554344,
    "limit_cost_by_ms": 47.52866744995117,
    "model_name": "vgg19",
    "recv_time": 15476568,
    "tag": "320",
    "total_cost_by_ms": 77.7760009765625,
    "wait_cost": 31.209999084472656
}
