{
    "child_model_execute_cost_by_ms": [
        8.164999961853027
    ],
    "child_model_run_time": [
        [
            15639246,
            15647411
        ]
    ],
    "execute_cost": 8.164999961853027,
    "finish_time": 15647418,
    "limit_cost_by_ms": 7.584000110626221,
    "model_name": "squeezenetv1",
    "recv_time": 15639210,
    "tag": "327",
    "total_cost_by_ms": 8.208000183105469,
    "wait_cost": 0.043000221252441406
}
