{
    "child_model_execute_cost_by_ms": [
        46.685001373291016
    ],
    "child_model_run_time": [
        [
            15745683,
            15792368
        ]
    ],
    "execute_cost": 46.685001373291016,
    "finish_time": 15792378,
    "limit_cost_by_ms": 47.52866744995117,
    "model_name": "vgg19",
    "recv_time": 15725812,
    "tag": "332",
    "total_cost_by_ms": 66.56600189208984,
    "wait_cost": 19.881000518798828
}
