{
    "child_model_execute_cost_by_ms": [
        45.645999908447266
    ],
    "child_model_run_time": [
        [
            15894426,
            15940072
        ]
    ],
    "execute_cost": 45.645999908447266,
    "finish_time": 15940080,
    "limit_cost_by_ms": 47.52866744995117,
    "model_name": "vgg19",
    "recv_time": 15894412,
    "tag": "339",
    "total_cost_by_ms": 45.667999267578125,
    "wait_cost": 0.021999359130859375
}
