{
    "child_model_execute_cost_by_ms": [
        7.436999797821045
    ],
    "child_model_run_time": [
        [
            16026410,
            16033847
        ]
    ],
    "execute_cost": 7.436999797821045,
    "finish_time": 16033862,
    "limit_cost_by_ms": 6.197999954223633,
    "model_name": "yolov2",
    "recv_time": 16010239,
    "tag": "345",
    "total_cost_by_ms": 23.62299919128418,
    "wait_cost": 16.185998916625977
}
