{
    "child_model_execute_cost_by_ms": [
        20.680999755859375
    ],
    "child_model_run_time": [
        [
            16121415,
            16142096
        ]
    ],
    "execute_cost": 20.680999755859375,
    "finish_time": 16142106,
    "limit_cost_by_ms": 19.09866714477539,
    "model_name": "resnet50",
    "recv_time": 16058221,
    "tag": "349",
    "total_cost_by_ms": 83.88500213623047,
    "wait_cost": 63.204002380371094
}
