{
    "child_model_execute_cost_by_ms": [
        6.617000102996826
    ],
    "child_model_run_time": [
        [
            9449237,
            9455854
        ]
    ],
    "execute_cost": 6.617000102996826,
    "finish_time": 9455862,
    "limit_cost_by_ms": 6.197999954223633,
    "model_name": "yolov2",
    "recv_time": 9449131,
    "tag": "36",
    "total_cost_by_ms": 6.730999946594238,
    "wait_cost": 0.11399984359741211
}
