{
    "child_model_execute_cost_by_ms": [
        19.499000549316406
    ],
    "child_model_run_time": [
        [
            16159982,
            16179481
        ]
    ],
    "execute_cost": 19.499000549316406,
    "finish_time": 16179496,
    "limit_cost_by_ms": 19.09866714477539,
    "model_name": "resnet50",
    "recv_time": 16156442,
    "tag": "353",
    "total_cost_by_ms": 23.054000854492188,
    "wait_cost": 3.5550003051757813
}
