{
    "child_model_execute_cost_by_ms": [
        8.442999839782715
    ],
    "child_model_run_time": [
        [
            16226719,
            16235162
        ]
    ],
    "execute_cost": 8.442999839782715,
    "finish_time": 16235168,
    "limit_cost_by_ms": 7.584000110626221,
    "model_name": "squeezenetv1",
    "recv_time": 16226709,
    "tag": "354",
    "total_cost_by_ms": 8.458999633789063,
    "wait_cost": 0.015999794006347656
}
