{
    "child_model_execute_cost_by_ms": [
        46.31399917602539
    ],
    "child_model_run_time": [
        [
            16255343,
            16301657
        ]
    ],
    "execute_cost": 46.31399917602539,
    "finish_time": 16301668,
    "limit_cost_by_ms": 47.52866744995117,
    "model_name": "vgg19",
    "recv_time": 16239680,
    "tag": "356",
    "total_cost_by_ms": 61.987998962402344,
    "wait_cost": 15.673999786376953
}
