{
    "child_model_execute_cost_by_ms": [
        7.566999912261963
    ],
    "child_model_run_time": [
        [
            16472557,
            16480124
        ]
    ],
    "execute_cost": 7.566999912261963,
    "finish_time": 16480134,
    "limit_cost_by_ms": 6.197999954223633,
    "model_name": "yolov2",
    "recv_time": 16457971,
    "tag": "365",
    "total_cost_by_ms": 22.163000106811523,
    "wait_cost": 14.596000671386719
}
