{
    "child_model_execute_cost_by_ms": [
        19.719999313354492
    ],
    "child_model_run_time": [
        [
            16489222,
            16508942
        ]
    ],
    "execute_cost": 19.719999313354492,
    "finish_time": 16508955,
    "limit_cost_by_ms": 19.09866714477539,
    "model_name": "resnet50",
    "recv_time": 16482758,
    "tag": "367",
    "total_cost_by_ms": 26.19700050354004,
    "wait_cost": 6.477001190185547
}
