{
    "child_model_execute_cost_by_ms": [
        46.547000885009766
    ],
    "child_model_run_time": [
        [
            16587037,
            16633584
        ]
    ],
    "execute_cost": 46.547000885009766,
    "finish_time": 16633595,
    "limit_cost_by_ms": 47.52866744995117,
    "model_name": "vgg19",
    "recv_time": 16573150,
    "tag": "371",
    "total_cost_by_ms": 60.44499969482422,
    "wait_cost": 13.897998809814453
}
