{
    "child_model_execute_cost_by_ms": [
        8.673999786376953
    ],
    "child_model_run_time": [
        [
            17226339,
            17235013
        ]
    ],
    "execute_cost": 8.673999786376953,
    "finish_time": 17235023,
    "limit_cost_by_ms": 7.584000110626221,
    "model_name": "squeezenetv1",
    "recv_time": 17216515,
    "tag": "400",
    "total_cost_by_ms": 18.507999420166016,
    "wait_cost": 9.833999633789063
}
