{
    "child_model_execute_cost_by_ms": [
        7.318999767303467
    ],
    "child_model_run_time": [
        [
            17313282,
            17320601
        ]
    ],
    "execute_cost": 7.318999767303467,
    "finish_time": 17320612,
    "limit_cost_by_ms": 6.197999954223633,
    "model_name": "yolov2",
    "recv_time": 17298994,
    "tag": "404",
    "total_cost_by_ms": 21.618000030517578,
    "wait_cost": 14.298999786376953
}
