{
    "child_model_execute_cost_by_ms": [
        44.30400085449219
    ],
    "child_model_run_time": [
        [
            17522489,
            17566793
        ]
    ],
    "execute_cost": 44.30400085449219,
    "finish_time": 17566804,
    "limit_cost_by_ms": 47.52866744995117,
    "model_name": "vgg19",
    "recv_time": 17522348,
    "tag": "415",
    "total_cost_by_ms": 44.45600128173828,
    "wait_cost": 0.15200042724609375
}
