{
    "child_model_execute_cost_by_ms": [
        7.415999889373779
    ],
    "child_model_run_time": [
        [
            9607407,
            9614823
        ]
    ],
    "execute_cost": 7.415999889373779,
    "finish_time": 9614830,
    "limit_cost_by_ms": 6.197999954223633,
    "model_name": "yolov2",
    "recv_time": 9602181,
    "tag": "43",
    "total_cost_by_ms": 12.64900016784668,
    "wait_cost": 5.2330002784729
}
