{
    "child_model_execute_cost_by_ms": [
        20.259000778198242
    ],
    "child_model_run_time": [
        [
            17931511,
            17951770
        ]
    ],
    "execute_cost": 20.259000778198242,
    "finish_time": 17951780,
    "limit_cost_by_ms": 19.09866714477539,
    "model_name": "resnet50",
    "recv_time": 17920757,
    "tag": "434",
    "total_cost_by_ms": 31.023000717163086,
    "wait_cost": 10.763999938964844
}
