{
    "child_model_execute_cost_by_ms": [
        10.321999549865723
    ],
    "child_model_run_time": [
        [
            18026865,
            18037187
        ]
    ],
    "execute_cost": 10.321999549865723,
    "finish_time": 18037199,
    "limit_cost_by_ms": 8.720000267028809,
    "model_name": "googlenet",
    "recv_time": 18018116,
    "tag": "438",
    "total_cost_by_ms": 19.08300018310547,
    "wait_cost": 8.761000633239746
}
