{
    "child_model_execute_cost_by_ms": [
        6.579999923706055
    ],
    "child_model_run_time": [
        [
            18114053,
            18120633
        ]
    ],
    "execute_cost": 6.579999923706055,
    "finish_time": 18120641,
    "limit_cost_by_ms": 6.197999954223633,
    "model_name": "yolov2",
    "recv_time": 18114039,
    "tag": "442",
    "total_cost_by_ms": 6.6020002365112305,
    "wait_cost": 0.02200031280517578
}
