{
    "child_model_execute_cost_by_ms": [
        8.246999740600586
    ],
    "child_model_run_time": [
        [
            18294010,
            18302257
        ]
    ],
    "execute_cost": 8.246999740600586,
    "finish_time": 18302264,
    "limit_cost_by_ms": 7.584000110626221,
    "model_name": "squeezenetv1",
    "recv_time": 18293998,
    "tag": "451",
    "total_cost_by_ms": 8.265999794006348,
    "wait_cost": 0.01900005340576172
}
