{
    "child_model_execute_cost_by_ms": [
        10.430000305175781
    ],
    "child_model_run_time": [
        [
            18463997,
            18474427
        ]
    ],
    "execute_cost": 10.430000305175781,
    "finish_time": 18474437,
    "limit_cost_by_ms": 8.720000267028809,
    "model_name": "googlenet",
    "recv_time": 18463835,
    "tag": "459",
    "total_cost_by_ms": 10.60200023651123,
    "wait_cost": 0.17199993133544922
}
