{
    "child_model_execute_cost_by_ms": [
        20.71500015258789
    ],
    "child_model_run_time": [
        [
            19034290,
            19055005
        ]
    ],
    "execute_cost": 20.71500015258789,
    "finish_time": 19055019,
    "limit_cost_by_ms": 19.09866714477539,
    "model_name": "resnet50",
    "recv_time": 19034271,
    "tag": "485",
    "total_cost_by_ms": 20.74799919128418,
    "wait_cost": 0.03299903869628906
}
