{
    "child_model_execute_cost_by_ms": [
        20.233999252319336
    ],
    "child_model_run_time": [
        [
            19111177,
            19131411
        ]
    ],
    "execute_cost": 20.233999252319336,
    "finish_time": 19131421,
    "limit_cost_by_ms": 19.09866714477539,
    "model_name": "resnet50",
    "recv_time": 19111046,
    "tag": "488",
    "total_cost_by_ms": 20.375,
    "wait_cost": 0.14100074768066406
}
