{
    "child_model_execute_cost_by_ms": [
        8.62399959564209
    ],
    "child_model_run_time": [
        [
            19545816,
            19554440
        ]
    ],
    "execute_cost": 8.62399959564209,
    "finish_time": 19554450,
    "limit_cost_by_ms": 7.584000110626221,
    "model_name": "squeezenetv1",
    "recv_time": 19524955,
    "tag": "509",
    "total_cost_by_ms": 29.4950008392334,
    "wait_cost": 20.871002197265625
}
