{
    "child_model_execute_cost_by_ms": [
        47.483001708984375
    ],
    "child_model_run_time": [
        [
            19867026,
            19914509
        ]
    ],
    "execute_cost": 47.483001708984375,
    "finish_time": 19914518,
    "limit_cost_by_ms": 47.52866744995117,
    "model_name": "vgg19",
    "recv_time": 19847154,
    "tag": "525",
    "total_cost_by_ms": 67.36399841308594,
    "wait_cost": 19.880996704101563
}
