{
    "child_model_execute_cost_by_ms": [
        7.625
    ],
    "child_model_run_time": [
        [
            19992946,
            20000571
        ]
    ],
    "execute_cost": 7.625,
    "finish_time": 20000587,
    "limit_cost_by_ms": 6.197999954223633,
    "model_name": "yolov2",
    "recv_time": 19964099,
    "tag": "529",
    "total_cost_by_ms": 36.487998962402344,
    "wait_cost": 28.862998962402344
}
