{
    "child_model_execute_cost_by_ms": [
        20.229999542236328
    ],
    "child_model_run_time": [
        [
            20348243,
            20368473
        ]
    ],
    "execute_cost": 20.229999542236328,
    "finish_time": 20368482,
    "limit_cost_by_ms": 19.09866714477539,
    "model_name": "resnet50",
    "recv_time": 20348130,
    "tag": "546",
    "total_cost_by_ms": 20.351999282836914,
    "wait_cost": 0.12199974060058594
}
