{
    "child_model_execute_cost_by_ms": [
        10.314000129699707
    ],
    "child_model_run_time": [
        [
            20672016,
            20682330
        ]
    ],
    "execute_cost": 10.314000129699707,
    "finish_time": 20682339,
    "limit_cost_by_ms": 8.720000267028809,
    "model_name": "googlenet",
    "recv_time": 20647783,
    "tag": "560",
    "total_cost_by_ms": 34.555999755859375,
    "wait_cost": 24.242000579833984
}
