{
    "child_model_execute_cost_by_ms": [
        19.799999237060547
    ],
    "child_model_run_time": [
        [
            20691417,
            20711217
        ]
    ],
    "execute_cost": 19.799999237060547,
    "finish_time": 20711230,
    "limit_cost_by_ms": 19.09866714477539,
    "model_name": "resnet50",
    "recv_time": 20691314,
    "tag": "562",
    "total_cost_by_ms": 19.916000366210938,
    "wait_cost": 0.11600112915039063
}
