{
    "child_model_execute_cost_by_ms": [
        7.373000144958496
    ],
    "child_model_run_time": [
        [
            20769606,
            20776979
        ]
    ],
    "execute_cost": 7.373000144958496,
    "finish_time": 20776985,
    "limit_cost_by_ms": 6.197999954223633,
    "model_name": "yolov2",
    "recv_time": 20769595,
    "tag": "565",
    "total_cost_by_ms": 7.389999866485596,
    "wait_cost": 0.01699972152709961
}
