{
    "child_model_execute_cost_by_ms": [
        20.908000946044922
    ],
    "child_model_run_time": [
        [
            9923880,
            9944788
        ]
    ],
    "execute_cost": 20.908000946044922,
    "finish_time": 9944798,
    "limit_cost_by_ms": 19.09866714477539,
    "model_name": "resnet50",
    "recv_time": 9891152,
    "tag": "57",
    "total_cost_by_ms": 53.645999908447266,
    "wait_cost": 32.737998962402344
}
