{
    "child_model_execute_cost_by_ms": [
        21.020000457763672
    ],
    "child_model_run_time": [
        [
            20911670,
            20932690
        ]
    ],
    "execute_cost": 21.020000457763672,
    "finish_time": 20932704,
    "limit_cost_by_ms": 19.09866714477539,
    "model_name": "resnet50",
    "recv_time": 20880464,
    "tag": "571",
    "total_cost_by_ms": 52.2400016784668,
    "wait_cost": 31.220001220703125
}
