{
    "child_model_execute_cost_by_ms": [
        11.015999794006348
    ],
    "child_model_run_time": [
        [
            20995797,
            21006813
        ]
    ],
    "execute_cost": 11.015999794006348,
    "finish_time": 21006829,
    "limit_cost_by_ms": 8.720000267028809,
    "model_name": "googlenet",
    "recv_time": 20961480,
    "tag": "575",
    "total_cost_by_ms": 45.3489990234375,
    "wait_cost": 34.33300018310547
}
