{
    "child_model_execute_cost_by_ms": [
        46.07899856567383
    ],
    "child_model_run_time": [
        [
            21028305,
            21074384
        ]
    ],
    "execute_cost": 46.07899856567383,
    "finish_time": 21074392,
    "limit_cost_by_ms": 47.52866744995117,
    "model_name": "vgg19",
    "recv_time": 21028135,
    "tag": "577",
    "total_cost_by_ms": 46.25699996948242,
    "wait_cost": 0.17800140380859375
}
