{
    "child_model_execute_cost_by_ms": [
        10.609000205993652
    ],
    "child_model_run_time": [
        [
            21082129,
            21092738
        ]
    ],
    "execute_cost": 10.609000205993652,
    "finish_time": 21092746,
    "limit_cost_by_ms": 8.720000267028809,
    "model_name": "googlenet",
    "recv_time": 21069960,
    "tag": "580",
    "total_cost_by_ms": 22.785999298095703,
    "wait_cost": 12.17699909210205
}
