{
    "child_model_execute_cost_by_ms": [
        47.86600112915039
    ],
    "child_model_run_time": [
        [
            21122952,
            21170818
        ]
    ],
    "execute_cost": 47.86600112915039,
    "finish_time": 21170828,
    "limit_cost_by_ms": 47.52866744995117,
    "model_name": "vgg19",
    "recv_time": 21122938,
    "tag": "582",
    "total_cost_by_ms": 47.88999938964844,
    "wait_cost": 0.023998260498046875
}
