{
    "child_model_execute_cost_by_ms": [
        10.843999862670898
    ],
    "child_model_run_time": [
        [
            21427813,
            21438657
        ]
    ],
    "execute_cost": 10.843999862670898,
    "finish_time": 21438675,
    "limit_cost_by_ms": 8.720000267028809,
    "model_name": "googlenet",
    "recv_time": 21398774,
    "tag": "596",
    "total_cost_by_ms": 39.9010009765625,
    "wait_cost": 29.0570011138916
}
