{
    "child_model_execute_cost_by_ms": [
        8.826000213623047
    ],
    "child_model_run_time": [
        [
            21513898,
            21522724
        ]
    ],
    "execute_cost": 8.826000213623047,
    "finish_time": 21522736,
    "limit_cost_by_ms": 7.584000110626221,
    "model_name": "squeezenetv1",
    "recv_time": 21484533,
    "tag": "600",
    "total_cost_by_ms": 38.202999114990234,
    "wait_cost": 29.376998901367188
}
