{
    "child_model_execute_cost_by_ms": [
        20.59000015258789
    ],
    "child_model_run_time": [
        [
            21954491,
            21975081
        ]
    ],
    "execute_cost": 20.59000015258789,
    "finish_time": 21975090,
    "limit_cost_by_ms": 19.09866714477539,
    "model_name": "resnet50",
    "recv_time": 21951264,
    "tag": "620",
    "total_cost_by_ms": 23.826000213623047,
    "wait_cost": 3.2360000610351563
}
