{
    "child_model_execute_cost_by_ms": [
        9.954999923706055
    ],
    "child_model_run_time": [
        [
            21975571,
            21985526
        ]
    ],
    "execute_cost": 9.954999923706055,
    "finish_time": 21985540,
    "limit_cost_by_ms": 8.720000267028809,
    "model_name": "googlenet",
    "recv_time": 21975445,
    "tag": "621",
    "total_cost_by_ms": 10.095000267028809,
    "wait_cost": 0.1400003433227539
}
