{
    "child_model_execute_cost_by_ms": [
        45.61000061035156
    ],
    "child_model_run_time": [
        [
            21985676,
            22031286
        ]
    ],
    "execute_cost": 45.61000061035156,
    "finish_time": 22031296,
    "limit_cost_by_ms": 47.52866744995117,
    "model_name": "vgg19",
    "recv_time": 21982670,
    "tag": "622",
    "total_cost_by_ms": 48.625999450683594,
    "wait_cost": 3.0159988403320313
}
