{
    "child_model_execute_cost_by_ms": [
        45.3129997253418
    ],
    "child_model_run_time": [
        [
            22069171,
            22114484
        ]
    ],
    "execute_cost": 45.3129997253418,
    "finish_time": 22114492,
    "limit_cost_by_ms": 47.52866744995117,
    "model_name": "vgg19",
    "recv_time": 22069150,
    "tag": "626",
    "total_cost_by_ms": 45.34199905395508,
    "wait_cost": 0.02899932861328125
}
