{
    "child_model_execute_cost_by_ms": [
        20.575000762939453
    ],
    "child_model_run_time": [
        [
            22458770,
            22479345
        ]
    ],
    "execute_cost": 20.575000762939453,
    "finish_time": 22479358,
    "limit_cost_by_ms": 19.09866714477539,
    "model_name": "resnet50",
    "recv_time": 22458632,
    "tag": "643",
    "total_cost_by_ms": 20.72599983215332,
    "wait_cost": 0.1509990692138672
}
