{
    "child_model_execute_cost_by_ms": [
        48.04600143432617
    ],
    "child_model_run_time": [
        [
            22574920,
            22622966
        ]
    ],
    "execute_cost": 48.04600143432617,
    "finish_time": 22622972,
    "limit_cost_by_ms": 47.52866744995117,
    "model_name": "vgg19",
    "recv_time": 22571063,
    "tag": "649",
    "total_cost_by_ms": 51.909000396728516,
    "wait_cost": 3.8629989624023438
}
