{
    "child_model_execute_cost_by_ms": [
        8.458000183105469
    ],
    "child_model_run_time": [
        [
            22651734,
            22660192
        ]
    ],
    "execute_cost": 8.458000183105469,
    "finish_time": 22660200,
    "limit_cost_by_ms": 7.584000110626221,
    "model_name": "squeezenetv1",
    "recv_time": 22638536,
    "tag": "652",
    "total_cost_by_ms": 21.663999557495117,
    "wait_cost": 13.205999374389648
}
