{
    "child_model_execute_cost_by_ms": [
        19.60300064086914
    ],
    "child_model_run_time": [
        [
            23159114,
            23178717
        ]
    ],
    "execute_cost": 19.60300064086914,
    "finish_time": 23178732,
    "limit_cost_by_ms": 19.09866714477539,
    "model_name": "resnet50",
    "recv_time": 23156336,
    "tag": "677",
    "total_cost_by_ms": 22.395999908447266,
    "wait_cost": 2.792999267578125
}
