{
    "child_model_execute_cost_by_ms": [
        10.0649995803833
    ],
    "child_model_run_time": [
        [
            23569200,
            23579265
        ]
    ],
    "execute_cost": 10.0649995803833,
    "finish_time": 23579277,
    "limit_cost_by_ms": 8.720000267028809,
    "model_name": "googlenet",
    "recv_time": 23569062,
    "tag": "694",
    "total_cost_by_ms": 10.21500015258789,
    "wait_cost": 0.15000057220458984
}
