{
    "child_model_execute_cost_by_ms": [
        46.0099983215332
    ],
    "child_model_run_time": [
        [
            23579401,
            23625411
        ]
    ],
    "execute_cost": 46.0099983215332,
    "finish_time": 23625422,
    "limit_cost_by_ms": 47.52866744995117,
    "model_name": "vgg19",
    "recv_time": 23577059,
    "tag": "695",
    "total_cost_by_ms": 48.362998962402344,
    "wait_cost": 2.3530006408691406
}
