{
    "child_model_execute_cost_by_ms": [
        49.652000427246094
    ],
    "child_model_run_time": [
        [
            23751120,
            23800772
        ]
    ],
    "execute_cost": 49.652000427246094,
    "finish_time": 23800784,
    "limit_cost_by_ms": 47.52866744995117,
    "model_name": "vgg19",
    "recv_time": 23751017,
    "tag": "703",
    "total_cost_by_ms": 49.766998291015625,
    "wait_cost": 0.11499786376953125
}
