{
    "child_model_execute_cost_by_ms": [
        7.9019999504089355
    ],
    "child_model_run_time": [
        [
            24768157,
            24776059
        ]
    ],
    "execute_cost": 7.9019999504089355,
    "finish_time": 24776070,
    "limit_cost_by_ms": 6.197999954223633,
    "model_name": "yolov2",
    "recv_time": 24760826,
    "tag": "749",
    "total_cost_by_ms": 15.244000434875488,
    "wait_cost": 7.342000484466553
}
