{
    "child_model_execute_cost_by_ms": [
        8.61400032043457
    ],
    "child_model_run_time": [
        [
            25055050,
            25063664
        ]
    ],
    "execute_cost": 8.61400032043457,
    "finish_time": 25063671,
    "limit_cost_by_ms": 7.584000110626221,
    "model_name": "squeezenetv1",
    "recv_time": 25047958,
    "tag": "763",
    "total_cost_by_ms": 15.713000297546387,
    "wait_cost": 7.098999977111816
}
