{
    "child_model_execute_cost_by_ms": [
        11.086000442504883
    ],
    "child_model_run_time": [
        [
            25622619,
            25633705
        ]
    ],
    "execute_cost": 11.086000442504883,
    "finish_time": 25633721,
    "limit_cost_by_ms": 8.720000267028809,
    "model_name": "googlenet",
    "recv_time": 25622479,
    "tag": "788",
    "total_cost_by_ms": 11.241999626159668,
    "wait_cost": 0.15599918365478516
}
