{
    "child_model_execute_cost_by_ms": [
        47.94499969482422
    ],
    "child_model_run_time": [
        [
            25753710,
            25801655
        ]
    ],
    "execute_cost": 47.94499969482422,
    "finish_time": 25801663,
    "limit_cost_by_ms": 47.52866744995117,
    "model_name": "vgg19",
    "recv_time": 25753649,
    "tag": "795",
    "total_cost_by_ms": 48.013999938964844,
    "wait_cost": 0.069000244140625
}
