{
    "child_model_execute_cost_by_ms": [
        21.239999771118164
    ],
    "child_model_run_time": [
        [
            25981773,
            26003013
        ]
    ],
    "execute_cost": 21.239999771118164,
    "finish_time": 26003024,
    "limit_cost_by_ms": 19.09866714477539,
    "model_name": "resnet50",
    "recv_time": 25953910,
    "tag": "805",
    "total_cost_by_ms": 49.11399841308594,
    "wait_cost": 27.873998641967773
}
