{
    "child_model_execute_cost_by_ms": [
        45.84700012207031
    ],
    "child_model_run_time": [
        [
            26090445,
            26136292
        ]
    ],
    "execute_cost": 45.84700012207031,
    "finish_time": 26136302,
    "limit_cost_by_ms": 47.52866744995117,
    "model_name": "vgg19",
    "recv_time": 26090432,
    "tag": "810",
    "total_cost_by_ms": 45.869998931884766,
    "wait_cost": 0.022998809814453125
}
