{
    "child_model_execute_cost_by_ms": [
        20.81399917602539
    ],
    "child_model_run_time": [
        [
            26230461,
            26251275
        ]
    ],
    "execute_cost": 20.81399917602539,
    "finish_time": 26251286,
    "limit_cost_by_ms": 19.09866714477539,
    "model_name": "resnet50",
    "recv_time": 26198212,
    "tag": "815",
    "total_cost_by_ms": 53.07400131225586,
    "wait_cost": 32.26000213623047
}
