{
    "child_model_execute_cost_by_ms": [
        21.43199920654297
    ],
    "child_model_run_time": [
        [
            26401120,
            26422552
        ]
    ],
    "execute_cost": 21.43199920654297,
    "finish_time": 26422562,
    "limit_cost_by_ms": 19.09866714477539,
    "model_name": "resnet50",
    "recv_time": 26378409,
    "tag": "824",
    "total_cost_by_ms": 44.15299987792969,
    "wait_cost": 22.72100067138672
}
