{
    "child_model_execute_cost_by_ms": [
        7.625
    ],
    "child_model_run_time": [
        [
            26565068,
            26572693
        ]
    ],
    "execute_cost": 7.625,
    "finish_time": 26572707,
    "limit_cost_by_ms": 6.197999954223633,
    "model_name": "yolov2",
    "recv_time": 26562208,
    "tag": "832",
    "total_cost_by_ms": 10.49899959564209,
    "wait_cost": 2.87399959564209
}
