{
    "child_model_execute_cost_by_ms": [
        7.111000061035156
    ],
    "child_model_run_time": [
        [
            26681408,
            26688519
        ]
    ],
    "execute_cost": 7.111000061035156,
    "finish_time": 26688530,
    "limit_cost_by_ms": 6.197999954223633,
    "model_name": "yolov2",
    "recv_time": 26681304,
    "tag": "837",
    "total_cost_by_ms": 7.22599983215332,
    "wait_cost": 0.11499977111816406
}
