{
    "child_model_execute_cost_by_ms": [
        10.765000343322754
    ],
    "child_model_run_time": [
        [
            27262313,
            27273078
        ]
    ],
    "execute_cost": 10.765000343322754,
    "finish_time": 27273091,
    "limit_cost_by_ms": 8.720000267028809,
    "model_name": "googlenet",
    "recv_time": 27237183,
    "tag": "864",
    "total_cost_by_ms": 35.90800094604492,
    "wait_cost": 25.143001556396484
}
