{
    "child_model_execute_cost_by_ms": [
        8.479000091552734
    ],
    "child_model_run_time": [
        [
            27341272,
            27349751
        ]
    ],
    "execute_cost": 8.479000091552734,
    "finish_time": 27349757,
    "limit_cost_by_ms": 7.584000110626221,
    "model_name": "squeezenetv1",
    "recv_time": 27341139,
    "tag": "867",
    "total_cost_by_ms": 8.618000030517578,
    "wait_cost": 0.13899993896484375
}
