{
    "child_model_execute_cost_by_ms": [
        7.354000091552734
    ],
    "child_model_run_time": [
        [
            27968205,
            27975559
        ]
    ],
    "execute_cost": 7.354000091552734,
    "finish_time": 27975565,
    "limit_cost_by_ms": 6.197999954223633,
    "model_name": "yolov2",
    "recv_time": 27961304,
    "tag": "897",
    "total_cost_by_ms": 14.26099967956543,
    "wait_cost": 6.906999588012695
}
