{
    "child_model_execute_cost_by_ms": [
        19.642000198364258
    ],
    "child_model_run_time": [
        [
            10622562,
            10642204
        ]
    ],
    "execute_cost": 19.642000198364258,
    "finish_time": 10642211,
    "limit_cost_by_ms": 19.09866714477539,
    "model_name": "resnet50",
    "recv_time": 10622396,
    "tag": "91",
    "total_cost_by_ms": 19.815000534057617,
    "wait_cost": 0.17300033569335938
}
