{
    "child_model_execute_cost_by_ms": [
        8.642000198364258
    ],
    "child_model_run_time": [
        [
            10642308,
            10650950
        ]
    ],
    "execute_cost": 8.642000198364258,
    "finish_time": 10650967,
    "limit_cost_by_ms": 7.584000110626221,
    "model_name": "squeezenetv1",
    "recv_time": 10640562,
    "tag": "93",
    "total_cost_by_ms": 10.404999732971191,
    "wait_cost": 1.7629995346069336
}
