{
    "child_model_execute_cost_by_ms": [
        21.46500015258789
    ],
    "child_model_run_time": [
        [
            28710507,
            28731972
        ]
    ],
    "execute_cost": 21.46500015258789,
    "finish_time": 28731983,
    "limit_cost_by_ms": 19.09866714477539,
    "model_name": "resnet50",
    "recv_time": 28692405,
    "tag": "931",
    "total_cost_by_ms": 39.577999114990234,
    "wait_cost": 18.112998962402344
}
