{
    "child_model_execute_cost_by_ms": [
        10.652999877929688
    ],
    "child_model_run_time": [
        [
            29762665,
            29773318
        ]
    ],
    "execute_cost": 10.652999877929688,
    "finish_time": 29773328,
    "limit_cost_by_ms": 8.720000267028809,
    "model_name": "googlenet",
    "recv_time": 29762650,
    "tag": "979",
    "total_cost_by_ms": 10.678000450134277,
    "wait_cost": 0.025000572204589844
}
