{
    "child_model_execute_cost_by_ms": [
        20.68400001525879,
        18.736000061035156,
        19.875999450683594
    ],
    "child_model_run_time": [
        [
            8892572,
            8913256
        ],
        [
            8935951,
            8954687
        ],
        [
            8954725,
            8974601
        ]
    ],
    "execute_cost": 59.295997619628906,
    "finish_time": 8974608,
    "limit_cost_by_ms": 47.339332580566406,
    "model_name": "vgg19",
    "recv_time": 8892447,
    "tag": "10",
    "total_cost_by_ms": 82.16100311279297,
    "wait_cost": 22.865005493164063
}
