{
    "child_model_execute_cost_by_ms": [
        18.783000946044922,
        17.631999969482422,
        19.923999786376953
    ],
    "child_model_run_time": [
        [
            11373223,
            11392006
        ],
        [
            11392043,
            11409675
        ],
        [
            11409703,
            11429627
        ]
    ],
    "execute_cost": 56.3390007019043,
    "finish_time": 11429638,
    "limit_cost_by_ms": 47.339332580566406,
    "model_name": "vgg19",
    "recv_time": 11356164,
    "tag": "114",
    "total_cost_by_ms": 73.4739990234375,
    "wait_cost": 17.134998321533203
}
