{
    "child_model_execute_cost_by_ms": [
        8.640999794006348
    ],
    "child_model_run_time": [
        [
            11611913,
            11620554
        ]
    ],
    "execute_cost": 8.640999794006348,
    "finish_time": 11620563,
    "limit_cost_by_ms": 7.279333114624023,
    "model_name": "squeezenetv1",
    "recv_time": 11611861,
    "tag": "123",
    "total_cost_by_ms": 8.70199966430664,
    "wait_cost": 0.06099987030029297
}
