{
    "child_model_execute_cost_by_ms": [
        8.215999603271484
    ],
    "child_model_run_time": [
        [
            11864221,
            11872437
        ]
    ],
    "execute_cost": 8.215999603271484,
    "finish_time": 11872454,
    "limit_cost_by_ms": 7.279333114624023,
    "model_name": "squeezenetv1",
    "recv_time": 11857033,
    "tag": "134",
    "total_cost_by_ms": 15.420999526977539,
    "wait_cost": 7.204999923706055
}
