{
    "child_model_execute_cost_by_ms": [
        2.9189999103546143,
        4.5970001220703125
    ],
    "child_model_run_time": [
        [
            12321030,
            12323949
        ],
        [
            12324017,
            12328614
        ]
    ],
    "execute_cost": 7.515999794006348,
    "finish_time": 12328621,
    "limit_cost_by_ms": 6.170333385467529,
    "model_name": "yolov2",
    "recv_time": 12311780,
    "tag": "153",
    "total_cost_by_ms": 16.840999603271484,
    "wait_cost": 9.324999809265137
}
