{
    "child_model_execute_cost_by_ms": [
        18.316999435424805,
        17.650999069213867,
        20.54400062561035
    ],
    "child_model_run_time": [
        [
            12358710,
            12377027
        ],
        [
            12377061,
            12394712
        ],
        [
            12394742,
            12415286
        ]
    ],
    "execute_cost": 56.512001037597656,
    "finish_time": 12415294,
    "limit_cost_by_ms": 47.339332580566406,
    "model_name": "vgg19",
    "recv_time": 12358590,
    "tag": "155",
    "total_cost_by_ms": 56.70399856567383,
    "wait_cost": 0.19199752807617188
}
