{
    "child_model_execute_cost_by_ms": [
        18.631000518798828,
        17.55299949645996,
        19.893999099731445
    ],
    "child_model_run_time": [
        [
            13039431,
            13058062
        ],
        [
            13058158,
            13075711
        ],
        [
            13075727,
            13095621
        ]
    ],
    "execute_cost": 56.07799530029297,
    "finish_time": 13095629,
    "limit_cost_by_ms": 47.339332580566406,
    "model_name": "vgg19",
    "recv_time": 13031523,
    "tag": "185",
    "total_cost_by_ms": 64.10600280761719,
    "wait_cost": 8.028007507324219
}
