{
    "child_model_execute_cost_by_ms": [
        19.017000198364258,
        17.625,
        20.60300064086914
    ],
    "child_model_run_time": [
        [
            13666039,
            13685056
        ],
        [
            13685154,
            13702779
        ],
        [
            13702798,
            13723401
        ]
    ],
    "execute_cost": 57.244998931884766,
    "finish_time": 13723409,
    "limit_cost_by_ms": 47.339332580566406,
    "model_name": "vgg19",
    "recv_time": 13665997,
    "tag": "211",
    "total_cost_by_ms": 57.4119987487793,
    "wait_cost": 0.16699981689453125
}
