{
    "child_model_execute_cost_by_ms": [
        8.442999839782715
    ],
    "child_model_run_time": [
        [
            14149605,
            14158048
        ]
    ],
    "execute_cost": 8.442999839782715,
    "finish_time": 14158062,
    "limit_cost_by_ms": 7.279333114624023,
    "model_name": "squeezenetv1",
    "recv_time": 14144442,
    "tag": "231",
    "total_cost_by_ms": 13.619999885559082,
    "wait_cost": 5.177000045776367
}
