{
    "child_model_execute_cost_by_ms": [
        9.779000282287598
    ],
    "child_model_run_time": [
        [
            14837226,
            14847005
        ]
    ],
    "execute_cost": 9.779000282287598,
    "finish_time": 14847012,
    "limit_cost_by_ms": 9.092333793640137,
    "model_name": "googlenet",
    "recv_time": 14821621,
    "tag": "259",
    "total_cost_by_ms": 25.391000747680664,
    "wait_cost": 15.612000465393066
}
