{
    "child_model_execute_cost_by_ms": [
        3.13700008392334,
        4.71999979019165
    ],
    "child_model_run_time": [
        [
            15072400,
            15075537
        ],
        [
            15075585,
            15080305
        ]
    ],
    "execute_cost": 7.85699987411499,
    "finish_time": 15080315,
    "limit_cost_by_ms": 6.170333385467529,
    "model_name": "yolov2",
    "recv_time": 15064086,
    "tag": "270",
    "total_cost_by_ms": 16.229000091552734,
    "wait_cost": 8.371999740600586
}
