{
    "child_model_execute_cost_by_ms": [
        18.983999252319336,
        17.562000274658203,
        20.020000457763672
    ],
    "child_model_run_time": [
        [
            15229239,
            15248223
        ],
        [
            15256756,
            15274318
        ],
        [
            15274363,
            15294383
        ]
    ],
    "execute_cost": 56.56599807739258,
    "finish_time": 15294391,
    "limit_cost_by_ms": 47.339332580566406,
    "model_name": "vgg19",
    "recv_time": 15229220,
    "tag": "276",
    "total_cost_by_ms": 65.1709976196289,
    "wait_cost": 8.604999542236328
}
