{
    "child_model_execute_cost_by_ms": [
        8.527000427246094
    ],
    "child_model_run_time": [
        [
            15501756,
            15510283
        ]
    ],
    "execute_cost": 8.527000427246094,
    "finish_time": 15510293,
    "limit_cost_by_ms": 7.279333114624023,
    "model_name": "squeezenetv1",
    "recv_time": 15483377,
    "tag": "287",
    "total_cost_by_ms": 26.916000366210938,
    "wait_cost": 18.388999938964844
}
