{
    "child_model_execute_cost_by_ms": [
        19.229999542236328,
        18.273000717163086,
        20.503000259399414
    ],
    "child_model_run_time": [
        [
            15621275,
            15640505
        ],
        [
            15640605,
            15658878
        ],
        [
            15658923,
            15679426
        ]
    ],
    "execute_cost": 58.00599670410156,
    "finish_time": 15679434,
    "limit_cost_by_ms": 47.339332580566406,
    "model_name": "vgg19",
    "recv_time": 15593477,
    "tag": "292",
    "total_cost_by_ms": 85.95700073242188,
    "wait_cost": 27.951004028320313
}
