{
    "child_model_execute_cost_by_ms": [
        7.886000156402588
    ],
    "child_model_run_time": [
        [
            15707113,
            15714999
        ]
    ],
    "execute_cost": 7.886000156402588,
    "finish_time": 15715011,
    "limit_cost_by_ms": 7.279333114624023,
    "model_name": "squeezenetv1",
    "recv_time": 15697115,
    "tag": "296",
    "total_cost_by_ms": 17.895999908447266,
    "wait_cost": 10.010000228881836
}
