{
    "child_model_execute_cost_by_ms": [
        9.803000450134277
    ],
    "child_model_run_time": [
        [
            16098910,
            16108713
        ]
    ],
    "execute_cost": 9.803000450134277,
    "finish_time": 16108730,
    "limit_cost_by_ms": 9.092333793640137,
    "model_name": "googlenet",
    "recv_time": 16085619,
    "tag": "313",
    "total_cost_by_ms": 23.111000061035156,
    "wait_cost": 13.307999610900879
}
