{
    "child_model_execute_cost_by_ms": [
        2.9189999103546143,
        4.3480000495910645
    ],
    "child_model_run_time": [
        [
            16182802,
            16185721
        ],
        [
            16185826,
            16190174
        ]
    ],
    "execute_cost": 7.267000198364258,
    "finish_time": 16190181,
    "limit_cost_by_ms": 6.170333385467529,
    "model_name": "yolov2",
    "recv_time": 16177926,
    "tag": "316",
    "total_cost_by_ms": 12.255000114440918,
    "wait_cost": 4.98799991607666
}
