{
    "child_model_execute_cost_by_ms": [
        18.986000061035156,
        17.677000045776367,
        20.010000228881836
    ],
    "child_model_run_time": [
        [
            16360033,
            16379019
        ],
        [
            16379113,
            16396790
        ],
        [
            16396838,
            16416848
        ]
    ],
    "execute_cost": 56.673004150390625,
    "finish_time": 16416856,
    "limit_cost_by_ms": 47.339332580566406,
    "model_name": "vgg19",
    "recv_time": 16331680,
    "tag": "323",
    "total_cost_by_ms": 85.1760025024414,
    "wait_cost": 28.50299835205078
}
