{
    "child_model_execute_cost_by_ms": [
        17.849000930786133,
        17.358999252319336,
        20.430999755859375
    ],
    "child_model_run_time": [
        [
            16425165,
            16443014
        ],
        [
            16443056,
            16460415
        ],
        [
            16460465,
            16480896
        ]
    ],
    "execute_cost": 55.638999938964844,
    "finish_time": 16480906,
    "limit_cost_by_ms": 47.339332580566406,
    "model_name": "vgg19",
    "recv_time": 16425077,
    "tag": "326",
    "total_cost_by_ms": 55.82899856567383,
    "wait_cost": 0.18999862670898438
}
