{
    "child_model_execute_cost_by_ms": [
        10.04699993133545
    ],
    "child_model_run_time": [
        [
            16597450,
            16607497
        ]
    ],
    "execute_cost": 10.04699993133545,
    "finish_time": 16607507,
    "limit_cost_by_ms": 9.092333793640137,
    "model_name": "googlenet",
    "recv_time": 16591410,
    "tag": "333",
    "total_cost_by_ms": 16.097000122070313,
    "wait_cost": 6.050000190734863
}
