{
    "child_model_execute_cost_by_ms": [
        8.348999977111816
    ],
    "child_model_run_time": [
        [
            9514807,
            9523156
        ]
    ],
    "execute_cost": 8.348999977111816,
    "finish_time": 9523166,
    "limit_cost_by_ms": 7.279333114624023,
    "model_name": "squeezenetv1",
    "recv_time": 9514794,
    "tag": "35",
    "total_cost_by_ms": 8.371999740600586,
    "wait_cost": 0.02299976348876953
}
