{
    "child_model_execute_cost_by_ms": [
        2.9030001163482666,
        4.534999847412109
    ],
    "child_model_run_time": [
        [
            17028284,
            17031187
        ],
        [
            17031221,
            17035756
        ]
    ],
    "execute_cost": 7.437999725341797,
    "finish_time": 17035766,
    "limit_cost_by_ms": 6.170333385467529,
    "model_name": "yolov2",
    "recv_time": 17010153,
    "tag": "351",
    "total_cost_by_ms": 25.613000869750977,
    "wait_cost": 18.17500114440918
}
