{
    "child_model_execute_cost_by_ms": [
        18.46500015258789,
        17.968000411987305,
        20.72800064086914
    ],
    "child_model_run_time": [
        [
            17166253,
            17184718
        ],
        [
            17194875,
            17212843
        ],
        [
            17220663,
            17241391
        ]
    ],
    "execute_cost": 57.1609992980957,
    "finish_time": 17241398,
    "limit_cost_by_ms": 47.339332580566406,
    "model_name": "vgg19",
    "recv_time": 17166246,
    "tag": "357",
    "total_cost_by_ms": 75.1520004272461,
    "wait_cost": 17.99100112915039
}
