{
    "child_model_execute_cost_by_ms": [
        8.848999977111816
    ],
    "child_model_run_time": [
        [
            17705445,
            17714294
        ]
    ],
    "execute_cost": 8.848999977111816,
    "finish_time": 17714303,
    "limit_cost_by_ms": 7.279333114624023,
    "model_name": "squeezenetv1",
    "recv_time": 17702033,
    "tag": "379",
    "total_cost_by_ms": 12.270000457763672,
    "wait_cost": 3.4210004806518555
}
