{
    "child_model_execute_cost_by_ms": [
        8.392000198364258
    ],
    "child_model_run_time": [
        [
            18063529,
            18071921
        ]
    ],
    "execute_cost": 8.392000198364258,
    "finish_time": 18071937,
    "limit_cost_by_ms": 7.279333114624023,
    "model_name": "squeezenetv1",
    "recv_time": 18045714,
    "tag": "394",
    "total_cost_by_ms": 26.222999572753906,
    "wait_cost": 17.83099937438965
}
