{
    "child_model_execute_cost_by_ms": [
        18.988000869750977,
        19.273000717163086,
        20.722000122070313
    ],
    "child_model_run_time": [
        [
            18471887,
            18490875
        ],
        [
            18524023,
            18543296
        ],
        [
            18543341,
            18564063
        ]
    ],
    "execute_cost": 58.983001708984375,
    "finish_time": 18564070,
    "limit_cost_by_ms": 47.339332580566406,
    "model_name": "vgg19",
    "recv_time": 18471875,
    "tag": "411",
    "total_cost_by_ms": 92.19499969482422,
    "wait_cost": 33.211997985839844
}
