{
    "child_model_execute_cost_by_ms": [
        7.940999984741211
    ],
    "child_model_run_time": [
        [
            18564426,
            18572367
        ]
    ],
    "execute_cost": 7.940999984741211,
    "finish_time": 18572375,
    "limit_cost_by_ms": 7.279333114624023,
    "model_name": "squeezenetv1",
    "recv_time": 18564419,
    "tag": "414",
    "total_cost_by_ms": 7.955999851226807,
    "wait_cost": 0.014999866485595703
}
