{
    "child_model_execute_cost_by_ms": [
        10.413999557495117
    ],
    "child_model_run_time": [
        [
            18847827,
            18858241
        ]
    ],
    "execute_cost": 10.413999557495117,
    "finish_time": 18858251,
    "limit_cost_by_ms": 9.092333793640137,
    "model_name": "googlenet",
    "recv_time": 18834286,
    "tag": "426",
    "total_cost_by_ms": 23.96500015258789,
    "wait_cost": 13.551000595092773
}
