{
    "child_model_execute_cost_by_ms": [
        8.484000205993652
    ],
    "child_model_run_time": [
        [
            18923480,
            18931964
        ]
    ],
    "execute_cost": 8.484000205993652,
    "finish_time": 18931974,
    "limit_cost_by_ms": 7.279333114624023,
    "model_name": "squeezenetv1",
    "recv_time": 18923464,
    "tag": "429",
    "total_cost_by_ms": 8.510000228881836,
    "wait_cost": 0.026000022888183594
}
