{
    "child_model_execute_cost_by_ms": [
        8.581999778747559
    ],
    "child_model_run_time": [
        [
            19030224,
            19038806
        ]
    ],
    "execute_cost": 8.581999778747559,
    "finish_time": 19038816,
    "limit_cost_by_ms": 7.279333114624023,
    "model_name": "squeezenetv1",
    "recv_time": 19030162,
    "tag": "434",
    "total_cost_by_ms": 8.654000282287598,
    "wait_cost": 0.07200050354003906
}
