{
    "child_model_execute_cost_by_ms": [
        15.741000175476074,
        9.053000450134277
    ],
    "child_model_run_time": [
        [
            19226086,
            19241827
        ],
        [
            19250350,
            19259403
        ]
    ],
    "execute_cost": 24.79400062561035,
    "finish_time": 19259415,
    "limit_cost_by_ms": 19.178333282470703,
    "model_name": "resnet50",
    "recv_time": 19226000,
    "tag": "443",
    "total_cost_by_ms": 33.415000915527344,
    "wait_cost": 8.621000289916992
}
