{
    "child_model_execute_cost_by_ms": [
        10.319000244140625
    ],
    "child_model_run_time": [
        [
            19317684,
            19328003
        ]
    ],
    "execute_cost": 10.319000244140625,
    "finish_time": 19328013,
    "limit_cost_by_ms": 9.092333793640137,
    "model_name": "googlenet",
    "recv_time": 19317582,
    "tag": "446",
    "total_cost_by_ms": 10.430999755859375,
    "wait_cost": 0.11199951171875
}
