{
    "child_model_execute_cost_by_ms": [
        17.889999389648438,
        17.347999572753906,
        20.82699966430664
    ],
    "child_model_run_time": [
        [
            19328461,
            19346351
        ],
        [
            19346393,
            19363741
        ],
        [
            19371591,
            19392418
        ]
    ],
    "execute_cost": 56.064998626708984,
    "finish_time": 19392427,
    "limit_cost_by_ms": 47.339332580566406,
    "model_name": "vgg19",
    "recv_time": 19328373,
    "tag": "447",
    "total_cost_by_ms": 64.05400085449219,
    "wait_cost": 7.989002227783203
}
