{
    "child_model_execute_cost_by_ms": [
        3.3550000190734863,
        4.699999809265137
    ],
    "child_model_run_time": [
        [
            19608395,
            19611750
        ],
        [
            19611799,
            19616499
        ]
    ],
    "execute_cost": 8.055000305175781,
    "finish_time": 19616510,
    "limit_cost_by_ms": 6.170333385467529,
    "model_name": "yolov2",
    "recv_time": 19587481,
    "tag": "458",
    "total_cost_by_ms": 29.02899932861328,
    "wait_cost": 20.9739990234375
}
