{
    "child_model_execute_cost_by_ms": [
        3.1710000038146973,
        4.465000152587891
    ],
    "child_model_run_time": [
        [
            20142015,
            20145186
        ],
        [
            20145269,
            20149734
        ]
    ],
    "execute_cost": 7.636000156402588,
    "finish_time": 20149740,
    "limit_cost_by_ms": 6.170333385467529,
    "model_name": "yolov2",
    "recv_time": 20130902,
    "tag": "480",
    "total_cost_by_ms": 18.83799934387207,
    "wait_cost": 11.20199966430664
}
