{
    "child_model_execute_cost_by_ms": [
        8.824999809265137
    ],
    "child_model_run_time": [
        [
            20149885,
            20158710
        ]
    ],
    "execute_cost": 8.824999809265137,
    "finish_time": 20158720,
    "limit_cost_by_ms": 7.279333114624023,
    "model_name": "squeezenetv1",
    "recv_time": 20122778,
    "tag": "479",
    "total_cost_by_ms": 35.94200134277344,
    "wait_cost": 27.117000579833984
}
