{
    "child_model_execute_cost_by_ms": [
        8.53600025177002
    ],
    "child_model_run_time": [
        [
            20205094,
            20213630
        ]
    ],
    "execute_cost": 8.53600025177002,
    "finish_time": 20213641,
    "limit_cost_by_ms": 7.279333114624023,
    "model_name": "squeezenetv1",
    "recv_time": 20200309,
    "tag": "484",
    "total_cost_by_ms": 13.331999778747559,
    "wait_cost": 4.795999526977539
}
