{
    "child_model_execute_cost_by_ms": [
        18.687000274658203,
        19.263999938964844,
        20.816999435424805
    ],
    "child_model_run_time": [
        [
            20914490,
            20933177
        ],
        [
            20967311,
            20986575
        ],
        [
            21003069,
            21023886
        ]
    ],
    "execute_cost": 58.76799774169922,
    "finish_time": 21023894,
    "limit_cost_by_ms": 47.339332580566406,
    "model_name": "vgg19",
    "recv_time": 20914479,
    "tag": "512",
    "total_cost_by_ms": 109.41500091552734,
    "wait_cost": 50.647003173828125
}
