{
    "child_model_execute_cost_by_ms": [
        8.630000114440918
    ],
    "child_model_run_time": [
        [
            21116498,
            21125128
        ]
    ],
    "execute_cost": 8.630000114440918,
    "finish_time": 21125140,
    "limit_cost_by_ms": 7.279333114624023,
    "model_name": "squeezenetv1",
    "recv_time": 21108440,
    "tag": "520",
    "total_cost_by_ms": 16.700000762939453,
    "wait_cost": 8.070000648498535
}
