{
    "child_model_execute_cost_by_ms": [
        8.253000259399414
    ],
    "child_model_run_time": [
        [
            21347565,
            21355818
        ]
    ],
    "execute_cost": 8.253000259399414,
    "finish_time": 21355832,
    "limit_cost_by_ms": 7.279333114624023,
    "model_name": "squeezenetv1",
    "recv_time": 21332854,
    "tag": "530",
    "total_cost_by_ms": 22.97800064086914,
    "wait_cost": 14.725000381469727
}
