{
    "child_model_execute_cost_by_ms": [
        2.9030001163482666,
        4.171999931335449
    ],
    "child_model_run_time": [
        [
            9986191,
            9989094
        ],
        [
            9989129,
            9993301
        ]
    ],
    "execute_cost": 7.074999809265137,
    "finish_time": 9993307,
    "limit_cost_by_ms": 6.170333385467529,
    "model_name": "yolov2",
    "recv_time": 9970775,
    "tag": "55",
    "total_cost_by_ms": 22.531999588012695,
    "wait_cost": 15.456999778747559
}
