{
    "child_model_execute_cost_by_ms": [
        2.7679998874664307,
        4.420000076293945
    ],
    "child_model_run_time": [
        [
            21524115,
            21526883
        ],
        [
            21526968,
            21531388
        ]
    ],
    "execute_cost": 7.187999725341797,
    "finish_time": 21531394,
    "limit_cost_by_ms": 6.170333385467529,
    "model_name": "yolov2",
    "recv_time": 21516627,
    "tag": "537",
    "total_cost_by_ms": 14.767000198364258,
    "wait_cost": 7.579000473022461
}
