{
    "child_model_execute_cost_by_ms": [
        14.345999717712402,
        8.579999923706055
    ],
    "child_model_run_time": [
        [
            9993312,
            10007658
        ],
        [
            10007697,
            10016277
        ]
    ],
    "execute_cost": 22.92599868774414,
    "finish_time": 10016288,
    "limit_cost_by_ms": 19.178333282470703,
    "model_name": "resnet50",
    "recv_time": 9986267,
    "tag": "56",
    "total_cost_by_ms": 30.020999908447266,
    "wait_cost": 7.095001220703125
}
