{
    "child_model_execute_cost_by_ms": [
        8.461000442504883
    ],
    "child_model_run_time": [
        [
            21701151,
            21709612
        ]
    ],
    "execute_cost": 8.461000442504883,
    "finish_time": 21709627,
    "limit_cost_by_ms": 7.279333114624023,
    "model_name": "squeezenetv1",
    "recv_time": 21698736,
    "tag": "546",
    "total_cost_by_ms": 10.890999794006348,
    "wait_cost": 2.429999351501465
}
