{
    "child_model_execute_cost_by_ms": [
        8.329000473022461
    ],
    "child_model_run_time": [
        [
            21842493,
            21850822
        ]
    ],
    "execute_cost": 8.329000473022461,
    "finish_time": 21850829,
    "limit_cost_by_ms": 7.279333114624023,
    "model_name": "squeezenetv1",
    "recv_time": 21842480,
    "tag": "550",
    "total_cost_by_ms": 8.348999977111816,
    "wait_cost": 0.01999950408935547
}
