{
    "child_model_execute_cost_by_ms": [
        14.817000389099121,
        8.925999641418457
    ],
    "child_model_run_time": [
        [
            21871130,
            21885947
        ],
        [
            21885997,
            21894923
        ]
    ],
    "execute_cost": 23.743000030517578,
    "finish_time": 21894934,
    "limit_cost_by_ms": 19.178333282470703,
    "model_name": "resnet50",
    "recv_time": 21858639,
    "tag": "552",
    "total_cost_by_ms": 36.29499816894531,
    "wait_cost": 12.551998138427734
}
