{
    "child_model_execute_cost_by_ms": [
        19.7549991607666,
        19.035999298095703,
        21.775999069213867
    ],
    "child_model_run_time": [
        [
            21945613,
            21965368
        ],
        [
            21973277,
            21992313
        ],
        [
            22000966,
            22022742
        ]
    ],
    "execute_cost": 60.56700134277344,
    "finish_time": 22022750,
    "limit_cost_by_ms": 47.339332580566406,
    "model_name": "vgg19",
    "recv_time": 21942509,
    "tag": "554",
    "total_cost_by_ms": 80.24099731445313,
    "wait_cost": 19.673995971679688
}
