{
    "child_model_execute_cost_by_ms": [
        8.597000122070313
    ],
    "child_model_run_time": [
        [
            10055699,
            10064296
        ]
    ],
    "execute_cost": 8.597000122070313,
    "finish_time": 10064307,
    "limit_cost_by_ms": 7.279333114624023,
    "model_name": "squeezenetv1",
    "recv_time": 10044051,
    "tag": "57",
    "total_cost_by_ms": 20.256000518798828,
    "wait_cost": 11.659000396728516
}
