{
    "child_model_execute_cost_by_ms": [
        2.9739999771118164,
        4.550000190734863
    ],
    "child_model_run_time": [
        [
            22218811,
            22221785
        ],
        [
            22221828,
            22226378
        ]
    ],
    "execute_cost": 7.52400016784668,
    "finish_time": 22226385,
    "limit_cost_by_ms": 6.170333385467529,
    "model_name": "yolov2",
    "recv_time": 22206998,
    "tag": "565",
    "total_cost_by_ms": 19.386999130249023,
    "wait_cost": 11.862998962402344
}
