{
    "child_model_execute_cost_by_ms": [
        3.2769999504089355,
        4.918000221252441
    ],
    "child_model_run_time": [
        [
            22961260,
            22964537
        ],
        [
            22964631,
            22969549
        ]
    ],
    "execute_cost": 8.194999694824219,
    "finish_time": 22969555,
    "limit_cost_by_ms": 6.170333385467529,
    "model_name": "yolov2",
    "recv_time": 22961244,
    "tag": "596",
    "total_cost_by_ms": 8.310999870300293,
    "wait_cost": 0.11600017547607422
}
