{
    "child_model_execute_cost_by_ms": [
        8.041000366210938
    ],
    "child_model_run_time": [
        [
            10153987,
            10162028
        ]
    ],
    "execute_cost": 8.041000366210938,
    "finish_time": 10162042,
    "limit_cost_by_ms": 7.279333114624023,
    "model_name": "squeezenetv1",
    "recv_time": 10149470,
    "tag": "62",
    "total_cost_by_ms": 12.571999549865723,
    "wait_cost": 4.530999183654785
}
