{
    "child_model_execute_cost_by_ms": [
        18.14699935913086,
        17.625,
        20.805999755859375
    ],
    "child_model_run_time": [
        [
            23180753,
            23198900
        ],
        [
            23198944,
            23216569
        ],
        [
            23224626,
            23245432
        ]
    ],
    "execute_cost": 56.577999114990234,
    "finish_time": 23245440,
    "limit_cost_by_ms": 47.339332580566406,
    "model_name": "vgg19",
    "recv_time": 23166206,
    "tag": "605",
    "total_cost_by_ms": 79.23400115966797,
    "wait_cost": 22.656002044677734
}
