{
    "child_model_execute_cost_by_ms": [
        9.720000267028809
    ],
    "child_model_run_time": [
        [
            10208128,
            10217848
        ]
    ],
    "execute_cost": 9.720000267028809,
    "finish_time": 10217865,
    "limit_cost_by_ms": 9.092333793640137,
    "model_name": "googlenet",
    "recv_time": 10203739,
    "tag": "64",
    "total_cost_by_ms": 14.12600040435791,
    "wait_cost": 4.406000137329102
}
