{
    "child_model_execute_cost_by_ms": [
        15.607000350952148,
        9.395999908447266
    ],
    "child_model_run_time": [
        [
            23969811,
            23985418
        ],
        [
            23985517,
            23994913
        ]
    ],
    "execute_cost": 25.003000259399414,
    "finish_time": 23994921,
    "limit_cost_by_ms": 19.178333282470703,
    "model_name": "resnet50",
    "recv_time": 23951894,
    "tag": "638",
    "total_cost_by_ms": 43.027000427246094,
    "wait_cost": 18.02400016784668
}
