{
    "child_model_execute_cost_by_ms": [
        14.920000076293945,
        9.312000274658203
    ],
    "child_model_run_time": [
        [
            24099445,
            24114365
        ],
        [
            24114421,
            24123733
        ]
    ],
    "execute_cost": 24.23200035095215,
    "finish_time": 24123744,
    "limit_cost_by_ms": 19.178333282470703,
    "model_name": "resnet50",
    "recv_time": 24095556,
    "tag": "644",
    "total_cost_by_ms": 28.187999725341797,
    "wait_cost": 3.9559993743896484
}
