{
    "child_model_execute_cost_by_ms": [
        19.634000778198242,
        19.750999450683594,
        21.538000106811523
    ],
    "child_model_run_time": [
        [
            24079662,
            24099296
        ],
        [
            24123822,
            24143573
        ],
        [
            24143670,
            24165208
        ]
    ],
    "execute_cost": 60.923004150390625,
    "finish_time": 24165214,
    "limit_cost_by_ms": 47.339332580566406,
    "model_name": "vgg19",
    "recv_time": 24079567,
    "tag": "643",
    "total_cost_by_ms": 85.64700317382813,
    "wait_cost": 24.7239990234375
}
