{
    "child_model_execute_cost_by_ms": [
        7.96999979019165
    ],
    "child_model_run_time": [
        [
            24331500,
            24339470
        ]
    ],
    "execute_cost": 7.96999979019165,
    "finish_time": 24339482,
    "limit_cost_by_ms": 7.279333114624023,
    "model_name": "squeezenetv1",
    "recv_time": 24327739,
    "tag": "653",
    "total_cost_by_ms": 11.743000030517578,
    "wait_cost": 3.7730002403259277
}
