{
    "child_model_execute_cost_by_ms": [
        20.011999130249023,
        19.191999435424805,
        20.860000610351563
    ],
    "child_model_run_time": [
        [
            24284288,
            24304300
        ],
        [
            24312261,
            24331453
        ],
        [
            24339585,
            24360445
        ]
    ],
    "execute_cost": 60.06399917602539,
    "finish_time": 24360454,
    "limit_cost_by_ms": 47.339332580566406,
    "model_name": "vgg19",
    "recv_time": 24254425,
    "tag": "651",
    "total_cost_by_ms": 106.02899932861328,
    "wait_cost": 45.96500015258789
}
