{
    "child_model_execute_cost_by_ms": [
        10.307000160217285
    ],
    "child_model_run_time": [
        [
            24418985,
            24429292
        ]
    ],
    "execute_cost": 10.307000160217285,
    "finish_time": 24429300,
    "limit_cost_by_ms": 9.092333793640137,
    "model_name": "googlenet",
    "recv_time": 24412222,
    "tag": "655",
    "total_cost_by_ms": 17.077999114990234,
    "wait_cost": 6.770998954772949
}
