{
    "child_model_execute_cost_by_ms": [
        2.816999912261963,
        4.427000045776367
    ],
    "child_model_run_time": [
        [
            25084143,
            25086960
        ],
        [
            25087011,
            25091438
        ]
    ],
    "execute_cost": 7.24399995803833,
    "finish_time": 25091445,
    "limit_cost_by_ms": 6.170333385467529,
    "model_name": "yolov2",
    "recv_time": 25070180,
    "tag": "683",
    "total_cost_by_ms": 21.264999389648438,
    "wait_cost": 14.020999908447266
}
