{
    "child_model_execute_cost_by_ms": [
        19.575000762939453,
        17.695999145507813,
        20.1299991607666
    ],
    "child_model_run_time": [
        [
            25119264,
            25138839
        ],
        [
            25138895,
            25156591
        ],
        [
            25156642,
            25176772
        ]
    ],
    "execute_cost": 57.4010009765625,
    "finish_time": 25176779,
    "limit_cost_by_ms": 47.339332580566406,
    "model_name": "vgg19",
    "recv_time": 25111413,
    "tag": "685",
    "total_cost_by_ms": 65.36599731445313,
    "wait_cost": 7.964996337890625
}
