{
    "child_model_execute_cost_by_ms": [
        18.288999557495117,
        17.990999221801758,
        21.33799934387207
    ],
    "child_model_run_time": [
        [
            25401932,
            25420221
        ],
        [
            25420313,
            25438304
        ],
        [
            25448229,
            25469567
        ]
    ],
    "execute_cost": 57.61799621582031,
    "finish_time": 25469577,
    "limit_cost_by_ms": 47.339332580566406,
    "model_name": "vgg19",
    "recv_time": 25401741,
    "tag": "696",
    "total_cost_by_ms": 67.83599853515625,
    "wait_cost": 10.218002319335938
}
