{
    "child_model_execute_cost_by_ms": [
        8.119999885559082
    ],
    "child_model_run_time": [
        [
            25589961,
            25598081
        ]
    ],
    "execute_cost": 8.119999885559082,
    "finish_time": 25598086,
    "limit_cost_by_ms": 7.279333114624023,
    "model_name": "squeezenetv1",
    "recv_time": 25589856,
    "tag": "704",
    "total_cost_by_ms": 8.229999542236328,
    "wait_cost": 0.1099996566772461
}
