{
    "child_model_execute_cost_by_ms": [
        14.381999969482422,
        8.956999778747559
    ],
    "child_model_run_time": [
        [
            10421554,
            10435936
        ],
        [
            10445971,
            10454928
        ]
    ],
    "execute_cost": 23.339000701904297,
    "finish_time": 10454938,
    "limit_cost_by_ms": 19.178333282470703,
    "model_name": "resnet50",
    "recv_time": 10421546,
    "tag": "73",
    "total_cost_by_ms": 33.391998291015625,
    "wait_cost": 10.052997589111328
}
