{
    "child_model_execute_cost_by_ms": [
        9.786999702453613
    ],
    "child_model_run_time": [
        [
            26431821,
            26441608
        ]
    ],
    "execute_cost": 9.786999702453613,
    "finish_time": 26441615,
    "limit_cost_by_ms": 9.092333793640137,
    "model_name": "googlenet",
    "recv_time": 26410077,
    "tag": "739",
    "total_cost_by_ms": 31.538000106811523,
    "wait_cost": 21.750999450683594
}
