{
    "child_model_execute_cost_by_ms": [
        7.947999954223633
    ],
    "child_model_run_time": [
        [
            26901180,
            26909128
        ]
    ],
    "execute_cost": 7.947999954223633,
    "finish_time": 26909139,
    "limit_cost_by_ms": 7.279333114624023,
    "model_name": "squeezenetv1",
    "recv_time": 26898487,
    "tag": "760",
    "total_cost_by_ms": 10.652000427246094,
    "wait_cost": 2.704000473022461
}
