{
    "child_model_execute_cost_by_ms": [
        2.8970000743865967,
        4.508999824523926
    ],
    "child_model_run_time": [
        [
            26962617,
            26965514
        ],
        [
            26965553,
            26970062
        ]
    ],
    "execute_cost": 7.406000137329102,
    "finish_time": 26970070,
    "limit_cost_by_ms": 6.170333385467529,
    "model_name": "yolov2",
    "recv_time": 26962450,
    "tag": "761",
    "total_cost_by_ms": 7.619999885559082,
    "wait_cost": 0.21399974822998047
}
