{
    "child_model_execute_cost_by_ms": [
        8.690999984741211
    ],
    "child_model_run_time": [
        [
            10520080,
            10528771
        ]
    ],
    "execute_cost": 8.690999984741211,
    "finish_time": 10528779,
    "limit_cost_by_ms": 7.279333114624023,
    "model_name": "squeezenetv1",
    "recv_time": 10505500,
    "tag": "77",
    "total_cost_by_ms": 23.27899932861328,
    "wait_cost": 14.58799934387207
}
