{
    "child_model_execute_cost_by_ms": [
        8.654999732971191
    ],
    "child_model_run_time": [
        [
            27061468,
            27070123
        ]
    ],
    "execute_cost": 8.654999732971191,
    "finish_time": 27070131,
    "limit_cost_by_ms": 7.279333114624023,
    "model_name": "squeezenetv1",
    "recv_time": 27043504,
    "tag": "764",
    "total_cost_by_ms": 26.62700080871582,
    "wait_cost": 17.972000122070313
}
