{
    "child_model_execute_cost_by_ms": [
        16.05500030517578,
        9.395999908447266
    ],
    "child_model_run_time": [
        [
            27070246,
            27086301
        ],
        [
            27086347,
            27095743
        ]
    ],
    "execute_cost": 25.451000213623047,
    "finish_time": 27095752,
    "limit_cost_by_ms": 19.178333282470703,
    "model_name": "resnet50",
    "recv_time": 27061621,
    "tag": "765",
    "total_cost_by_ms": 34.13100051879883,
    "wait_cost": 8.680000305175781
}
