{
    "child_model_execute_cost_by_ms": [
        20.091999053955078,
        18.893999099731445,
        21.527000427246094
    ],
    "child_model_run_time": [
        [
            27573876,
            27593968
        ],
        [
            27594080,
            27612974
        ],
        [
            27613063,
            27634590
        ]
    ],
    "execute_cost": 60.51300048828125,
    "finish_time": 27634598,
    "limit_cost_by_ms": 47.339332580566406,
    "model_name": "vgg19",
    "recv_time": 27560099,
    "tag": "786",
    "total_cost_by_ms": 74.4990005493164,
    "wait_cost": 13.986000061035156
}
