{
    "child_model_execute_cost_by_ms": [
        18.14900016784668,
        17.729000091552734,
        20.673999786376953
    ],
    "child_model_run_time": [
        [
            27747395,
            27765544
        ],
        [
            27765587,
            27783316
        ],
        [
            27783406,
            27804080
        ]
    ],
    "execute_cost": 56.551998138427734,
    "finish_time": 27804088,
    "limit_cost_by_ms": 47.339332580566406,
    "model_name": "vgg19",
    "recv_time": 27737937,
    "tag": "792",
    "total_cost_by_ms": 66.1510009765625,
    "wait_cost": 9.599002838134766
}
