{
    "child_model_execute_cost_by_ms": [
        9.824999809265137
    ],
    "child_model_run_time": [
        [
            28057592,
            28067417
        ]
    ],
    "execute_cost": 9.824999809265137,
    "finish_time": 28067422,
    "limit_cost_by_ms": 9.092333793640137,
    "model_name": "googlenet",
    "recv_time": 28050186,
    "tag": "806",
    "total_cost_by_ms": 17.236000061035156,
    "wait_cost": 7.4110002517700195
}
