{
    "child_model_execute_cost_by_ms": [
        18.87299919128418,
        19.388999938964844,
        21.780000686645508
    ],
    "child_model_run_time": [
        [
            28022666,
            28041539
        ],
        [
            28067568,
            28086957
        ],
        [
            28087007,
            28108787
        ]
    ],
    "execute_cost": 60.04199981689453,
    "finish_time": 28108795,
    "limit_cost_by_ms": 47.339332580566406,
    "model_name": "vgg19",
    "recv_time": 28022651,
    "tag": "803",
    "total_cost_by_ms": 86.14399719238281,
    "wait_cost": 26.10199737548828
}
