{
    "child_model_execute_cost_by_ms": [
        3.5199999809265137,
        4.748000144958496
    ],
    "child_model_run_time": [
        [
            28676528,
            28680048
        ],
        [
            28680126,
            28684874
        ]
    ],
    "execute_cost": 8.267999649047852,
    "finish_time": 28684881,
    "limit_cost_by_ms": 6.170333385467529,
    "model_name": "yolov2",
    "recv_time": 28670959,
    "tag": "830",
    "total_cost_by_ms": 13.92199993133545,
    "wait_cost": 5.654000282287598
}
