{
    "child_model_execute_cost_by_ms": [
        8.187999725341797
    ],
    "child_model_run_time": [
        [
            10746908,
            10755096
        ]
    ],
    "execute_cost": 8.187999725341797,
    "finish_time": 10755110,
    "limit_cost_by_ms": 7.279333114624023,
    "model_name": "squeezenetv1",
    "recv_time": 10739070,
    "tag": "88",
    "total_cost_by_ms": 16.040000915527344,
    "wait_cost": 7.852001190185547
}
