{
    "child_model_execute_cost_by_ms": [
        9.496999740600586
    ],
    "child_model_run_time": [
        [
            29307376,
            29316873
        ]
    ],
    "execute_cost": 9.496999740600586,
    "finish_time": 29316885,
    "limit_cost_by_ms": 9.092333793640137,
    "model_name": "googlenet",
    "recv_time": 29300883,
    "tag": "856",
    "total_cost_by_ms": 16.00200080871582,
    "wait_cost": 6.505001068115234
}
