{
    "child_model_execute_cost_by_ms": [
        8.064000129699707
    ],
    "child_model_run_time": [
        [
            29870598,
            29878662
        ]
    ],
    "execute_cost": 8.064000129699707,
    "finish_time": 29878671,
    "limit_cost_by_ms": 7.279333114624023,
    "model_name": "squeezenetv1",
    "recv_time": 29870537,
    "tag": "878",
    "total_cost_by_ms": 8.133999824523926,
    "wait_cost": 0.06999969482421875
}
