{
    "child_model_execute_cost_by_ms": [
        19.430999755859375,
        20.3439998626709,
        22.187999725341797
    ],
    "child_model_run_time": [
        [
            29991090,
            30010521
        ],
        [
            30055268,
            30075612
        ],
        [
            30075672,
            30097860
        ]
    ],
    "execute_cost": 61.9630012512207,
    "finish_time": 30097868,
    "limit_cost_by_ms": 47.339332580566406,
    "model_name": "vgg19",
    "recv_time": 29991008,
    "tag": "884",
    "total_cost_by_ms": 106.86000061035156,
    "wait_cost": 44.89699935913086
}
