{
    "child_model_execute_cost_by_ms": [
        19.16699981689453,
        18.66699981689453,
        20.256000518798828
    ],
    "child_model_run_time": [
        [
            30455519,
            30474686
        ],
        [
            30507401,
            30526068
        ],
        [
            30526121,
            30546377
        ]
    ],
    "execute_cost": 58.09000015258789,
    "finish_time": 30546383,
    "limit_cost_by_ms": 47.339332580566406,
    "model_name": "vgg19",
    "recv_time": 30455417,
    "tag": "903",
    "total_cost_by_ms": 90.96600341796875,
    "wait_cost": 32.87600326538086
}
