{
    "child_model_execute_cost_by_ms": [
        19.5310001373291,
        19.398000717163086,
        20.797000885009766
    ],
    "child_model_run_time": [
        [
            30745480,
            30765011
        ],
        [
            30807493,
            30826891
        ],
        [
            30826988,
            30847785
        ]
    ],
    "execute_cost": 59.72600173950195,
    "finish_time": 30847794,
    "limit_cost_by_ms": 47.339332580566406,
    "model_name": "vgg19",
    "recv_time": 30745377,
    "tag": "915",
    "total_cost_by_ms": 102.41699981689453,
    "wait_cost": 42.69099807739258
}
