{
    "child_model_execute_cost_by_ms": [
        9.710000038146973
    ],
    "child_model_run_time": [
        [
            31048364,
            31058074
        ]
    ],
    "execute_cost": 9.710000038146973,
    "finish_time": 31058082,
    "limit_cost_by_ms": 9.092333793640137,
    "model_name": "googlenet",
    "recv_time": 31025060,
    "tag": "927",
    "total_cost_by_ms": 33.02199935913086,
    "wait_cost": 23.312000274658203
}
