{
    "child_model_execute_cost_by_ms": [
        8.28600025177002
    ],
    "child_model_run_time": [
        [
            31097197,
            31105483
        ]
    ],
    "execute_cost": 8.28600025177002,
    "finish_time": 31105492,
    "limit_cost_by_ms": 7.279333114624023,
    "model_name": "squeezenetv1",
    "recv_time": 31097165,
    "tag": "929",
    "total_cost_by_ms": 8.32699966430664,
    "wait_cost": 0.040999412536621094
}
