{
    "child_model_execute_cost_by_ms": [
        15.552000045776367,
        8.84000015258789
    ],
    "child_model_run_time": [
        [
            31105764,
            31121316
        ],
        [
            31121452,
            31130292
        ]
    ],
    "execute_cost": 24.392000198364258,
    "finish_time": 31130303,
    "limit_cost_by_ms": 19.178333282470703,
    "model_name": "resnet50",
    "recv_time": 31105746,
    "tag": "930",
    "total_cost_by_ms": 24.55699920654297,
    "wait_cost": 0.16499900817871094
}
