{
    "child_model_execute_cost_by_ms": [
        7.936999797821045
    ],
    "child_model_run_time": [
        [
            31224234,
            31232171
        ]
    ],
    "execute_cost": 7.936999797821045,
    "finish_time": 31232182,
    "limit_cost_by_ms": 7.279333114624023,
    "model_name": "squeezenetv1",
    "recv_time": 31223024,
    "tag": "935",
    "total_cost_by_ms": 9.157999992370605,
    "wait_cost": 1.2210001945495605
}
