{
    "child_model_execute_cost_by_ms": [
        15.463000297546387,
        9.154999732971191
    ],
    "child_model_run_time": [
        [
            31279060,
            31294523
        ],
        [
            31304052,
            31313207
        ]
    ],
    "execute_cost": 24.618000030517578,
    "finish_time": 31313219,
    "limit_cost_by_ms": 19.178333282470703,
    "model_name": "resnet50",
    "recv_time": 31271154,
    "tag": "937",
    "total_cost_by_ms": 42.064998626708984,
    "wait_cost": 17.446998596191406
}
