{
    "child_model_execute_cost_by_ms": [
        10.394000053405762
    ],
    "child_model_run_time": [
        [
            32061625,
            32072019
        ]
    ],
    "execute_cost": 10.394000053405762,
    "finish_time": 32072027,
    "limit_cost_by_ms": 9.092333793640137,
    "model_name": "googlenet",
    "recv_time": 32059073,
    "tag": "969",
    "total_cost_by_ms": 12.954000473022461,
    "wait_cost": 2.560000419616699
}
