{
    "child_model_execute_cost_by_ms": [
        19.04199981689453,
        17.56800079345703,
        20.062000274658203
    ],
    "child_model_run_time": [
        [
            10995253,
            11014295
        ],
        [
            11014334,
            11031902
        ],
        [
            11031932,
            11051994
        ]
    ],
    "execute_cost": 56.672000885009766,
    "finish_time": 11052000,
    "limit_cost_by_ms": 47.339332580566406,
    "model_name": "vgg19",
    "recv_time": 10995243,
    "tag": "98",
    "total_cost_by_ms": 56.75699996948242,
    "wait_cost": 0.08499908447265625
}
