{
    "child_model_execute_cost_by_ms": [
        8.022000312805176
    ],
    "child_model_run_time": [
        [
            32129958,
            32137980
        ]
    ],
    "execute_cost": 8.022000312805176,
    "finish_time": 32137989,
    "limit_cost_by_ms": 7.279333114624023,
    "model_name": "squeezenetv1",
    "recv_time": 32129928,
    "tag": "971",
    "total_cost_by_ms": 8.060999870300293,
    "wait_cost": 0.03899955749511719
}
