name,Std. Deviation of RR
DLIR,0.7690864378692861
BNST,1.4778027596138317
FIFO,1.771543615984494
OYST,0.7754772942284492
PARALLEL,2.320530892789046
