name,Average RR
DLIR,1.9292207968047341
BNST,1.9272007819275145
FIFO,2.0923786132942896
OYST,1.9200589581943182
PARALLEL,2.518501783496027
