name,Average RR, Max RR
DLIR,1.9292207968047341,5.135057880372103
BNST,1.9272007819275145,8.583777490173949
FIFO,2.0923786132942896,11.613096870414008
OYST,1.9200589581943182,5.13746322216666
PARALLEL,2.518501783496027,13.456480089953015
