name,Max RR
DLIR,5.135057880372103
BNST,8.583777490173949
FIFO,11.613096870414008
OYST,5.13746322216666
PARALLEL,13.456480089953015
