name,min,avg,max
vgg19,1.0,1.0669196068053304,1.627944877621709
resnet50,1.0,1.77379757528939,3.9614738488999977
yolov2,1.0558252874776464,4.00902327239511,11.888996935973962
squeezenetv1,1.0594889579895925,3.747326092928572,10.83883436984389
googlenet,1.0660887059280635,3.1425934284077424,7.898980330558203
total,1.0,2.49339050614352,11.888996935973962
