{
    "vgg19": {
        "min": 0.01300048828125,
        "avg": 3.3491739265532363,
        "max": 23.748004913330078,
        "std": 5.930812306427085
    },
    "squeezenetv1": {
        "min": 0.01399993896484375,
        "avg": 19.628519877007133,
        "max": 73.15299987792969,
        "std": 18.03135471060625
    },
    "resnet50": {
        "min": 0.017999649047851562,
        "avg": 13.787236258739561,
        "max": 54.42100524902344,
        "std": 16.15013473695586
    },
    "googlenet": {
        "min": 0.017999649047851562,
        "avg": 18.26261918506925,
        "max": 61.558998107910156,
        "std": 17.944011504125385
    },
    "yolov2": {
        "min": 0.020999908447265625,
        "avg": 17.455131527624633,
        "max": 65.83399963378906,
        "std": 17.13875249567657
    },
    "total": {
        "min": 0.01300048828125,
        "avg": 13.437649052619934,
        "max": 73.15299987792969,
        "std": 16.35735108423189
    }
}