name,Std. Deviation of RR
vgg19,0.12267455257607289
resnet50,0.8579831184804536
yolov2,2.8053896777301683
squeezenetv1,2.415478400970193
googlenet,1.972384170893043
total,2.075883249356317
