name,min,avg,max
vgg19,1.0,1.0790497677108546,1.667519867601493
resnet50,1.0037873000065314,1.8694631778498585,5.5930081106922644
yolov2,1.0592126662967678,3.350157839195134,9.031138897633724
squeezenetv1,1.0627637529070624,3.105239695929086,8.241956626807214
googlenet,1.112385265163558,3.0012874649169845,8.388072815656619
total,1.0,2.294826299951557,9.031138897633724
