name,Std. Deviation of RR
vgg19,0.14823987797206012
resnet50,0.9898616967648621
yolov2,2.395731141355142
squeezenetv1,2.1766695790170605
googlenet,1.9251451148006766
total,1.820238869501802
