{
    "child_model_execute_cost_by_ms": [
        8.298999786376953
    ],
    "child_model_run_time": [
        [
            10765530,
            10773829
        ]
    ],
    "execute_cost": 8.298999786376953,
    "finish_time": 10773846,
    "limit_cost_by_ms": 7.49066686630249,
    "model_name": "squeezenetv1",
    "recv_time": 10759760,
    "tag": "105",
    "total_cost_by_ms": 14.086000442504883,
    "wait_cost": 5.78700065612793
}
