{
    "child_model_execute_cost_by_ms": [
        8.229000091552734
    ],
    "child_model_run_time": [
        [
            11837474,
            11845703
        ]
    ],
    "execute_cost": 8.229000091552734,
    "finish_time": 11845718,
    "limit_cost_by_ms": 7.49066686630249,
    "model_name": "squeezenetv1",
    "recv_time": 11819651,
    "tag": "158",
    "total_cost_by_ms": 26.066999435424805,
    "wait_cost": 17.83799934387207
}
