{
    "child_model_execute_cost_by_ms": [
        19.39699935913086,
        17.38800048828125,
        20.90399932861328
    ],
    "child_model_run_time": [
        [
            11899909,
            11919306
        ],
        [
            11928540,
            11945928
        ],
        [
            11945946,
            11966850
        ]
    ],
    "execute_cost": 57.68899917602539,
    "finish_time": 11966860,
    "limit_cost_by_ms": 47.54966735839844,
    "model_name": "vgg19",
    "recv_time": 11899784,
    "tag": "161",
    "total_cost_by_ms": 67.07599639892578,
    "wait_cost": 9.38699722290039
}
