{
    "child_model_execute_cost_by_ms": [
        9.098999977111816
    ],
    "child_model_run_time": [
        [
            12434510,
            12443609
        ]
    ],
    "execute_cost": 9.098999977111816,
    "finish_time": 12443614,
    "limit_cost_by_ms": 9.005666732788086,
    "model_name": "googlenet",
    "recv_time": 12434424,
    "tag": "188",
    "total_cost_by_ms": 9.1899995803833,
    "wait_cost": 0.09099960327148438
}
