{
    "child_model_execute_cost_by_ms": [
        3.11899995803833,
        4.703999996185303
    ],
    "child_model_run_time": [
        [
            12516604,
            12519723
        ],
        [
            12519775,
            12524479
        ]
    ],
    "execute_cost": 7.822999954223633,
    "finish_time": 12524491,
    "limit_cost_by_ms": 6.269333362579346,
    "model_name": "yolov2",
    "recv_time": 12497141,
    "tag": "192",
    "total_cost_by_ms": 27.350000381469727,
    "wait_cost": 19.527000427246094
}
