{
    "child_model_execute_cost_by_ms": [
        15.234999656677246,
        9.347999572753906
    ],
    "child_model_run_time": [
        [
            12961298,
            12976533
        ],
        [
            12994356,
            13003704
        ]
    ],
    "execute_cost": 24.58300018310547,
    "finish_time": 13003710,
    "limit_cost_by_ms": 19.21299934387207,
    "model_name": "resnet50",
    "recv_time": 12953387,
    "tag": "214",
    "total_cost_by_ms": 50.323001861572266,
    "wait_cost": 25.740001678466797
}
