{
    "child_model_execute_cost_by_ms": [
        15.354999542236328,
        9.517000198364258
    ],
    "child_model_run_time": [
        [
            13449785,
            13465140
        ],
        [
            13472598,
            13482115
        ]
    ],
    "execute_cost": 24.871999740600586,
    "finish_time": 13482125,
    "limit_cost_by_ms": 19.21299934387207,
    "model_name": "resnet50",
    "recv_time": 13442209,
    "tag": "238",
    "total_cost_by_ms": 39.91600036621094,
    "wait_cost": 15.044000625610352
}
