{
    "child_model_execute_cost_by_ms": [
        18.48699951171875,
        18.156999588012695,
        20.400999069213867
    ],
    "child_model_run_time": [
        [
            9098247,
            9116734
        ],
        [
            9124546,
            9142703
        ],
        [
            9142752,
            9163153
        ]
    ],
    "execute_cost": 57.04499816894531,
    "finish_time": 9163161,
    "limit_cost_by_ms": 47.54966735839844,
    "model_name": "vgg19",
    "recv_time": 9097086,
    "tag": "24",
    "total_cost_by_ms": 66.07499694824219,
    "wait_cost": 9.029998779296875
}
