{
    "child_model_execute_cost_by_ms": [
        19.562999725341797,
        17.979000091552734,
        20.749000549316406
    ],
    "child_model_run_time": [
        [
            13554354,
            13573917
        ],
        [
            13573960,
            13591939
        ],
        [
            13591967,
            13612716
        ]
    ],
    "execute_cost": 58.29100036621094,
    "finish_time": 13612721,
    "limit_cost_by_ms": 47.54966735839844,
    "model_name": "vgg19",
    "recv_time": 13554338,
    "tag": "244",
    "total_cost_by_ms": 58.382999420166016,
    "wait_cost": 0.09199905395507813
}
