{
    "child_model_execute_cost_by_ms": [
        9.458999633789063
    ],
    "child_model_run_time": [
        [
            14055299,
            14064758
        ]
    ],
    "execute_cost": 9.458999633789063,
    "finish_time": 14064765,
    "limit_cost_by_ms": 9.005666732788086,
    "model_name": "googlenet",
    "recv_time": 14055180,
    "tag": "267",
    "total_cost_by_ms": 9.585000038146973,
    "wait_cost": 0.12600040435791016
}
