{
    "child_model_execute_cost_by_ms": [
        8.17300033569336
    ],
    "child_model_run_time": [
        [
            14065375,
            14073548
        ]
    ],
    "execute_cost": 8.17300033569336,
    "finish_time": 14073558,
    "limit_cost_by_ms": 7.49066686630249,
    "model_name": "squeezenetv1",
    "recv_time": 14065261,
    "tag": "268",
    "total_cost_by_ms": 8.29699993133545,
    "wait_cost": 0.12399959564208984
}
