{
    "child_model_execute_cost_by_ms": [
        2.812999963760376,
        4.251999855041504
    ],
    "child_model_run_time": [
        [
            14196032,
            14198845
        ],
        [
            14198927,
            14203179
        ]
    ],
    "execute_cost": 7.064999580383301,
    "finish_time": 14203182,
    "limit_cost_by_ms": 6.269333362579346,
    "model_name": "yolov2",
    "recv_time": 14195965,
    "tag": "274",
    "total_cost_by_ms": 7.2170000076293945,
    "wait_cost": 0.15200042724609375
}
