{
    "child_model_execute_cost_by_ms": [
        8.22599983215332
    ],
    "child_model_run_time": [
        [
            14858125,
            14866351
        ]
    ],
    "execute_cost": 8.22599983215332,
    "finish_time": 14866362,
    "limit_cost_by_ms": 7.49066686630249,
    "model_name": "squeezenetv1",
    "recv_time": 14858003,
    "tag": "307",
    "total_cost_by_ms": 8.359000205993652,
    "wait_cost": 0.13300037384033203
}
