{
    "child_model_execute_cost_by_ms": [
        8.243000030517578
    ],
    "child_model_run_time": [
        [
            15400298,
            15408541
        ]
    ],
    "execute_cost": 8.243000030517578,
    "finish_time": 15408550,
    "limit_cost_by_ms": 7.49066686630249,
    "model_name": "squeezenetv1",
    "recv_time": 15400284,
    "tag": "334",
    "total_cost_by_ms": 8.265999794006348,
    "wait_cost": 0.02299976348876953
}
