{
    "child_model_execute_cost_by_ms": [
        19.52400016784668,
        19.208999633789063,
        20.85700035095215
    ],
    "child_model_run_time": [
        [
            15441751,
            15461275
        ],
        [
            15471020,
            15490229
        ],
        [
            15490275,
            15511132
        ]
    ],
    "execute_cost": 59.590003967285156,
    "finish_time": 15511142,
    "limit_cost_by_ms": 47.54966735839844,
    "model_name": "vgg19",
    "recv_time": 15409114,
    "tag": "336",
    "total_cost_by_ms": 102.02799987792969,
    "wait_cost": 42.43799591064453
}
