{
    "child_model_execute_cost_by_ms": [
        2.9579999446868896,
        4.306000232696533
    ],
    "child_model_run_time": [
        [
            15582015,
            15584973
        ],
        [
            15585057,
            15589363
        ]
    ],
    "execute_cost": 7.263999938964844,
    "finish_time": 15589369,
    "limit_cost_by_ms": 6.269333362579346,
    "model_name": "yolov2",
    "recv_time": 15572674,
    "tag": "344",
    "total_cost_by_ms": 16.69499969482422,
    "wait_cost": 9.430999755859375
}
