{
    "child_model_execute_cost_by_ms": [
        18.207000732421875,
        17.88599967956543,
        20.742000579833984
    ],
    "child_model_run_time": [
        [
            15706647,
            15724854
        ],
        [
            15724875,
            15742761
        ],
        [
            15742780,
            15763522
        ]
    ],
    "execute_cost": 56.83500289916992,
    "finish_time": 15763531,
    "limit_cost_by_ms": 47.54966735839844,
    "model_name": "vgg19",
    "recv_time": 15693625,
    "tag": "350",
    "total_cost_by_ms": 69.90599822998047,
    "wait_cost": 13.070995330810547
}
