{
    "child_model_execute_cost_by_ms": [
        15.70199966430664,
        9.357999801635742
    ],
    "child_model_run_time": [
        [
            15821569,
            15837271
        ],
        [
            15837337,
            15846695
        ]
    ],
    "execute_cost": 25.059999465942383,
    "finish_time": 15846707,
    "limit_cost_by_ms": 19.21299934387207,
    "model_name": "resnet50",
    "recv_time": 15821419,
    "tag": "356",
    "total_cost_by_ms": 25.288000106811523,
    "wait_cost": 0.22800064086914063
}
