{
    "child_model_execute_cost_by_ms": [
        18.381000518798828,
        17.76799964904785,
        21.047000885009766
    ],
    "child_model_run_time": [
        [
            15846782,
            15865163
        ],
        [
            15865254,
            15883022
        ],
        [
            15892702,
            15913749
        ]
    ],
    "execute_cost": 57.19600296020508,
    "finish_time": 15913757,
    "limit_cost_by_ms": 47.54966735839844,
    "model_name": "vgg19",
    "recv_time": 15825212,
    "tag": "357",
    "total_cost_by_ms": 88.54499816894531,
    "wait_cost": 31.348995208740234
}
