{
    "child_model_execute_cost_by_ms": [
        14.57699966430664,
        9.25100040435791
    ],
    "child_model_run_time": [
        [
            16213671,
            16228248
        ],
        [
            16235460,
            16244711
        ]
    ],
    "execute_cost": 23.827999114990234,
    "finish_time": 16244720,
    "limit_cost_by_ms": 19.21299934387207,
    "model_name": "resnet50",
    "recv_time": 16213662,
    "tag": "375",
    "total_cost_by_ms": 31.058000564575195,
    "wait_cost": 7.230001449584961
}
