{
    "child_model_execute_cost_by_ms": [
        9.270999908447266
    ],
    "child_model_run_time": [
        [
            16424546,
            16433817
        ]
    ],
    "execute_cost": 9.270999908447266,
    "finish_time": 16433827,
    "limit_cost_by_ms": 9.005666732788086,
    "model_name": "googlenet",
    "recv_time": 16408807,
    "tag": "385",
    "total_cost_by_ms": 25.020000457763672,
    "wait_cost": 15.749000549316406
}
