{
    "child_model_execute_cost_by_ms": [
        15.654000282287598,
        8.946000099182129
    ],
    "child_model_run_time": [
        [
            16455211,
            16470865
        ],
        [
            16470915,
            16479861
        ]
    ],
    "execute_cost": 24.600000381469727,
    "finish_time": 16479869,
    "limit_cost_by_ms": 19.21299934387207,
    "model_name": "resnet50",
    "recv_time": 16455193,
    "tag": "386",
    "total_cost_by_ms": 24.676000595092773,
    "wait_cost": 0.07600021362304688
}
