{
    "child_model_execute_cost_by_ms": [
        9.29699993133545
    ],
    "child_model_run_time": [
        [
            16745959,
            16755256
        ]
    ],
    "execute_cost": 9.29699993133545,
    "finish_time": 16755262,
    "limit_cost_by_ms": 9.005666732788086,
    "model_name": "googlenet",
    "recv_time": 16738225,
    "tag": "401",
    "total_cost_by_ms": 17.03700065612793,
    "wait_cost": 7.7400007247924805
}
