{
    "child_model_execute_cost_by_ms": [
        9.534000396728516
    ],
    "child_model_run_time": [
        [
            17170643,
            17180177
        ]
    ],
    "execute_cost": 9.534000396728516,
    "finish_time": 17180184,
    "limit_cost_by_ms": 9.005666732788086,
    "model_name": "googlenet",
    "recv_time": 17154877,
    "tag": "423",
    "total_cost_by_ms": 25.30699920654297,
    "wait_cost": 15.772998809814453
}
