{
    "child_model_execute_cost_by_ms": [
        19.086999893188477,
        17.753999710083008,
        20.819000244140625
    ],
    "child_model_run_time": [
        [
            17585271,
            17604358
        ],
        [
            17604412,
            17622166
        ],
        [
            17631864,
            17652683
        ]
    ],
    "execute_cost": 57.65999984741211,
    "finish_time": 17652692,
    "limit_cost_by_ms": 47.54966735839844,
    "model_name": "vgg19",
    "recv_time": 17585176,
    "tag": "443",
    "total_cost_by_ms": 67.51599884033203,
    "wait_cost": 9.855998992919922
}
