{
    "child_model_execute_cost_by_ms": [
        8.1899995803833
    ],
    "child_model_run_time": [
        [
            17905234,
            17913424
        ]
    ],
    "execute_cost": 8.1899995803833,
    "finish_time": 17913435,
    "limit_cost_by_ms": 7.49066686630249,
    "model_name": "squeezenetv1",
    "recv_time": 17893491,
    "tag": "459",
    "total_cost_by_ms": 19.944000244140625,
    "wait_cost": 11.754000663757324
}
