{
    "child_model_execute_cost_by_ms": [
        8.29699993133545
    ],
    "child_model_run_time": [
        [
            18959308,
            18967605
        ]
    ],
    "execute_cost": 8.29699993133545,
    "finish_time": 18967620,
    "limit_cost_by_ms": 7.49066686630249,
    "model_name": "squeezenetv1",
    "recv_time": 18940288,
    "tag": "511",
    "total_cost_by_ms": 27.332000732421875,
    "wait_cost": 19.03499984741211
}
