{
    "child_model_execute_cost_by_ms": [
        16.018999099731445,
        9.677000045776367
    ],
    "child_model_run_time": [
        [
            19415084,
            19431103
        ],
        [
            19438719,
            19448396
        ]
    ],
    "execute_cost": 25.695999145507813,
    "finish_time": 19448403,
    "limit_cost_by_ms": 19.21299934387207,
    "model_name": "resnet50",
    "recv_time": 19403870,
    "tag": "532",
    "total_cost_by_ms": 44.53300094604492,
    "wait_cost": 18.83700180053711
}
