{
    "child_model_execute_cost_by_ms": [
        19.573999404907227,
        18.33799934387207,
        21.06100082397461
    ],
    "child_model_run_time": [
        [
            19634876,
            19654450
        ],
        [
            19654495,
            19672833
        ],
        [
            19690098,
            19711159
        ]
    ],
    "execute_cost": 58.972999572753906,
    "finish_time": 19711167,
    "limit_cost_by_ms": 47.54966735839844,
    "model_name": "vgg19",
    "recv_time": 19606705,
    "tag": "544",
    "total_cost_by_ms": 104.46199798583984,
    "wait_cost": 45.48899841308594
}
