{
    "child_model_execute_cost_by_ms": [
        9.66100025177002
    ],
    "child_model_run_time": [
        [
            19752799,
            19762460
        ]
    ],
    "execute_cost": 9.66100025177002,
    "finish_time": 19762467,
    "limit_cost_by_ms": 9.005666732788086,
    "model_name": "googlenet",
    "recv_time": 19749520,
    "tag": "551",
    "total_cost_by_ms": 12.946999549865723,
    "wait_cost": 3.285999298095703
}
