{
    "child_model_execute_cost_by_ms": [
        15.145999908447266,
        9.607000350952148
    ],
    "child_model_run_time": [
        [
            19856518,
            19871664
        ],
        [
            19889806,
            19899413
        ]
    ],
    "execute_cost": 24.753000259399414,
    "finish_time": 19899424,
    "limit_cost_by_ms": 19.21299934387207,
    "model_name": "resnet50",
    "recv_time": 19856428,
    "tag": "554",
    "total_cost_by_ms": 42.99599838256836,
    "wait_cost": 18.242998123168945
}
