{
    "child_model_execute_cost_by_ms": [
        2.7190001010894775,
        4.214000225067139
    ],
    "child_model_run_time": [
        [
            20126432,
            20129151
        ],
        [
            20129181,
            20133395
        ]
    ],
    "execute_cost": 6.933000564575195,
    "finish_time": 20133401,
    "limit_cost_by_ms": 6.269333362579346,
    "model_name": "yolov2",
    "recv_time": 20122263,
    "tag": "567",
    "total_cost_by_ms": 11.137999534606934,
    "wait_cost": 4.204998970031738
}
