{
    "child_model_execute_cost_by_ms": [
        19.638999938964844,
        18.0049991607666,
        20.67799949645996
    ],
    "child_model_run_time": [
        [
            20822773,
            20842412
        ],
        [
            20842449,
            20860454
        ],
        [
            20860489,
            20881167
        ]
    ],
    "execute_cost": 58.321998596191406,
    "finish_time": 20881176,
    "limit_cost_by_ms": 47.54966735839844,
    "model_name": "vgg19",
    "recv_time": 20816476,
    "tag": "602",
    "total_cost_by_ms": 64.69999694824219,
    "wait_cost": 6.377998352050781
}
