{
    "child_model_execute_cost_by_ms": [
        19.426000595092773,
        18.209999084472656,
        20.57200050354004
    ],
    "child_model_run_time": [
        [
            20964772,
            20984198
        ],
        [
            20984237,
            21002447
        ],
        [
            21002482,
            21023054
        ]
    ],
    "execute_cost": 58.20800018310547,
    "finish_time": 21023061,
    "limit_cost_by_ms": 47.54966735839844,
    "model_name": "vgg19",
    "recv_time": 20955426,
    "tag": "609",
    "total_cost_by_ms": 67.63500213623047,
    "wait_cost": 9.427001953125
}
