{
    "child_model_execute_cost_by_ms": [
        18.91200065612793,
        19.277999877929688,
        20.922000885009766
    ],
    "child_model_run_time": [
        [
            21484209,
            21503121
        ],
        [
            21510518,
            21529796
        ],
        [
            21529890,
            21550812
        ]
    ],
    "execute_cost": 59.112003326416016,
    "finish_time": 21550821,
    "limit_cost_by_ms": 47.54966735839844,
    "model_name": "vgg19",
    "recv_time": 21484100,
    "tag": "634",
    "total_cost_by_ms": 66.72100067138672,
    "wait_cost": 7.608997344970703
}
