{
    "child_model_execute_cost_by_ms": [
        9.732999801635742
    ],
    "child_model_run_time": [
        [
            21692849,
            21702582
        ]
    ],
    "execute_cost": 9.732999801635742,
    "finish_time": 21702589,
    "limit_cost_by_ms": 9.005666732788086,
    "model_name": "googlenet",
    "recv_time": 21692843,
    "tag": "643",
    "total_cost_by_ms": 9.746000289916992,
    "wait_cost": 0.01300048828125
}
