{
    "child_model_execute_cost_by_ms": [
        20.030000686645508,
        18.31399917602539,
        20.863000869750977
    ],
    "child_model_run_time": [
        [
            22296648,
            22316678
        ],
        [
            22316730,
            22335044
        ],
        [
            22345451,
            22366314
        ]
    ],
    "execute_cost": 59.207000732421875,
    "finish_time": 22366322,
    "limit_cost_by_ms": 47.54966735839844,
    "model_name": "vgg19",
    "recv_time": 22273934,
    "tag": "674",
    "total_cost_by_ms": 92.38800048828125,
    "wait_cost": 33.180999755859375
}
