{
    "child_model_execute_cost_by_ms": [
        8.3149995803833
    ],
    "child_model_run_time": [
        [
            22575938,
            22584253
        ]
    ],
    "execute_cost": 8.3149995803833,
    "finish_time": 22584269,
    "limit_cost_by_ms": 7.49066686630249,
    "model_name": "squeezenetv1",
    "recv_time": 22564494,
    "tag": "687",
    "total_cost_by_ms": 19.774999618530273,
    "wait_cost": 11.460000038146973
}
