{
    "child_model_execute_cost_by_ms": [
        10.178000450134277
    ],
    "child_model_run_time": [
        [
            23037918,
            23048096
        ]
    ],
    "execute_cost": 10.178000450134277,
    "finish_time": 23048111,
    "limit_cost_by_ms": 9.005666732788086,
    "model_name": "googlenet",
    "recv_time": 23022401,
    "tag": "708",
    "total_cost_by_ms": 25.709999084472656,
    "wait_cost": 15.531998634338379
}
