{
    "child_model_execute_cost_by_ms": [
        3.071000099182129,
        4.1539998054504395
    ],
    "child_model_run_time": [
        [
            23776725,
            23779796
        ],
        [
            23779826,
            23783980
        ]
    ],
    "execute_cost": 7.224999904632568,
    "finish_time": 23783983,
    "limit_cost_by_ms": 6.269333362579346,
    "model_name": "yolov2",
    "recv_time": 23770113,
    "tag": "745",
    "total_cost_by_ms": 13.869999885559082,
    "wait_cost": 6.644999980926514
}
