{
    "child_model_execute_cost_by_ms": [
        8.631999969482422
    ],
    "child_model_run_time": [
        [
            23911507,
            23920139
        ]
    ],
    "execute_cost": 8.631999969482422,
    "finish_time": 23920147,
    "limit_cost_by_ms": 7.49066686630249,
    "model_name": "squeezenetv1",
    "recv_time": 23902129,
    "tag": "751",
    "total_cost_by_ms": 18.01799964904785,
    "wait_cost": 9.38599967956543
}
