{
    "child_model_execute_cost_by_ms": [
        19.820999145507813,
        18.365999221801758,
        20.864999771118164
    ],
    "child_model_run_time": [
        [
            23920628,
            23940449
        ],
        [
            23948075,
            23966441
        ],
        [
            23966551,
            23987416
        ]
    ],
    "execute_cost": 59.05199432373047,
    "finish_time": 23987425,
    "limit_cost_by_ms": 47.54966735839844,
    "model_name": "vgg19",
    "recv_time": 23920523,
    "tag": "752",
    "total_cost_by_ms": 66.9020004272461,
    "wait_cost": 7.850006103515625
}
