{
    "child_model_execute_cost_by_ms": [
        2.928999900817871,
        4.414000034332275
    ],
    "child_model_run_time": [
        [
            24175646,
            24178575
        ],
        [
            24178658,
            24183072
        ]
    ],
    "execute_cost": 7.3429999351501465,
    "finish_time": 24183077,
    "limit_cost_by_ms": 6.269333362579346,
    "model_name": "yolov2",
    "recv_time": 24175558,
    "tag": "764",
    "total_cost_by_ms": 7.519000053405762,
    "wait_cost": 0.17600011825561523
}
