{
    "child_model_execute_cost_by_ms": [
        10.11299991607666
    ],
    "child_model_run_time": [
        [
            24183701,
            24193814
        ]
    ],
    "execute_cost": 10.11299991607666,
    "finish_time": 24193824,
    "limit_cost_by_ms": 9.005666732788086,
    "model_name": "googlenet",
    "recv_time": 24183605,
    "tag": "765",
    "total_cost_by_ms": 10.218999862670898,
    "wait_cost": 0.10599994659423828
}
