{
    "child_model_execute_cost_by_ms": [
        8.616999626159668
    ],
    "child_model_run_time": [
        [
            24297196,
            24305813
        ]
    ],
    "execute_cost": 8.616999626159668,
    "finish_time": 24305826,
    "limit_cost_by_ms": 7.49066686630249,
    "model_name": "squeezenetv1",
    "recv_time": 24294750,
    "tag": "770",
    "total_cost_by_ms": 11.076000213623047,
    "wait_cost": 2.459000587463379
}
