{
    "child_model_execute_cost_by_ms": [
        19.007999420166016,
        18.062999725341797,
        20.683000564575195
    ],
    "child_model_run_time": [
        [
            24338307,
            24357315
        ],
        [
            24357411,
            24375474
        ],
        [
            24375560,
            24396243
        ]
    ],
    "execute_cost": 57.753997802734375,
    "finish_time": 24396250,
    "limit_cost_by_ms": 47.54966735839844,
    "model_name": "vgg19",
    "recv_time": 24330950,
    "tag": "773",
    "total_cost_by_ms": 65.30000305175781,
    "wait_cost": 7.5460052490234375
}
