{
    "child_model_execute_cost_by_ms": [
        14.883000373840332,
        8.706000328063965
    ],
    "child_model_run_time": [
        [
            24448680,
            24463563
        ],
        [
            24463603,
            24472309
        ]
    ],
    "execute_cost": 23.589000701904297,
    "finish_time": 24472318,
    "limit_cost_by_ms": 19.21299934387207,
    "model_name": "resnet50",
    "recv_time": 24448520,
    "tag": "778",
    "total_cost_by_ms": 23.79800033569336,
    "wait_cost": 0.2089996337890625
}
