{
    "child_model_execute_cost_by_ms": [
        10.13700008392334
    ],
    "child_model_run_time": [
        [
            24583238,
            24593375
        ]
    ],
    "execute_cost": 10.13700008392334,
    "finish_time": 24593387,
    "limit_cost_by_ms": 9.005666732788086,
    "model_name": "googlenet",
    "recv_time": 24583131,
    "tag": "784",
    "total_cost_by_ms": 10.255999565124512,
    "wait_cost": 0.11899948120117188
}
