{
    "child_model_execute_cost_by_ms": [
        19.40399932861328,
        19.761999130249023,
        20.726999282836914
    ],
    "child_model_run_time": [
        [
            24601655,
            24621059
        ],
        [
            24645744,
            24665506
        ],
        [
            24665551,
            24686278
        ]
    ],
    "execute_cost": 59.89299774169922,
    "finish_time": 24686287,
    "limit_cost_by_ms": 47.54966735839844,
    "model_name": "vgg19",
    "recv_time": 24601545,
    "tag": "786",
    "total_cost_by_ms": 84.74199676513672,
    "wait_cost": 24.8489990234375
}
