{
    "child_model_execute_cost_by_ms": [
        19.847000122070313,
        18.91200065612793,
        20.726999282836914
    ],
    "child_model_run_time": [
        [
            25012534,
            25032381
        ],
        [
            25039655,
            25058567
        ],
        [
            25058612,
            25079339
        ]
    ],
    "execute_cost": 59.486000061035156,
    "finish_time": 25079348,
    "limit_cost_by_ms": 47.54966735839844,
    "model_name": "vgg19",
    "recv_time": 25004591,
    "tag": "805",
    "total_cost_by_ms": 74.75700378417969,
    "wait_cost": 15.271003723144531
}
