{
    "child_model_execute_cost_by_ms": [
        18.759000778198242,
        17.652000427246094,
        20.7450008392334
    ],
    "child_model_run_time": [
        [
            25130088,
            25148847
        ],
        [
            25148889,
            25166541
        ],
        [
            25200977,
            25221722
        ]
    ],
    "execute_cost": 57.156005859375,
    "finish_time": 25221731,
    "limit_cost_by_ms": 47.54966735839844,
    "model_name": "vgg19",
    "recv_time": 25129938,
    "tag": "811",
    "total_cost_by_ms": 91.79299926757813,
    "wait_cost": 34.636993408203125
}
