{
    "child_model_execute_cost_by_ms": [
        9.958999633789063
    ],
    "child_model_run_time": [
        [
            25484656,
            25494615
        ]
    ],
    "execute_cost": 9.958999633789063,
    "finish_time": 25494626,
    "limit_cost_by_ms": 9.005666732788086,
    "model_name": "googlenet",
    "recv_time": 25484524,
    "tag": "827",
    "total_cost_by_ms": 10.10200023651123,
    "wait_cost": 0.14300060272216797
}
