{
    "child_model_execute_cost_by_ms": [
        7.9730000495910645
    ],
    "child_model_run_time": [
        [
            25906653,
            25914626
        ]
    ],
    "execute_cost": 7.9730000495910645,
    "finish_time": 25914637,
    "limit_cost_by_ms": 7.49066686630249,
    "model_name": "squeezenetv1",
    "recv_time": 25895316,
    "tag": "849",
    "total_cost_by_ms": 19.320999145507813,
    "wait_cost": 11.347999572753906
}
