{
    "child_model_execute_cost_by_ms": [
        8.39900016784668
    ],
    "child_model_run_time": [
        [
            26186392,
            26194791
        ]
    ],
    "execute_cost": 8.39900016784668,
    "finish_time": 26194802,
    "limit_cost_by_ms": 7.49066686630249,
    "model_name": "squeezenetv1",
    "recv_time": 26186270,
    "tag": "862",
    "total_cost_by_ms": 8.531999588012695,
    "wait_cost": 0.13299942016601563
}
