{
    "child_model_execute_cost_by_ms": [
        18.871000289916992,
        18.69499969482422,
        20.881000518798828
    ],
    "child_model_run_time": [
        [
            26587430,
            26606301
        ],
        [
            26614602,
            26633297
        ],
        [
            26633318,
            26654199
        ]
    ],
    "execute_cost": 58.44700241088867,
    "finish_time": 26654208,
    "limit_cost_by_ms": 47.54966735839844,
    "model_name": "vgg19",
    "recv_time": 26587322,
    "tag": "882",
    "total_cost_by_ms": 66.88600158691406,
    "wait_cost": 8.43899917602539
}
