{
    "child_model_execute_cost_by_ms": [
        10.579999923706055
    ],
    "child_model_run_time": [
        [
            10498956,
            10509536
        ]
    ],
    "execute_cost": 10.579999923706055,
    "finish_time": 10509544,
    "limit_cost_by_ms": 9.005666732788086,
    "model_name": "googlenet",
    "recv_time": 10492108,
    "tag": "92",
    "total_cost_by_ms": 17.43600082397461,
    "wait_cost": 6.856000900268555
}
