{
    "child_model_execute_cost_by_ms": [
        8.359000205993652
    ],
    "child_model_run_time": [
        [
            27165099,
            27173458
        ]
    ],
    "execute_cost": 8.359000205993652,
    "finish_time": 27173477,
    "limit_cost_by_ms": 7.49066686630249,
    "model_name": "squeezenetv1",
    "recv_time": 27146548,
    "tag": "910",
    "total_cost_by_ms": 26.929000854492188,
    "wait_cost": 18.56999969482422
}
