{
    "child_model_execute_cost_by_ms": [
        3.053999900817871,
        4.400000095367432
    ],
    "child_model_run_time": [
        [
            27272821,
            27275875
        ],
        [
            27275968,
            27280368
        ]
    ],
    "execute_cost": 7.453999996185303,
    "finish_time": 27280374,
    "limit_cost_by_ms": 6.269333362579346,
    "model_name": "yolov2",
    "recv_time": 27270440,
    "tag": "918",
    "total_cost_by_ms": 9.934000015258789,
    "wait_cost": 2.4800000190734863
}
