{
    "child_model_execute_cost_by_ms": [
        8.293999671936035
    ],
    "child_model_run_time": [
        [
            27809279,
            27817573
        ]
    ],
    "execute_cost": 8.293999671936035,
    "finish_time": 27817588,
    "limit_cost_by_ms": 7.49066686630249,
    "model_name": "squeezenetv1",
    "recv_time": 27795607,
    "tag": "943",
    "total_cost_by_ms": 21.981000900268555,
    "wait_cost": 13.68700122833252
}
