{
    "child_model_execute_cost_by_ms": [
        8.357000350952148
    ],
    "child_model_run_time": [
        [
            27966728,
            27975085
        ]
    ],
    "execute_cost": 8.357000350952148,
    "finish_time": 27975102,
    "limit_cost_by_ms": 7.49066686630249,
    "model_name": "squeezenetv1",
    "recv_time": 27952955,
    "tag": "950",
    "total_cost_by_ms": 22.14699935913086,
    "wait_cost": 13.789999008178711
}
