{
    "child_model_execute_cost_by_ms": [
        15.510000228881836,
        9.843000411987305
    ],
    "child_model_run_time": [
        [
            28702883,
            28718393
        ],
        [
            28728935,
            28738778
        ]
    ],
    "execute_cost": 25.35300064086914,
    "finish_time": 28738789,
    "limit_cost_by_ms": 19.21299934387207,
    "model_name": "resnet50",
    "recv_time": 28702770,
    "tag": "985",
    "total_cost_by_ms": 36.01900100708008,
    "wait_cost": 10.666000366210938
}
