{
    "child_model_execute_cost_by_ms": [
        15.387999534606934,
        9.090999603271484
    ],
    "child_model_run_time": [
        [
            28855021,
            28870409
        ],
        [
            28870462,
            28879553
        ]
    ],
    "execute_cost": 24.479000091552734,
    "finish_time": 28879561,
    "limit_cost_by_ms": 19.21299934387207,
    "model_name": "resnet50",
    "recv_time": 28854964,
    "tag": "993",
    "total_cost_by_ms": 24.597000122070313,
    "wait_cost": 0.11800003051757813
}
