name,Max RR
DLIR,5.742828336811107
BNST,9.031138897633724
FIFO,11.888996935973962
OYST,5.403589256715708
PARALLEL,13.218645610475741
