name,Average RR
DLIR,2.1117206752222075
BNST,2.294826299951557
FIFO,2.49339050614352
OYST,2.169594191419527
PARALLEL,2.908952454071669
