name,Average RR, Max RR
DLIR,2.1117206752222075,5.742828336811107
BNST,2.294826299951557,9.031138897633724
FIFO,2.49339050614352,11.888996935973962
OYST,2.169594191419527,5.403589256715708
PARALLEL,2.908952454071669,13.218645610475741
