name,Std. Deviation of RR
DLIR,0.8006215229266956
BNST,1.820238869501802
FIFO,2.075883249356317
OYST,0.8160551622139575
PARALLEL,2.4589805777191795
