{
    "child_model_execute_cost_by_ms": [
        55.04600143432617
    ],
    "child_model_run_time": [
        [
            8614551,
            8669597
        ]
    ],
    "execute_cost": 55.04600143432617,
    "finish_time": 8669605,
    "limit_cost_by_ms": 47.56733322143555,
    "model_name": "vgg19",
    "recv_time": 8592168,
    "tag": "2",
    "total_cost_by_ms": 77.43699645996094,
    "wait_cost": 22.390995025634766
}
