{
    "child_model_execute_cost_by_ms": [
        46.1619987487793
    ],
    "child_model_run_time": [
        [
            10999430,
            11045592
        ]
    ],
    "execute_cost": 46.1619987487793,
    "finish_time": 11045599,
    "limit_cost_by_ms": 47.56733322143555,
    "model_name": "vgg19",
    "recv_time": 10986508,
    "tag": "113",
    "total_cost_by_ms": 59.090999603271484,
    "wait_cost": 12.929000854492188
}
