{
    "child_model_execute_cost_by_ms": [
        19.85300064086914
    ],
    "child_model_run_time": [
        [
            11151807,
            11171660
        ]
    ],
    "execute_cost": 19.85300064086914,
    "finish_time": 11171668,
    "limit_cost_by_ms": 19.242332458496094,
    "model_name": "resnet50",
    "recv_time": 11151794,
    "tag": "120",
    "total_cost_by_ms": 19.874000549316406,
    "wait_cost": 0.020999908447265625
}
