{
    "child_model_execute_cost_by_ms": [
        6.6620001792907715
    ],
    "child_model_run_time": [
        [
            8952979,
            8959641
        ]
    ],
    "execute_cost": 6.6620001792907715,
    "finish_time": 8959654,
    "limit_cost_by_ms": 6.179999828338623,
    "model_name": "yolov2",
    "recv_time": 8952940,
    "tag": "16",
    "total_cost_by_ms": 6.714000225067139,
    "wait_cost": 0.05200004577636719
}
