{
    "child_model_execute_cost_by_ms": [
        7.574999809265137
    ],
    "child_model_run_time": [
        [
            11980671,
            11988246
        ]
    ],
    "execute_cost": 7.574999809265137,
    "finish_time": 11988257,
    "limit_cost_by_ms": 6.179999828338623,
    "model_name": "yolov2",
    "recv_time": 11940104,
    "tag": "157",
    "total_cost_by_ms": 48.15299987792969,
    "wait_cost": 40.577999114990234
}
