{
    "child_model_execute_cost_by_ms": [
        6.810999870300293
    ],
    "child_model_run_time": [
        [
            12352114,
            12358925
        ]
    ],
    "execute_cost": 6.810999870300293,
    "finish_time": 12358932,
    "limit_cost_by_ms": 6.179999828338623,
    "model_name": "yolov2",
    "recv_time": 12352074,
    "tag": "175",
    "total_cost_by_ms": 6.857999801635742,
    "wait_cost": 0.04699993133544922
}
