{
    "child_model_execute_cost_by_ms": [
        7.446000099182129
    ],
    "child_model_run_time": [
        [
            12513477,
            12520923
        ]
    ],
    "execute_cost": 7.446000099182129,
    "finish_time": 12520936,
    "limit_cost_by_ms": 6.179999828338623,
    "model_name": "yolov2",
    "recv_time": 12493976,
    "tag": "182",
    "total_cost_by_ms": 26.959999084472656,
    "wait_cost": 19.513999938964844
}
