{
    "child_model_execute_cost_by_ms": [
        8.232999801635742
    ],
    "child_model_run_time": [
        [
            12672041,
            12680274
        ]
    ],
    "execute_cost": 8.232999801635742,
    "finish_time": 12680282,
    "limit_cost_by_ms": 7.513999938964844,
    "model_name": "squeezenetv1",
    "recv_time": 12627336,
    "tag": "190",
    "total_cost_by_ms": 52.94599914550781,
    "wait_cost": 44.71299743652344
}
