{
    "child_model_execute_cost_by_ms": [
        20.71500015258789
    ],
    "child_model_run_time": [
        [
            12855370,
            12876085
        ]
    ],
    "execute_cost": 20.71500015258789,
    "finish_time": 12876093,
    "limit_cost_by_ms": 19.242332458496094,
    "model_name": "resnet50",
    "recv_time": 12844632,
    "tag": "199",
    "total_cost_by_ms": 31.461000442504883,
    "wait_cost": 10.746000289916992
}
