{
    "child_model_execute_cost_by_ms": [
        8.286999702453613
    ],
    "child_model_run_time": [
        [
            13644427,
            13652714
        ]
    ],
    "execute_cost": 8.286999702453613,
    "finish_time": 13652722,
    "limit_cost_by_ms": 7.513999938964844,
    "model_name": "squeezenetv1",
    "recv_time": 13644327,
    "tag": "236",
    "total_cost_by_ms": 8.395000457763672,
    "wait_cost": 0.1080007553100586
}
