{
    "child_model_execute_cost_by_ms": [
        6.73799991607666
    ],
    "child_model_run_time": [
        [
            14149332,
            14156070
        ]
    ],
    "execute_cost": 6.73799991607666,
    "finish_time": 14156078,
    "limit_cost_by_ms": 6.179999828338623,
    "model_name": "yolov2",
    "recv_time": 14149292,
    "tag": "259",
    "total_cost_by_ms": 6.785999774932861,
    "wait_cost": 0.04799985885620117
}
