{
    "child_model_execute_cost_by_ms": [
        46.375999450683594
    ],
    "child_model_run_time": [
        [
            14673646,
            14720022
        ]
    ],
    "execute_cost": 46.375999450683594,
    "finish_time": 14720032,
    "limit_cost_by_ms": 47.56733322143555,
    "model_name": "vgg19",
    "recv_time": 14673549,
    "tag": "284",
    "total_cost_by_ms": 46.483001708984375,
    "wait_cost": 0.10700225830078125
}
