{
    "child_model_execute_cost_by_ms": [
        20.804000854492188
    ],
    "child_model_run_time": [
        [
            14720137,
            14740941
        ]
    ],
    "execute_cost": 20.804000854492188,
    "finish_time": 14740953,
    "limit_cost_by_ms": 19.242332458496094,
    "model_name": "resnet50",
    "recv_time": 14695336,
    "tag": "285",
    "total_cost_by_ms": 45.617000579833984,
    "wait_cost": 24.812999725341797
}
