{
    "child_model_execute_cost_by_ms": [
        7.295000076293945
    ],
    "child_model_run_time": [
        [
            14740973,
            14748268
        ]
    ],
    "execute_cost": 7.295000076293945,
    "finish_time": 14748274,
    "limit_cost_by_ms": 6.179999828338623,
    "model_name": "yolov2",
    "recv_time": 14727730,
    "tag": "286",
    "total_cost_by_ms": 20.54400062561035,
    "wait_cost": 13.249000549316406
}
