{
    "child_model_execute_cost_by_ms": [
        10.055999755859375
    ],
    "child_model_run_time": [
        [
            14748624,
            14758680
        ]
    ],
    "execute_cost": 10.055999755859375,
    "finish_time": 14758693,
    "limit_cost_by_ms": 9.189666748046875,
    "model_name": "googlenet",
    "recv_time": 14748604,
    "tag": "287",
    "total_cost_by_ms": 10.08899974822998,
    "wait_cost": 0.03299999237060547
}
