{
    "child_model_execute_cost_by_ms": [
        8.494000434875488
    ],
    "child_model_run_time": [
        [
            8681685,
            8690179
        ]
    ],
    "execute_cost": 8.494000434875488,
    "finish_time": 8690194,
    "limit_cost_by_ms": 6.179999828338623,
    "model_name": "yolov2",
    "recv_time": 8648773,
    "tag": "4",
    "total_cost_by_ms": 41.42100143432617,
    "wait_cost": 32.927001953125
}
