{
    "child_model_execute_cost_by_ms": [
        7.577000141143799
    ],
    "child_model_run_time": [
        [
            15328982,
            15336559
        ]
    ],
    "execute_cost": 7.577000141143799,
    "finish_time": 15336573,
    "limit_cost_by_ms": 6.179999828338623,
    "model_name": "yolov2",
    "recv_time": 15277838,
    "tag": "313",
    "total_cost_by_ms": 58.73500061035156,
    "wait_cost": 51.15800094604492
}
