{
    "child_model_execute_cost_by_ms": [
        8.878000259399414
    ],
    "child_model_run_time": [
        [
            15336636,
            15345514
        ]
    ],
    "execute_cost": 8.878000259399414,
    "finish_time": 15345523,
    "limit_cost_by_ms": 7.513999938964844,
    "model_name": "squeezenetv1",
    "recv_time": 15322281,
    "tag": "314",
    "total_cost_by_ms": 23.242000579833984,
    "wait_cost": 14.36400032043457
}
