{
    "child_model_execute_cost_by_ms": [
        19.895000457763672
    ],
    "child_model_run_time": [
        [
            15431638,
            15451533
        ]
    ],
    "execute_cost": 19.895000457763672,
    "finish_time": 15451540,
    "limit_cost_by_ms": 19.242332458496094,
    "model_name": "resnet50",
    "recv_time": 15431624,
    "tag": "319",
    "total_cost_by_ms": 19.916000366210938,
    "wait_cost": 0.020999908447265625
}
