{
    "child_model_execute_cost_by_ms": [
        8.458999633789063
    ],
    "child_model_run_time": [
        [
            17031344,
            17039803
        ]
    ],
    "execute_cost": 8.458999633789063,
    "finish_time": 17039812,
    "limit_cost_by_ms": 7.513999938964844,
    "model_name": "squeezenetv1",
    "recv_time": 17031242,
    "tag": "393",
    "total_cost_by_ms": 8.569999694824219,
    "wait_cost": 0.11100006103515625
}
