{
    "child_model_execute_cost_by_ms": [
        8.704999923706055
    ],
    "child_model_run_time": [
        [
            17618995,
            17627700
        ]
    ],
    "execute_cost": 8.704999923706055,
    "finish_time": 17627709,
    "limit_cost_by_ms": 7.513999938964844,
    "model_name": "squeezenetv1",
    "recv_time": 17585195,
    "tag": "420",
    "total_cost_by_ms": 42.513999938964844,
    "wait_cost": 33.808998107910156
}
