{
    "child_model_execute_cost_by_ms": [
        10.223999977111816
    ],
    "child_model_run_time": [
        [
            17741237,
            17751461
        ]
    ],
    "execute_cost": 10.223999977111816,
    "finish_time": 17751472,
    "limit_cost_by_ms": 9.189666748046875,
    "model_name": "googlenet",
    "recv_time": 17741222,
    "tag": "427",
    "total_cost_by_ms": 10.25,
    "wait_cost": 0.026000022888183594
}
