{
    "child_model_execute_cost_by_ms": [
        8.82800006866455
    ],
    "child_model_run_time": [
        [
            17881507,
            17890335
        ]
    ],
    "execute_cost": 8.82800006866455,
    "finish_time": 17890347,
    "limit_cost_by_ms": 7.513999938964844,
    "model_name": "squeezenetv1",
    "recv_time": 17861820,
    "tag": "433",
    "total_cost_by_ms": 28.527000427246094,
    "wait_cost": 19.69900131225586
}
