{
    "child_model_execute_cost_by_ms": [
        45.37799835205078
    ],
    "child_model_run_time": [
        [
            18163129,
            18208507
        ]
    ],
    "execute_cost": 45.37799835205078,
    "finish_time": 18208517,
    "limit_cost_by_ms": 47.56733322143555,
    "model_name": "vgg19",
    "recv_time": 18163116,
    "tag": "447",
    "total_cost_by_ms": 45.4010009765625,
    "wait_cost": 0.02300262451171875
}
