{
    "child_model_execute_cost_by_ms": [
        7.517000198364258
    ],
    "child_model_run_time": [
        [
            18228885,
            18236402
        ]
    ],
    "execute_cost": 7.517000198364258,
    "finish_time": 18236417,
    "limit_cost_by_ms": 6.179999828338623,
    "model_name": "yolov2",
    "recv_time": 18187588,
    "tag": "449",
    "total_cost_by_ms": 48.82899856567383,
    "wait_cost": 41.31199645996094
}
