{
    "child_model_execute_cost_by_ms": [
        20.486000061035156
    ],
    "child_model_run_time": [
        [
            18473297,
            18493783
        ]
    ],
    "execute_cost": 20.486000061035156,
    "finish_time": 18493790,
    "limit_cost_by_ms": 19.242332458496094,
    "model_name": "resnet50",
    "recv_time": 18453809,
    "tag": "461",
    "total_cost_by_ms": 39.98099899291992,
    "wait_cost": 19.494998931884766
}
