{
    "child_model_execute_cost_by_ms": [
        7.421999931335449
    ],
    "child_model_run_time": [
        [
            18633597,
            18641019
        ]
    ],
    "execute_cost": 7.421999931335449,
    "finish_time": 18641030,
    "limit_cost_by_ms": 6.179999828338623,
    "model_name": "yolov2",
    "recv_time": 18598985,
    "tag": "468",
    "total_cost_by_ms": 42.04499816894531,
    "wait_cost": 34.62299728393555
}
