{
    "child_model_execute_cost_by_ms": [
        20.527999877929688
    ],
    "child_model_run_time": [
        [
            18641111,
            18661639
        ]
    ],
    "execute_cost": 20.527999877929688,
    "finish_time": 18661649,
    "limit_cost_by_ms": 19.242332458496094,
    "model_name": "resnet50",
    "recv_time": 18603099,
    "tag": "469",
    "total_cost_by_ms": 58.54999923706055,
    "wait_cost": 38.02199935913086
}
