{
    "child_model_execute_cost_by_ms": [
        20.437999725341797
    ],
    "child_model_run_time": [
        [
            18727394,
            18747832
        ]
    ],
    "execute_cost": 20.437999725341797,
    "finish_time": 18747840,
    "limit_cost_by_ms": 19.242332458496094,
    "model_name": "resnet50",
    "recv_time": 18707958,
    "tag": "473",
    "total_cost_by_ms": 39.88199996948242,
    "wait_cost": 19.444000244140625
}
