{
    "child_model_execute_cost_by_ms": [
        7.269000053405762
    ],
    "child_model_run_time": [
        [
            19509600,
            19516869
        ]
    ],
    "execute_cost": 7.269000053405762,
    "finish_time": 19516884,
    "limit_cost_by_ms": 6.179999828338623,
    "model_name": "yolov2",
    "recv_time": 19465344,
    "tag": "509",
    "total_cost_by_ms": 51.540000915527344,
    "wait_cost": 44.270999908447266
}
