{
    "child_model_execute_cost_by_ms": [
        9.833999633789063
    ],
    "child_model_run_time": [
        [
            20116403,
            20126237
        ]
    ],
    "execute_cost": 9.833999633789063,
    "finish_time": 20126246,
    "limit_cost_by_ms": 9.189666748046875,
    "model_name": "googlenet",
    "recv_time": 20116320,
    "tag": "538",
    "total_cost_by_ms": 9.925999641418457,
    "wait_cost": 0.09200000762939453
}
