{
    "child_model_execute_cost_by_ms": [
        7.609000205993652
    ],
    "child_model_run_time": [
        [
            20369537,
            20377146
        ]
    ],
    "execute_cost": 7.609000205993652,
    "finish_time": 20377155,
    "limit_cost_by_ms": 6.179999828338623,
    "model_name": "yolov2",
    "recv_time": 20354952,
    "tag": "550",
    "total_cost_by_ms": 22.202999114990234,
    "wait_cost": 14.593998908996582
}
