{
    "child_model_execute_cost_by_ms": [
        7.775000095367432
    ],
    "child_model_run_time": [
        [
            20688668,
            20696443
        ]
    ],
    "execute_cost": 7.775000095367432,
    "finish_time": 20696453,
    "limit_cost_by_ms": 6.179999828338623,
    "model_name": "yolov2",
    "recv_time": 20685253,
    "tag": "564",
    "total_cost_by_ms": 11.199999809265137,
    "wait_cost": 3.424999713897705
}
