{
    "child_model_execute_cost_by_ms": [
        7.664000034332275
    ],
    "child_model_run_time": [
        [
            9860622,
            9868286
        ]
    ],
    "execute_cost": 7.664000034332275,
    "finish_time": 9868295,
    "limit_cost_by_ms": 6.179999828338623,
    "model_name": "yolov2",
    "recv_time": 9827898,
    "tag": "58",
    "total_cost_by_ms": 40.39699935913086,
    "wait_cost": 32.73299789428711
}
