{
    "child_model_execute_cost_by_ms": [
        6.826000213623047
    ],
    "child_model_run_time": [
        [
            20953313,
            20960139
        ]
    ],
    "execute_cost": 6.826000213623047,
    "finish_time": 20960149,
    "limit_cost_by_ms": 6.179999828338623,
    "model_name": "yolov2",
    "recv_time": 20953157,
    "tag": "577",
    "total_cost_by_ms": 6.992000102996826,
    "wait_cost": 0.1659998893737793
}
