{
    "child_model_execute_cost_by_ms": [
        8.949999809265137
    ],
    "child_model_run_time": [
        [
            21197377,
            21206327
        ]
    ],
    "execute_cost": 8.949999809265137,
    "finish_time": 21206336,
    "limit_cost_by_ms": 7.513999938964844,
    "model_name": "squeezenetv1",
    "recv_time": 21153349,
    "tag": "588",
    "total_cost_by_ms": 52.98699951171875,
    "wait_cost": 44.0369987487793
}
