{
    "child_model_execute_cost_by_ms": [
        8.998000144958496
    ],
    "child_model_run_time": [
        [
            21453943,
            21462941
        ]
    ],
    "execute_cost": 8.998000144958496,
    "finish_time": 21462955,
    "limit_cost_by_ms": 7.513999938964844,
    "model_name": "squeezenetv1",
    "recv_time": 21405992,
    "tag": "600",
    "total_cost_by_ms": 56.9630012512207,
    "wait_cost": 47.96500015258789
}
