{
    "child_model_execute_cost_by_ms": [
        8.215999603271484
    ],
    "child_model_run_time": [
        [
            21721165,
            21729381
        ]
    ],
    "execute_cost": 8.215999603271484,
    "finish_time": 21729387,
    "limit_cost_by_ms": 7.513999938964844,
    "model_name": "squeezenetv1",
    "recv_time": 21670341,
    "tag": "613",
    "total_cost_by_ms": 59.04600143432617,
    "wait_cost": 50.83000183105469
}
