{
    "child_model_execute_cost_by_ms": [
        10.626999855041504
    ],
    "child_model_run_time": [
        [
            21804376,
            21815003
        ]
    ],
    "execute_cost": 10.626999855041504,
    "finish_time": 21815011,
    "limit_cost_by_ms": 9.189666748046875,
    "model_name": "googlenet",
    "recv_time": 21800473,
    "tag": "617",
    "total_cost_by_ms": 14.538000106811523,
    "wait_cost": 3.9110002517700195
}
