{
    "child_model_execute_cost_by_ms": [
        21.479000091552734
    ],
    "child_model_run_time": [
        [
            21869617,
            21891096
        ]
    ],
    "execute_cost": 21.479000091552734,
    "finish_time": 21891105,
    "limit_cost_by_ms": 19.242332458496094,
    "model_name": "resnet50",
    "recv_time": 21863075,
    "tag": "620",
    "total_cost_by_ms": 28.030000686645508,
    "wait_cost": 6.551000595092773
}
