{
    "child_model_execute_cost_by_ms": [
        10.817999839782715
    ],
    "child_model_run_time": [
        [
            22037288,
            22048106
        ]
    ],
    "execute_cost": 10.817999839782715,
    "finish_time": 22048120,
    "limit_cost_by_ms": 9.189666748046875,
    "model_name": "googlenet",
    "recv_time": 22015399,
    "tag": "627",
    "total_cost_by_ms": 32.72100067138672,
    "wait_cost": 21.902999877929688
}
