{
    "child_model_execute_cost_by_ms": [
        46.832000732421875
    ],
    "child_model_run_time": [
        [
            9981134,
            10027966
        ]
    ],
    "execute_cost": 46.832000732421875,
    "finish_time": 10027976,
    "limit_cost_by_ms": 47.56733322143555,
    "model_name": "vgg19",
    "recv_time": 9963531,
    "tag": "65",
    "total_cost_by_ms": 64.44499969482422,
    "wait_cost": 17.612998962402344
}
