{
    "child_model_execute_cost_by_ms": [
        11.003999710083008
    ],
    "child_model_run_time": [
        [
            22630203,
            22641207
        ]
    ],
    "execute_cost": 11.003999710083008,
    "finish_time": 22641217,
    "limit_cost_by_ms": 9.189666748046875,
    "model_name": "googlenet",
    "recv_time": 22603242,
    "tag": "654",
    "total_cost_by_ms": 37.974998474121094,
    "wait_cost": 26.970998764038086
}
