{
    "child_model_execute_cost_by_ms": [
        7.295000076293945
    ],
    "child_model_run_time": [
        [
            23066866,
            23074161
        ]
    ],
    "execute_cost": 7.295000076293945,
    "finish_time": 23074166,
    "limit_cost_by_ms": 6.179999828338623,
    "model_name": "yolov2",
    "recv_time": 23066768,
    "tag": "675",
    "total_cost_by_ms": 7.3979997634887695,
    "wait_cost": 0.10299968719482422
}
