{
    "child_model_execute_cost_by_ms": [
        46.10100173950195
    ],
    "child_model_run_time": [
        [
            23160912,
            23207013
        ]
    ],
    "execute_cost": 46.10100173950195,
    "finish_time": 23207023,
    "limit_cost_by_ms": 47.56733322143555,
    "model_name": "vgg19",
    "recv_time": 23156083,
    "tag": "680",
    "total_cost_by_ms": 50.939998626708984,
    "wait_cost": 4.838996887207031
}
