{
    "child_model_execute_cost_by_ms": [
        45.00600051879883
    ],
    "child_model_run_time": [
        [
            23236674,
            23281680
        ]
    ],
    "execute_cost": 45.00600051879883,
    "finish_time": 23281687,
    "limit_cost_by_ms": 47.56733322143555,
    "model_name": "vgg19",
    "recv_time": 23236517,
    "tag": "683",
    "total_cost_by_ms": 45.16999816894531,
    "wait_cost": 0.16399765014648438
}
