{
    "child_model_execute_cost_by_ms": [
        47.86000061035156
    ],
    "child_model_run_time": [
        [
            23323168,
            23371028
        ]
    ],
    "execute_cost": 47.86000061035156,
    "finish_time": 23371038,
    "limit_cost_by_ms": 47.56733322143555,
    "model_name": "vgg19",
    "recv_time": 23323010,
    "tag": "687",
    "total_cost_by_ms": 48.02799987792969,
    "wait_cost": 0.167999267578125
}
