{
    "child_model_execute_cost_by_ms": [
        21.19300079345703
    ],
    "child_model_run_time": [
        [
            23371132,
            23392325
        ]
    ],
    "execute_cost": 21.19300079345703,
    "finish_time": 23392340,
    "limit_cost_by_ms": 19.242332458496094,
    "model_name": "resnet50",
    "recv_time": 23324283,
    "tag": "688",
    "total_cost_by_ms": 68.05699920654297,
    "wait_cost": 46.86399841308594
}
