{
    "child_model_execute_cost_by_ms": [
        47.82400131225586
    ],
    "child_model_run_time": [
        [
            23411014,
            23458838
        ]
    ],
    "execute_cost": 47.82400131225586,
    "finish_time": 23458850,
    "limit_cost_by_ms": 47.56733322143555,
    "model_name": "vgg19",
    "recv_time": 23410950,
    "tag": "691",
    "total_cost_by_ms": 47.900001525878906,
    "wait_cost": 0.07600021362304688
}
