{
    "child_model_execute_cost_by_ms": [
        47.00299835205078
    ],
    "child_model_run_time": [
        [
            23757610,
            23804613
        ]
    ],
    "execute_cost": 47.00299835205078,
    "finish_time": 23804623,
    "limit_cost_by_ms": 47.56733322143555,
    "model_name": "vgg19",
    "recv_time": 23750268,
    "tag": "707",
    "total_cost_by_ms": 54.35499954223633,
    "wait_cost": 7.352001190185547
}
