{
    "child_model_execute_cost_by_ms": [
        8.20199966430664
    ],
    "child_model_run_time": [
        [
            24008688,
            24016890
        ]
    ],
    "execute_cost": 8.20199966430664,
    "finish_time": 24016897,
    "limit_cost_by_ms": 7.513999938964844,
    "model_name": "squeezenetv1",
    "recv_time": 24008676,
    "tag": "718",
    "total_cost_by_ms": 8.220999717712402,
    "wait_cost": 0.01900005340576172
}
