{
    "child_model_execute_cost_by_ms": [
        46.23099899291992
    ],
    "child_model_run_time": [
        [
            10153161,
            10199392
        ]
    ],
    "execute_cost": 46.23099899291992,
    "finish_time": 10199402,
    "limit_cost_by_ms": 47.56733322143555,
    "model_name": "vgg19",
    "recv_time": 10133225,
    "tag": "73",
    "total_cost_by_ms": 66.177001953125,
    "wait_cost": 19.946002960205078
}
