{
    "child_model_execute_cost_by_ms": [
        10.369999885559082
    ],
    "child_model_run_time": [
        [
            24765688,
            24776058
        ]
    ],
    "execute_cost": 10.369999885559082,
    "finish_time": 24776067,
    "limit_cost_by_ms": 9.189666748046875,
    "model_name": "googlenet",
    "recv_time": 24765678,
    "tag": "753",
    "total_cost_by_ms": 10.388999938964844,
    "wait_cost": 0.01900005340576172
}
