{
    "child_model_execute_cost_by_ms": [
        8.232000350952148
    ],
    "child_model_run_time": [
        [
            24969756,
            24977988
        ]
    ],
    "execute_cost": 8.232000350952148,
    "finish_time": 24977995,
    "limit_cost_by_ms": 7.513999938964844,
    "model_name": "squeezenetv1",
    "recv_time": 24969743,
    "tag": "763",
    "total_cost_by_ms": 8.251999855041504,
    "wait_cost": 0.01999950408935547
}
