{
    "child_model_execute_cost_by_ms": [
        10.111000061035156
    ],
    "child_model_run_time": [
        [
            25219879,
            25229990
        ]
    ],
    "execute_cost": 10.111000061035156,
    "finish_time": 25229998,
    "limit_cost_by_ms": 9.189666748046875,
    "model_name": "googlenet",
    "recv_time": 25203914,
    "tag": "774",
    "total_cost_by_ms": 26.083999633789063,
    "wait_cost": 15.972999572753906
}
