{
    "child_model_execute_cost_by_ms": [
        8.885000228881836
    ],
    "child_model_run_time": [
        [
            10293140,
            10302025
        ]
    ],
    "execute_cost": 8.885000228881836,
    "finish_time": 10302031,
    "limit_cost_by_ms": 7.513999938964844,
    "model_name": "squeezenetv1",
    "recv_time": 10286572,
    "tag": "79",
    "total_cost_by_ms": 15.458999633789063,
    "wait_cost": 6.573999404907227
}
