{
    "child_model_execute_cost_by_ms": [
        21.065000534057617
    ],
    "child_model_run_time": [
        [
            25372040,
            25393105
        ]
    ],
    "execute_cost": 21.065000534057617,
    "finish_time": 25393111,
    "limit_cost_by_ms": 19.242332458496094,
    "model_name": "resnet50",
    "recv_time": 25360196,
    "tag": "781",
    "total_cost_by_ms": 32.915000915527344,
    "wait_cost": 11.850000381469727
}
