{
    "child_model_execute_cost_by_ms": [
        10.432000160217285
    ],
    "child_model_run_time": [
        [
            25538161,
            25548593
        ]
    ],
    "execute_cost": 10.432000160217285,
    "finish_time": 25548600,
    "limit_cost_by_ms": 9.189666748046875,
    "model_name": "googlenet",
    "recv_time": 25537977,
    "tag": "788",
    "total_cost_by_ms": 10.623000144958496,
    "wait_cost": 0.19099998474121094
}
