{
    "child_model_execute_cost_by_ms": [
        10.770999908447266
    ],
    "child_model_run_time": [
        [
            25908576,
            25919347
        ]
    ],
    "execute_cost": 10.770999908447266,
    "finish_time": 25919362,
    "limit_cost_by_ms": 9.189666748046875,
    "model_name": "googlenet",
    "recv_time": 25908422,
    "tag": "806",
    "total_cost_by_ms": 10.9399995803833,
    "wait_cost": 0.16899967193603516
}
