{
    "child_model_execute_cost_by_ms": [
        49.07099914550781
    ],
    "child_model_run_time": [
        [
            25919534,
            25968605
        ]
    ],
    "execute_cost": 49.07099914550781,
    "finish_time": 25968612,
    "limit_cost_by_ms": 47.56733322143555,
    "model_name": "vgg19",
    "recv_time": 25912594,
    "tag": "807",
    "total_cost_by_ms": 56.018001556396484,
    "wait_cost": 6.947002410888672
}
