{
    "child_model_execute_cost_by_ms": [
        8.105999946594238
    ],
    "child_model_run_time": [
        [
            26515962,
            26524068
        ]
    ],
    "execute_cost": 8.105999946594238,
    "finish_time": 26524076,
    "limit_cost_by_ms": 7.513999938964844,
    "model_name": "squeezenetv1",
    "recv_time": 26515948,
    "tag": "834",
    "total_cost_by_ms": 8.128000259399414,
    "wait_cost": 0.02200031280517578
}
