{
    "child_model_execute_cost_by_ms": [
        21.541000366210938
    ],
    "child_model_run_time": [
        [
            26656766,
            26678307
        ]
    ],
    "execute_cost": 21.541000366210938,
    "finish_time": 26678316,
    "limit_cost_by_ms": 19.242332458496094,
    "model_name": "resnet50",
    "recv_time": 26656756,
    "tag": "840",
    "total_cost_by_ms": 21.559999465942383,
    "wait_cost": 0.018999099731445313
}
