{
    "child_model_execute_cost_by_ms": [
        7.448999881744385
    ],
    "child_model_run_time": [
        [
            27004051,
            27011500
        ]
    ],
    "execute_cost": 7.448999881744385,
    "finish_time": 27011508,
    "limit_cost_by_ms": 6.179999828338623,
    "model_name": "yolov2",
    "recv_time": 26981205,
    "tag": "856",
    "total_cost_by_ms": 30.30299949645996,
    "wait_cost": 22.854000091552734
}
