{
    "child_model_execute_cost_by_ms": [
        19.952999114990234
    ],
    "child_model_run_time": [
        [
            27610937,
            27630890
        ]
    ],
    "execute_cost": 19.952999114990234,
    "finish_time": 27630899,
    "limit_cost_by_ms": 19.242332458496094,
    "model_name": "resnet50",
    "recv_time": 27610778,
    "tag": "884",
    "total_cost_by_ms": 20.121000289916992,
    "wait_cost": 0.1680011749267578
}
