{
    "child_model_execute_cost_by_ms": [
        46.672000885009766
    ],
    "child_model_run_time": [
        [
            27805938,
            27852610
        ]
    ],
    "execute_cost": 46.672000885009766,
    "finish_time": 27852618,
    "limit_cost_by_ms": 47.56733322143555,
    "model_name": "vgg19",
    "recv_time": 27805776,
    "tag": "893",
    "total_cost_by_ms": 46.84199905395508,
    "wait_cost": 0.1699981689453125
}
