{
    "child_model_execute_cost_by_ms": [
        9.954000473022461
    ],
    "child_model_run_time": [
        [
            27970249,
            27980203
        ]
    ],
    "execute_cost": 9.954000473022461,
    "finish_time": 27980211,
    "limit_cost_by_ms": 9.189666748046875,
    "model_name": "googlenet",
    "recv_time": 27970186,
    "tag": "900",
    "total_cost_by_ms": 10.024999618530273,
    "wait_cost": 0.0709991455078125
}
