{
    "child_model_execute_cost_by_ms": [
        48.810001373291016
    ],
    "child_model_run_time": [
        [
            27980685,
            28029495
        ]
    ],
    "execute_cost": 48.810001373291016,
    "finish_time": 28029503,
    "limit_cost_by_ms": 47.56733322143555,
    "model_name": "vgg19",
    "recv_time": 27980535,
    "tag": "901",
    "total_cost_by_ms": 48.96799850463867,
    "wait_cost": 0.15799713134765625
}
