{
    "child_model_execute_cost_by_ms": [
        47.63100051879883
    ],
    "child_model_run_time": [
        [
            28077799,
            28125430
        ]
    ],
    "execute_cost": 47.63100051879883,
    "finish_time": 28125438,
    "limit_cost_by_ms": 47.56733322143555,
    "model_name": "vgg19",
    "recv_time": 28077647,
    "tag": "906",
    "total_cost_by_ms": 47.79100036621094,
    "wait_cost": 0.15999984741210938
}
