{
    "child_model_execute_cost_by_ms": [
        8.402000427246094
    ],
    "child_model_run_time": [
        [
            28468428,
            28476830
        ]
    ],
    "execute_cost": 8.402000427246094,
    "finish_time": 28476836,
    "limit_cost_by_ms": 7.513999938964844,
    "model_name": "squeezenetv1",
    "recv_time": 28462021,
    "tag": "923",
    "total_cost_by_ms": 14.8149995803833,
    "wait_cost": 6.412999153137207
}
