{
    "child_model_execute_cost_by_ms": [
        46.99800109863281
    ],
    "child_model_run_time": [
        [
            28583581,
            28630579
        ]
    ],
    "execute_cost": 46.99800109863281,
    "finish_time": 28630587,
    "limit_cost_by_ms": 47.56733322143555,
    "model_name": "vgg19",
    "recv_time": 28576694,
    "tag": "929",
    "total_cost_by_ms": 53.893001556396484,
    "wait_cost": 6.895000457763672
}
