{
    "child_model_execute_cost_by_ms": [
        10.871999740600586
    ],
    "child_model_run_time": [
        [
            29357642,
            29368514
        ]
    ],
    "execute_cost": 10.871999740600586,
    "finish_time": 29368527,
    "limit_cost_by_ms": 9.189666748046875,
    "model_name": "googlenet",
    "recv_time": 29347015,
    "tag": "964",
    "total_cost_by_ms": 21.511999130249023,
    "wait_cost": 10.639999389648438
}
