{
    "child_model_execute_cost_by_ms": [
        48.55400085449219
    ],
    "child_model_run_time": [
        [
            29368550,
            29417104
        ]
    ],
    "execute_cost": 48.55400085449219,
    "finish_time": 29417112,
    "limit_cost_by_ms": 47.56733322143555,
    "model_name": "vgg19",
    "recv_time": 29363523,
    "tag": "965",
    "total_cost_by_ms": 53.5890007019043,
    "wait_cost": 5.034999847412109
}
