{
    "child_model_execute_cost_by_ms": [
        46.191001892089844
    ],
    "child_model_run_time": [
        [
            29877685,
            29923876
        ]
    ],
    "execute_cost": 46.191001892089844,
    "finish_time": 29923884,
    "limit_cost_by_ms": 47.56733322143555,
    "model_name": "vgg19",
    "recv_time": 29877667,
    "tag": "988",
    "total_cost_by_ms": 46.21699905395508,
    "wait_cost": 0.025997161865234375
}
