{
    "child_model_execute_cost_by_ms": [
        20.618999481201172
    ],
    "child_model_run_time": [
        [
            29932595,
            29953214
        ]
    ],
    "execute_cost": 20.618999481201172,
    "finish_time": 29953227,
    "limit_cost_by_ms": 19.242332458496094,
    "model_name": "resnet50",
    "recv_time": 29895344,
    "tag": "990",
    "total_cost_by_ms": 57.882999420166016,
    "wait_cost": 37.263999938964844
}
