{
    "vgg19": {
        "min": 1.0,
        "avg": 1.0728367108698857,
        "max": 1.9617992559422137,
        "std": 0.14693622736798162
    },
    "resnet50": {
        "min": 1.0164814288648898,
        "avg": 2.3060100709127864,
        "max": 4.938771028282419,
        "std": 1.1674183938603815
    },
    "googlenet": {
        "min": 1.0512030914176107,
        "avg": 3.6815608426038677,
        "max": 10.835734870317003,
        "std": 2.4403708300456546
    },
    "yolov2": {
        "min": 1.0577098197036758,
        "avg": 4.70147490203169,
        "max": 15.121785136360332,
        "std": 3.5368709328526293
    },
    "squeezenetv1": {
        "min": 1.063319901151012,
        "avg": 3.2212247754657484,
        "max": 14.087954735559874,
        "std": 2.591017892809922
    },
    "total": {
        "min": 1.0,
        "avg": 2.850571495958072,
        "max": 15.121785136360332,
        "std": 2.5407666598149174
    }
}