{
    "child_model_execute_cost_by_ms": [
        71.09100341796875
    ],
    "child_model_run_time": [
        [
            10466752,
            10537843
        ]
    ],
    "execute_cost": 71.09100341796875,
    "finish_time": 10537850,
    "limit_cost_by_ms": 47.49366760253906,
    "model_name": "vgg19",
    "recv_time": 10466647,
    "tag": "104",
    "total_cost_by_ms": 71.2030029296875,
    "wait_cost": 0.11199951171875
}
