{
    "child_model_execute_cost_by_ms": [
        6.869999885559082
    ],
    "child_model_run_time": [
        [
            10541086,
            10547956
        ]
    ],
    "execute_cost": 6.869999885559082,
    "finish_time": 10547963,
    "limit_cost_by_ms": 6.285999774932861,
    "model_name": "yolov2",
    "recv_time": 10540939,
    "tag": "105",
    "total_cost_by_ms": 7.02400016784668,
    "wait_cost": 0.15400028228759766
}
