{
    "child_model_execute_cost_by_ms": [
        16.86400032043457
    ],
    "child_model_run_time": [
        [
            10841748,
            10858612
        ]
    ],
    "execute_cost": 16.86400032043457,
    "finish_time": 10858617,
    "limit_cost_by_ms": 9.39466667175293,
    "model_name": "googlenet",
    "recv_time": 10841739,
    "tag": "124",
    "total_cost_by_ms": 16.878000259399414,
    "wait_cost": 0.01399993896484375
}
