{
    "child_model_execute_cost_by_ms": [
        7.256999969482422
    ],
    "child_model_run_time": [
        [
            11176158,
            11183415
        ]
    ],
    "execute_cost": 7.256999969482422,
    "finish_time": 11183419,
    "limit_cost_by_ms": 6.285999774932861,
    "model_name": "yolov2",
    "recv_time": 11176146,
    "tag": "144",
    "total_cost_by_ms": 7.2729997634887695,
    "wait_cost": 0.015999794006347656
}
