{
    "child_model_execute_cost_by_ms": [
        44.20500183105469
    ],
    "child_model_run_time": [
        [
            11314757,
            11358962
        ]
    ],
    "execute_cost": 44.20500183105469,
    "finish_time": 11358968,
    "limit_cost_by_ms": 47.49366760253906,
    "model_name": "vgg19",
    "recv_time": 11314745,
    "tag": "154",
    "total_cost_by_ms": 44.222999572753906,
    "wait_cost": 0.01799774169921875
}
