{
    "child_model_execute_cost_by_ms": [
        8.232000350952148
    ],
    "child_model_run_time": [
        [
            11515307,
            11523539
        ]
    ],
    "execute_cost": 8.232000350952148,
    "finish_time": 11523545,
    "limit_cost_by_ms": 7.352666854858398,
    "model_name": "squeezenetv1",
    "recv_time": 11515204,
    "tag": "165",
    "total_cost_by_ms": 8.340999603271484,
    "wait_cost": 0.10899925231933594
}
