{
    "child_model_execute_cost_by_ms": [
        18.54199981689453
    ],
    "child_model_run_time": [
        [
            11756361,
            11774903
        ]
    ],
    "execute_cost": 18.54199981689453,
    "finish_time": 11774910,
    "limit_cost_by_ms": 19.256999969482422,
    "model_name": "resnet50",
    "recv_time": 11756354,
    "tag": "181",
    "total_cost_by_ms": 18.555999755859375,
    "wait_cost": 0.01399993896484375
}
