{
    "child_model_execute_cost_by_ms": [
        55.52799987792969
    ],
    "child_model_run_time": [
        [
            11775233,
            11830761
        ]
    ],
    "execute_cost": 55.52799987792969,
    "finish_time": 11830768,
    "limit_cost_by_ms": 47.49366760253906,
    "model_name": "vgg19",
    "recv_time": 11775168,
    "tag": "182",
    "total_cost_by_ms": 55.599998474121094,
    "wait_cost": 0.07199859619140625
}
