{
    "child_model_execute_cost_by_ms": [
        50.0620002746582
    ],
    "child_model_run_time": [
        [
            11803505,
            11853567
        ]
    ],
    "execute_cost": 50.0620002746582,
    "finish_time": 11853573,
    "limit_cost_by_ms": 7.352666854858398,
    "model_name": "squeezenetv1",
    "recv_time": 11803489,
    "tag": "185",
    "total_cost_by_ms": 50.08399963378906,
    "wait_cost": 0.021999359130859375
}
