{
    "child_model_execute_cost_by_ms": [
        7.374000072479248
    ],
    "child_model_run_time": [
        [
            11946218,
            11953592
        ]
    ],
    "execute_cost": 7.374000072479248,
    "finish_time": 11953600,
    "limit_cost_by_ms": 6.285999774932861,
    "model_name": "yolov2",
    "recv_time": 11946070,
    "tag": "191",
    "total_cost_by_ms": 7.53000020980835,
    "wait_cost": 0.15600013732910156
}
