{
    "child_model_execute_cost_by_ms": [
        9.833999633789063
    ],
    "child_model_run_time": [
        [
            12211880,
            12221714
        ]
    ],
    "execute_cost": 9.833999633789063,
    "finish_time": 12221721,
    "limit_cost_by_ms": 9.39466667175293,
    "model_name": "googlenet",
    "recv_time": 12211866,
    "tag": "209",
    "total_cost_by_ms": 9.854999542236328,
    "wait_cost": 0.020999908447265625
}
