{
    "child_model_execute_cost_by_ms": [
        12.904000282287598
    ],
    "child_model_run_time": [
        [
            12848889,
            12861793
        ]
    ],
    "execute_cost": 12.904000282287598,
    "finish_time": 12861800,
    "limit_cost_by_ms": 7.352666854858398,
    "model_name": "squeezenetv1",
    "recv_time": 12848787,
    "tag": "248",
    "total_cost_by_ms": 13.012999534606934,
    "wait_cost": 0.10899925231933594
}
