{
    "child_model_execute_cost_by_ms": [
        6.572999954223633
    ],
    "child_model_run_time": [
        [
            9260765,
            9267338
        ]
    ],
    "execute_cost": 6.572999954223633,
    "finish_time": 9267344,
    "limit_cost_by_ms": 6.285999774932861,
    "model_name": "yolov2",
    "recv_time": 9260748,
    "tag": "28",
    "total_cost_by_ms": 6.5960001945495605,
    "wait_cost": 0.023000240325927734
}
