{
    "child_model_execute_cost_by_ms": [
        8.255999565124512
    ],
    "child_model_run_time": [
        [
            13283107,
            13291363
        ]
    ],
    "execute_cost": 8.255999565124512,
    "finish_time": 13291371,
    "limit_cost_by_ms": 7.352666854858398,
    "model_name": "squeezenetv1",
    "recv_time": 13282981,
    "tag": "275",
    "total_cost_by_ms": 8.390000343322754,
    "wait_cost": 0.1340007781982422
}
