{
    "child_model_execute_cost_by_ms": [
        15.333000183105469
    ],
    "child_model_run_time": [
        [
            13484369,
            13499702
        ]
    ],
    "execute_cost": 15.333000183105469,
    "finish_time": 13499706,
    "limit_cost_by_ms": 7.352666854858398,
    "model_name": "squeezenetv1",
    "recv_time": 13480237,
    "tag": "287",
    "total_cost_by_ms": 19.4689998626709,
    "wait_cost": 4.13599967956543
}
