{
    "child_model_execute_cost_by_ms": [
        10.489999771118164
    ],
    "child_model_run_time": [
        [
            13671893,
            13682383
        ]
    ],
    "execute_cost": 10.489999771118164,
    "finish_time": 13682387,
    "limit_cost_by_ms": 9.39466667175293,
    "model_name": "googlenet",
    "recv_time": 13671875,
    "tag": "298",
    "total_cost_by_ms": 10.51200008392334,
    "wait_cost": 0.02200031280517578
}
