{
    "child_model_execute_cost_by_ms": [
        22.63599967956543
    ],
    "child_model_run_time": [
        [
            14108516,
            14131152
        ]
    ],
    "execute_cost": 22.63599967956543,
    "finish_time": 14131158,
    "limit_cost_by_ms": 7.352666854858398,
    "model_name": "squeezenetv1",
    "recv_time": 14108356,
    "tag": "325",
    "total_cost_by_ms": 22.802000045776367,
    "wait_cost": 0.1660003662109375
}
