{
    "child_model_execute_cost_by_ms": [
        8.138999938964844
    ],
    "child_model_run_time": [
        [
            9372150,
            9380289
        ]
    ],
    "execute_cost": 8.138999938964844,
    "finish_time": 9380295,
    "limit_cost_by_ms": 7.352666854858398,
    "model_name": "squeezenetv1",
    "recv_time": 9372097,
    "tag": "35",
    "total_cost_by_ms": 8.197999954223633,
    "wait_cost": 0.05900001525878906
}
