{
    "child_model_execute_cost_by_ms": [
        17.64900016784668
    ],
    "child_model_run_time": [
        [
            14460507,
            14478156
        ]
    ],
    "execute_cost": 17.64900016784668,
    "finish_time": 14478163,
    "limit_cost_by_ms": 7.352666854858398,
    "model_name": "squeezenetv1",
    "recv_time": 14460493,
    "tag": "346",
    "total_cost_by_ms": 17.670000076293945,
    "wait_cost": 0.020999908447265625
}
