{
    "child_model_execute_cost_by_ms": [
        7.241000175476074
    ],
    "child_model_run_time": [
        [
            14547597,
            14554838
        ]
    ],
    "execute_cost": 7.241000175476074,
    "finish_time": 14554843,
    "limit_cost_by_ms": 6.285999774932861,
    "model_name": "yolov2",
    "recv_time": 14547587,
    "tag": "351",
    "total_cost_by_ms": 7.25600004196167,
    "wait_cost": 0.014999866485595703
}
