{
    "child_model_execute_cost_by_ms": [
        6.4019999504089355
    ],
    "child_model_run_time": [
        [
            14592996,
            14599398
        ]
    ],
    "execute_cost": 6.4019999504089355,
    "finish_time": 14599406,
    "limit_cost_by_ms": 6.285999774932861,
    "model_name": "yolov2",
    "recv_time": 14592983,
    "tag": "355",
    "total_cost_by_ms": 6.422999858856201,
    "wait_cost": 0.020999908447265625
}
