{
    "child_model_execute_cost_by_ms": [
        10.968999862670898
    ],
    "child_model_run_time": [
        [
            14652208,
            14663177
        ]
    ],
    "execute_cost": 10.968999862670898,
    "finish_time": 14663181,
    "limit_cost_by_ms": 7.352666854858398,
    "model_name": "squeezenetv1",
    "recv_time": 14652117,
    "tag": "358",
    "total_cost_by_ms": 11.064000129699707,
    "wait_cost": 0.0950002670288086
}
