{
    "child_model_execute_cost_by_ms": [
        6.526000022888184
    ],
    "child_model_run_time": [
        [
            15009083,
            15015609
        ]
    ],
    "execute_cost": 6.526000022888184,
    "finish_time": 15015615,
    "limit_cost_by_ms": 6.285999774932861,
    "model_name": "yolov2",
    "recv_time": 15008927,
    "tag": "380",
    "total_cost_by_ms": 6.688000202178955,
    "wait_cost": 0.16200017929077148
}
