{
    "child_model_execute_cost_by_ms": [
        6.473999977111816
    ],
    "child_model_run_time": [
        [
            15123238,
            15129712
        ]
    ],
    "execute_cost": 6.473999977111816,
    "finish_time": 15129719,
    "limit_cost_by_ms": 6.285999774932861,
    "model_name": "yolov2",
    "recv_time": 15123225,
    "tag": "387",
    "total_cost_by_ms": 6.49399995803833,
    "wait_cost": 0.019999980926513672
}
