{
    "child_model_execute_cost_by_ms": [
        33.57899856567383
    ],
    "child_model_run_time": [
        [
            15299535,
            15333114
        ]
    ],
    "execute_cost": 33.57899856567383,
    "finish_time": 15333120,
    "limit_cost_by_ms": 19.256999969482422,
    "model_name": "resnet50",
    "recv_time": 15299480,
    "tag": "398",
    "total_cost_by_ms": 33.63999938964844,
    "wait_cost": 0.061000823974609375
}
