{
    "child_model_execute_cost_by_ms": [
        70.79199981689453
    ],
    "child_model_run_time": [
        [
            15588588,
            15659380
        ]
    ],
    "execute_cost": 70.79199981689453,
    "finish_time": 15659388,
    "limit_cost_by_ms": 19.256999969482422,
    "model_name": "resnet50",
    "recv_time": 15588505,
    "tag": "418",
    "total_cost_by_ms": 70.88300323486328,
    "wait_cost": 0.09100341796875
}
