{
    "child_model_execute_cost_by_ms": [
        28.694000244140625
    ],
    "child_model_run_time": [
        [
            15638036,
            15666730
        ]
    ],
    "execute_cost": 28.694000244140625,
    "finish_time": 15666737,
    "limit_cost_by_ms": 6.285999774932861,
    "model_name": "yolov2",
    "recv_time": 15638022,
    "tag": "419",
    "total_cost_by_ms": 28.71500015258789,
    "wait_cost": 0.020999908447265625
}
