{
    "child_model_execute_cost_by_ms": [
        8.29800033569336
    ],
    "child_model_run_time": [
        [
            16007069,
            16015367
        ]
    ],
    "execute_cost": 8.29800033569336,
    "finish_time": 16015375,
    "limit_cost_by_ms": 7.352666854858398,
    "model_name": "squeezenetv1",
    "recv_time": 16006848,
    "tag": "440",
    "total_cost_by_ms": 8.527000427246094,
    "wait_cost": 0.22900009155273438
}
