{
    "child_model_execute_cost_by_ms": [
        54.823001861572266
    ],
    "child_model_run_time": [
        [
            9525049,
            9579872
        ]
    ],
    "execute_cost": 54.823001861572266,
    "finish_time": 9579889,
    "limit_cost_by_ms": 6.285999774932861,
    "model_name": "yolov2",
    "recv_time": 9524897,
    "tag": "46",
    "total_cost_by_ms": 54.992000579833984,
    "wait_cost": 0.16899871826171875
}
