{
    "child_model_execute_cost_by_ms": [
        30.884000778198242
    ],
    "child_model_run_time": [
        [
            16197013,
            16227897
        ]
    ],
    "execute_cost": 30.884000778198242,
    "finish_time": 16227903,
    "limit_cost_by_ms": 7.352666854858398,
    "model_name": "squeezenetv1",
    "recv_time": 16196907,
    "tag": "452",
    "total_cost_by_ms": 30.996000289916992,
    "wait_cost": 0.11199951171875
}
