{
    "child_model_execute_cost_by_ms": [
        7.078999996185303
    ],
    "child_model_run_time": [
        [
            16228235,
            16235314
        ]
    ],
    "execute_cost": 7.078999996185303,
    "finish_time": 16235321,
    "limit_cost_by_ms": 6.285999774932861,
    "model_name": "yolov2",
    "recv_time": 16228179,
    "tag": "453",
    "total_cost_by_ms": 7.142000198364258,
    "wait_cost": 0.06300020217895508
}
