{
    "child_model_execute_cost_by_ms": [
        28.097000122070313
    ],
    "child_model_run_time": [
        [
            16314723,
            16342820
        ]
    ],
    "execute_cost": 28.097000122070313,
    "finish_time": 16342824,
    "limit_cost_by_ms": 7.352666854858398,
    "model_name": "squeezenetv1",
    "recv_time": 16314715,
    "tag": "459",
    "total_cost_by_ms": 28.108999252319336,
    "wait_cost": 0.011999130249023438
}
