{
    "child_model_execute_cost_by_ms": [
        57.762001037597656
    ],
    "child_model_run_time": [
        [
            17404144,
            17461906
        ]
    ],
    "execute_cost": 57.762001037597656,
    "finish_time": 17461910,
    "limit_cost_by_ms": 47.49366760253906,
    "model_name": "vgg19",
    "recv_time": 17404133,
    "tag": "524",
    "total_cost_by_ms": 57.777000427246094,
    "wait_cost": 0.0149993896484375
}
