{
    "child_model_execute_cost_by_ms": [
        23.990999221801758
    ],
    "child_model_run_time": [
        [
            17494049,
            17518040
        ]
    ],
    "execute_cost": 23.990999221801758,
    "finish_time": 17518048,
    "limit_cost_by_ms": 6.285999774932861,
    "model_name": "yolov2",
    "recv_time": 17493933,
    "tag": "528",
    "total_cost_by_ms": 24.114999771118164,
    "wait_cost": 0.12400054931640625
}
