{
    "child_model_execute_cost_by_ms": [
        9.968999862670898
    ],
    "child_model_run_time": [
        [
            18355608,
            18365577
        ]
    ],
    "execute_cost": 9.968999862670898,
    "finish_time": 18365584,
    "limit_cost_by_ms": 9.39466667175293,
    "model_name": "googlenet",
    "recv_time": 18355454,
    "tag": "580",
    "total_cost_by_ms": 10.130000114440918,
    "wait_cost": 0.16100025177001953
}
