{
    "child_model_execute_cost_by_ms": [
        9.954000473022461
    ],
    "child_model_run_time": [
        [
            18452176,
            18462130
        ]
    ],
    "execute_cost": 9.954000473022461,
    "finish_time": 18462136,
    "limit_cost_by_ms": 9.39466667175293,
    "model_name": "googlenet",
    "recv_time": 18452074,
    "tag": "585",
    "total_cost_by_ms": 10.062000274658203,
    "wait_cost": 0.10799980163574219
}
