{
    "child_model_execute_cost_by_ms": [
        8.140000343322754
    ],
    "child_model_run_time": [
        [
            18469420,
            18477560
        ]
    ],
    "execute_cost": 8.140000343322754,
    "finish_time": 18477568,
    "limit_cost_by_ms": 7.352666854858398,
    "model_name": "squeezenetv1",
    "recv_time": 18469264,
    "tag": "587",
    "total_cost_by_ms": 8.303999900817871,
    "wait_cost": 0.1639995574951172
}
