{
    "child_model_execute_cost_by_ms": [
        64.23600006103516
    ],
    "child_model_run_time": [
        [
            18582835,
            18647071
        ]
    ],
    "execute_cost": 64.23600006103516,
    "finish_time": 18647078,
    "limit_cost_by_ms": 7.352666854858398,
    "model_name": "squeezenetv1",
    "recv_time": 18582808,
    "tag": "595",
    "total_cost_by_ms": 64.2699966430664,
    "wait_cost": 0.03399658203125
}
