{
    "child_model_execute_cost_by_ms": [
        61.90800094604492
    ],
    "child_model_run_time": [
        [
            8871162,
            8933070
        ]
    ],
    "execute_cost": 61.90800094604492,
    "finish_time": 8933074,
    "limit_cost_by_ms": 7.352666854858398,
    "model_name": "squeezenetv1",
    "recv_time": 8871081,
    "tag": "7",
    "total_cost_by_ms": 61.99300003051758,
    "wait_cost": 0.08499908447265625
}
