{
    "child_model_execute_cost_by_ms": [
        6.369999885559082
    ],
    "child_model_run_time": [
        [
            9802665,
            9809035
        ]
    ],
    "execute_cost": 6.369999885559082,
    "finish_time": 9809041,
    "limit_cost_by_ms": 6.285999774932861,
    "model_name": "yolov2",
    "recv_time": 9802557,
    "tag": "61",
    "total_cost_by_ms": 6.484000205993652,
    "wait_cost": 0.11400032043457031
}
