{
    "child_model_execute_cost_by_ms": [
        9.944000244140625
    ],
    "child_model_run_time": [
        [
            19138906,
            19148850
        ]
    ],
    "execute_cost": 9.944000244140625,
    "finish_time": 19148858,
    "limit_cost_by_ms": 9.39466667175293,
    "model_name": "googlenet",
    "recv_time": 19138800,
    "tag": "627",
    "total_cost_by_ms": 10.057999610900879,
    "wait_cost": 0.1139993667602539
}
