{
    "child_model_execute_cost_by_ms": [
        52.12300109863281
    ],
    "child_model_run_time": [
        [
            19256730,
            19308853
        ]
    ],
    "execute_cost": 52.12300109863281,
    "finish_time": 19308860,
    "limit_cost_by_ms": 47.49366760253906,
    "model_name": "vgg19",
    "recv_time": 19256721,
    "tag": "635",
    "total_cost_by_ms": 52.138999938964844,
    "wait_cost": 0.01599884033203125
}
