{
    "child_model_execute_cost_by_ms": [
        44.52899932861328
    ],
    "child_model_run_time": [
        [
            19473628,
            19518157
        ]
    ],
    "execute_cost": 44.52899932861328,
    "finish_time": 19518162,
    "limit_cost_by_ms": 47.49366760253906,
    "model_name": "vgg19",
    "recv_time": 19473624,
    "tag": "647",
    "total_cost_by_ms": 44.53799819946289,
    "wait_cost": 0.008998870849609375
}
