{
    "child_model_execute_cost_by_ms": [
        21.917999267578125
    ],
    "child_model_run_time": [
        [
            19550855,
            19572773
        ]
    ],
    "execute_cost": 21.917999267578125,
    "finish_time": 19572780,
    "limit_cost_by_ms": 6.285999774932861,
    "model_name": "yolov2",
    "recv_time": 19550825,
    "tag": "651",
    "total_cost_by_ms": 21.954999923706055,
    "wait_cost": 0.03700065612792969
}
