{
    "child_model_execute_cost_by_ms": [
        49.558998107910156
    ],
    "child_model_run_time": [
        [
            19573370,
            19622929
        ]
    ],
    "execute_cost": 49.558998107910156,
    "finish_time": 19622934,
    "limit_cost_by_ms": 47.49366760253906,
    "model_name": "vgg19",
    "recv_time": 19573363,
    "tag": "652",
    "total_cost_by_ms": 49.57099914550781,
    "wait_cost": 0.01200103759765625
}
