{
    "child_model_execute_cost_by_ms": [
        10.00100040435791
    ],
    "child_model_run_time": [
        [
            20222412,
            20232413
        ]
    ],
    "execute_cost": 10.00100040435791,
    "finish_time": 20232421,
    "limit_cost_by_ms": 9.39466667175293,
    "model_name": "googlenet",
    "recv_time": 20222247,
    "tag": "690",
    "total_cost_by_ms": 10.173999786376953,
    "wait_cost": 0.17299938201904297
}
