{
    "child_model_execute_cost_by_ms": [
        57.909000396728516
    ],
    "child_model_run_time": [
        [
            9930975,
            9988884
        ]
    ],
    "execute_cost": 57.909000396728516,
    "finish_time": 9988889,
    "limit_cost_by_ms": 6.285999774932861,
    "model_name": "yolov2",
    "recv_time": 9930959,
    "tag": "70",
    "total_cost_by_ms": 57.93000030517578,
    "wait_cost": 0.020999908447265625
}
