{
    "child_model_execute_cost_by_ms": [
        34.48899841308594
    ],
    "child_model_run_time": [
        [
            20310853,
            20345342
        ]
    ],
    "execute_cost": 34.48899841308594,
    "finish_time": 20345353,
    "limit_cost_by_ms": 19.256999969482422,
    "model_name": "resnet50",
    "recv_time": 20310839,
    "tag": "695",
    "total_cost_by_ms": 34.513999938964844,
    "wait_cost": 0.02500152587890625
}
