{
    "child_model_execute_cost_by_ms": [
        31.613000869750977
    ],
    "child_model_run_time": [
        [
            20708334,
            20739947
        ]
    ],
    "execute_cost": 31.613000869750977,
    "finish_time": 20739951,
    "limit_cost_by_ms": 6.285999774932861,
    "model_name": "yolov2",
    "recv_time": 20708258,
    "tag": "720",
    "total_cost_by_ms": 31.69300079345703,
    "wait_cost": 0.07999992370605469
}
