{
    "child_model_execute_cost_by_ms": [
        45.869998931884766
    ],
    "child_model_run_time": [
        [
            21133305,
            21179175
        ]
    ],
    "execute_cost": 45.869998931884766,
    "finish_time": 21179181,
    "limit_cost_by_ms": 47.49366760253906,
    "model_name": "vgg19",
    "recv_time": 21133297,
    "tag": "746",
    "total_cost_by_ms": 45.88399887084961,
    "wait_cost": 0.01399993896484375
}
