{
    "child_model_execute_cost_by_ms": [
        18.420000076293945
    ],
    "child_model_run_time": [
        [
            21190887,
            21209307
        ]
    ],
    "execute_cost": 18.420000076293945,
    "finish_time": 21209313,
    "limit_cost_by_ms": 7.352666854858398,
    "model_name": "squeezenetv1",
    "recv_time": 21190870,
    "tag": "748",
    "total_cost_by_ms": 18.44300079345703,
    "wait_cost": 0.023000717163085938
}
