{
    "child_model_execute_cost_by_ms": [
        54.23699951171875
    ],
    "child_model_run_time": [
        [
            21237188,
            21291425
        ]
    ],
    "execute_cost": 54.23699951171875,
    "finish_time": 21291430,
    "limit_cost_by_ms": 6.285999774932861,
    "model_name": "yolov2",
    "recv_time": 21237040,
    "tag": "752",
    "total_cost_by_ms": 54.38999938964844,
    "wait_cost": 0.1529998779296875
}
