{
    "child_model_execute_cost_by_ms": [
        6.626999855041504
    ],
    "child_model_run_time": [
        [
            21337921,
            21344548
        ]
    ],
    "execute_cost": 6.626999855041504,
    "finish_time": 21344557,
    "limit_cost_by_ms": 6.285999774932861,
    "model_name": "yolov2",
    "recv_time": 21337840,
    "tag": "757",
    "total_cost_by_ms": 6.7170000076293945,
    "wait_cost": 0.09000015258789063
}
