{
    "child_model_execute_cost_by_ms": [
        45.41699981689453
    ],
    "child_model_run_time": [
        [
            21585979,
            21631396
        ]
    ],
    "execute_cost": 45.41699981689453,
    "finish_time": 21631398,
    "limit_cost_by_ms": 47.49366760253906,
    "model_name": "vgg19",
    "recv_time": 21585974,
    "tag": "773",
    "total_cost_by_ms": 45.42399978637695,
    "wait_cost": 0.006999969482421875
}
