{
    "child_model_execute_cost_by_ms": [
        6.843999862670898
    ],
    "child_model_run_time": [
        [
            21678703,
            21685547
        ]
    ],
    "execute_cost": 6.843999862670898,
    "finish_time": 21685554,
    "limit_cost_by_ms": 6.285999774932861,
    "model_name": "yolov2",
    "recv_time": 21678606,
    "tag": "777",
    "total_cost_by_ms": 6.947999954223633,
    "wait_cost": 0.10400009155273438
}
