{
    "child_model_execute_cost_by_ms": [
        15.319000244140625
    ],
    "child_model_run_time": [
        [
            10108307,
            10123626
        ]
    ],
    "execute_cost": 15.319000244140625,
    "finish_time": 10123634,
    "limit_cost_by_ms": 7.352666854858398,
    "model_name": "squeezenetv1",
    "recv_time": 10108187,
    "tag": "79",
    "total_cost_by_ms": 15.446999549865723,
    "wait_cost": 0.12799930572509766
}
