{
    "child_model_execute_cost_by_ms": [
        75.10900115966797
    ],
    "child_model_run_time": [
        [
            21710868,
            21785977
        ]
    ],
    "execute_cost": 75.10900115966797,
    "finish_time": 21785982,
    "limit_cost_by_ms": 9.39466667175293,
    "model_name": "googlenet",
    "recv_time": 21710720,
    "tag": "781",
    "total_cost_by_ms": 75.26200103759766,
    "wait_cost": 0.1529998779296875
}
