{
    "child_model_execute_cost_by_ms": [
        63.0629997253418
    ],
    "child_model_run_time": [
        [
            21827984,
            21891047
        ]
    ],
    "execute_cost": 63.0629997253418,
    "finish_time": 21891055,
    "limit_cost_by_ms": 19.256999969482422,
    "model_name": "resnet50",
    "recv_time": 21827815,
    "tag": "787",
    "total_cost_by_ms": 63.2400016784668,
    "wait_cost": 0.177001953125
}
