{
    "child_model_execute_cost_by_ms": [
        6.570000171661377
    ],
    "child_model_run_time": [
        [
            8944280,
            8950850
        ]
    ],
    "execute_cost": 6.570000171661377,
    "finish_time": 8950859,
    "limit_cost_by_ms": 6.285999774932861,
    "model_name": "yolov2",
    "recv_time": 8944262,
    "tag": "9",
    "total_cost_by_ms": 6.5970001220703125,
    "wait_cost": 0.026999950408935547
}
