{
    "child_model_execute_cost_by_ms": [
        6.538000106811523
    ],
    "child_model_run_time": [
        [
            22231219,
            22237757
        ]
    ],
    "execute_cost": 6.538000106811523,
    "finish_time": 22237764,
    "limit_cost_by_ms": 6.285999774932861,
    "model_name": "yolov2",
    "recv_time": 22231119,
    "tag": "809",
    "total_cost_by_ms": 6.644999980926514,
    "wait_cost": 0.10699987411499023
}
