{
    "child_model_execute_cost_by_ms": [
        18.64299964904785
    ],
    "child_model_run_time": [
        [
            10140514,
            10159157
        ]
    ],
    "execute_cost": 18.64299964904785,
    "finish_time": 10159164,
    "limit_cost_by_ms": 19.256999969482422,
    "model_name": "resnet50",
    "recv_time": 10140508,
    "tag": "82",
    "total_cost_by_ms": 18.6560001373291,
    "wait_cost": 0.01300048828125
}
