{
    "child_model_execute_cost_by_ms": [
        20.645000457763672
    ],
    "child_model_run_time": [
        [
            22649048,
            22669693
        ]
    ],
    "execute_cost": 20.645000457763672,
    "finish_time": 22669699,
    "limit_cost_by_ms": 7.352666854858398,
    "model_name": "squeezenetv1",
    "recv_time": 22649038,
    "tag": "834",
    "total_cost_by_ms": 20.660999298095703,
    "wait_cost": 0.01599884033203125
}
