{
    "child_model_execute_cost_by_ms": [
        45.698001861572266
    ],
    "child_model_run_time": [
        [
            22811498,
            22857196
        ]
    ],
    "execute_cost": 45.698001861572266,
    "finish_time": 22857201,
    "limit_cost_by_ms": 47.49366760253906,
    "model_name": "vgg19",
    "recv_time": 22811492,
    "tag": "844",
    "total_cost_by_ms": 45.70899963378906,
    "wait_cost": 0.010997772216796875
}
