{
    "child_model_execute_cost_by_ms": [
        25.70199966430664
    ],
    "child_model_run_time": [
        [
            22988871,
            23014573
        ]
    ],
    "execute_cost": 25.70199966430664,
    "finish_time": 23014578,
    "limit_cost_by_ms": 9.39466667175293,
    "model_name": "googlenet",
    "recv_time": 22988857,
    "tag": "853",
    "total_cost_by_ms": 25.72100067138672,
    "wait_cost": 0.019001007080078125
}
