{
    "child_model_execute_cost_by_ms": [
        11.935999870300293
    ],
    "child_model_run_time": [
        [
            23017022,
            23028958
        ]
    ],
    "execute_cost": 11.935999870300293,
    "finish_time": 23028963,
    "limit_cost_by_ms": 7.352666854858398,
    "model_name": "squeezenetv1",
    "recv_time": 23017007,
    "tag": "855",
    "total_cost_by_ms": 11.956000328063965,
    "wait_cost": 0.020000457763671875
}
