{
    "child_model_execute_cost_by_ms": [
        47.65599822998047
    ],
    "child_model_run_time": [
        [
            23597846,
            23645502
        ]
    ],
    "execute_cost": 47.65599822998047,
    "finish_time": 23645505,
    "limit_cost_by_ms": 47.49366760253906,
    "model_name": "vgg19",
    "recv_time": 23597830,
    "tag": "889",
    "total_cost_by_ms": 47.67499923706055,
    "wait_cost": 0.019001007080078125
}
