{
    "child_model_execute_cost_by_ms": [
        73.15299987792969
    ],
    "child_model_run_time": [
        [
            23968866,
            24042019
        ]
    ],
    "execute_cost": 73.15299987792969,
    "finish_time": 24042022,
    "limit_cost_by_ms": 9.39466667175293,
    "model_name": "googlenet",
    "recv_time": 23968852,
    "tag": "911",
    "total_cost_by_ms": 73.16999816894531,
    "wait_cost": 0.016998291015625
}
