{
    "child_model_execute_cost_by_ms": [
        31.128000259399414
    ],
    "child_model_run_time": [
        [
            24398348,
            24429476
        ]
    ],
    "execute_cost": 31.128000259399414,
    "finish_time": 24429481,
    "limit_cost_by_ms": 19.256999969482422,
    "model_name": "resnet50",
    "recv_time": 24398337,
    "tag": "935",
    "total_cost_by_ms": 31.143999099731445,
    "wait_cost": 0.01599884033203125
}
