{
    "child_model_execute_cost_by_ms": [
        53.448001861572266
    ],
    "child_model_run_time": [
        [
            24761753,
            24815201
        ]
    ],
    "execute_cost": 53.448001861572266,
    "finish_time": 24815206,
    "limit_cost_by_ms": 19.256999969482422,
    "model_name": "resnet50",
    "recv_time": 24761740,
    "tag": "957",
    "total_cost_by_ms": 53.465999603271484,
    "wait_cost": 0.01799774169921875
}
