{
    "child_model_execute_cost_by_ms": [
        46.04999923706055
    ],
    "child_model_run_time": [
        [
            24969976,
            25016026
        ]
    ],
    "execute_cost": 46.04999923706055,
    "finish_time": 25016032,
    "limit_cost_by_ms": 47.49366760253906,
    "model_name": "vgg19",
    "recv_time": 24969881,
    "tag": "968",
    "total_cost_by_ms": 46.1510009765625,
    "wait_cost": 0.10100173950195313
}
