{
    "child_model_execute_cost_by_ms": [
        14.375
    ],
    "child_model_run_time": [
        [
            25181290,
            25195665
        ]
    ],
    "execute_cost": 14.375,
    "finish_time": 25195669,
    "limit_cost_by_ms": 6.285999774932861,
    "model_name": "yolov2",
    "recv_time": 25181286,
    "tag": "979",
    "total_cost_by_ms": 14.383000373840332,
    "wait_cost": 0.008000373840332031
}
