{
    "child_model_execute_cost_by_ms": [
        19.20599937438965
    ],
    "child_model_run_time": [
        [
            25331051,
            25350257
        ]
    ],
    "execute_cost": 19.20599937438965,
    "finish_time": 25350264,
    "limit_cost_by_ms": 19.256999969482422,
    "model_name": "resnet50",
    "recv_time": 25330936,
    "tag": "988",
    "total_cost_by_ms": 19.327999114990234,
    "wait_cost": 0.12199974060058594
}
