name,min,avg,max
vgg19,1.0,1.0558623970693195,1.7769619991625925
resnet50,1.0,1.8834374634378932,4.3950176668625645
yolov2,1.0478696443236626,3.0924357674907155,8.866406428454754
squeezenetv1,1.0517673565477255,2.9642168026185316,8.25076565344409
googlenet,1.0765240770086417,2.857963850528046,7.969140384471221
total,1.0,2.3046602807744474,8.866406428454754
