name,Std. Deviation of RR
vgg19,0.13556242444930208
resnet50,0.9780174701251851
yolov2,2.2803283969263655
squeezenetv1,1.9502510911964301
googlenet,1.9413623983278339
total,1.8243732796672554
