name,min,avg,max
squeezenetv1,1.0215039111094029,1.9788775222355748,5.050446069098696
googlenet,1.0290029923266637,2.0135029142460987,5.13746322216666
yolov2,1.1180492473099874,2.1831763663671646,4.578280861635366
vgg19,1.1522102025610816,1.7102742566078082,2.3529959420753164
resnet50,1.18204969098019,1.7346604397656287,3.4732875048942593
total,1.0215039111094029,1.9200589581943182,5.13746322216666
