name,Std. Deviation of RR
squeezenetv1,0.8763402308038453
googlenet,0.8967944391856675
yolov2,0.9642755681264668
vgg19,0.35287971294349124
resnet50,0.5012834952061636
total,0.7754772942284492
