name,min,avg,max
vgg19,1.0,1.0976494307382336,1.740763823266891
resnet50,1.0,1.7804062036852215,4.46377535282945
yolov2,1.0102702994029664,3.7083686434161596,13.293081265348519
googlenet,1.0444978962750144,3.1069712257099096,9.82452664843761
squeezenetv1,1.045371530105319,2.477755656878468,11.343663992521744
total,1.0,2.5231288992922196,13.293081265348519
