name,Std. Deviation of RR
vgg19,0.136680363407179
resnet50,0.9722165951423172
yolov2,3.172662996495896
googlenet,2.341514140341957
squeezenetv1,1.9255862472632943
total,2.290703348158656
