{
    "child_model_execute_cost_by_ms": [
        19.152000427246094,
        18.121000289916992,
        21.052000045776367
    ],
    "child_model_run_time": [
        [
            11532451,
            11551603
        ],
        [
            11551653,
            11569774
        ],
        [
            11569865,
            11590917
        ]
    ],
    "execute_cost": 58.32500457763672,
    "finish_time": 11590923,
    "limit_cost_by_ms": 47.556331634521484,
    "model_name": "vgg19",
    "recv_time": 11530147,
    "tag": "116",
    "total_cost_by_ms": 60.7760009765625,
    "wait_cost": 2.4509963989257813
}
