{
    "child_model_execute_cost_by_ms": [
        10.053999900817871
    ],
    "child_model_run_time": [
        [
            11733735,
            11743789
        ]
    ],
    "execute_cost": 10.053999900817871,
    "finish_time": 11743804,
    "limit_cost_by_ms": 9.426666259765625,
    "model_name": "googlenet",
    "recv_time": 11708302,
    "tag": "124",
    "total_cost_by_ms": 35.50199890136719,
    "wait_cost": 25.447998046875
}
