{
    "child_model_execute_cost_by_ms": [
        9.449999809265137
    ],
    "child_model_run_time": [
        [
            11853652,
            11863102
        ]
    ],
    "execute_cost": 9.449999809265137,
    "finish_time": 11863118,
    "limit_cost_by_ms": 9.426666259765625,
    "model_name": "googlenet",
    "recv_time": 11839497,
    "tag": "129",
    "total_cost_by_ms": 23.621000289916992,
    "wait_cost": 14.171000480651855
}
