{
    "child_model_execute_cost_by_ms": [
        19.136999130249023,
        17.54800033569336,
        19.614999771118164
    ],
    "child_model_run_time": [
        [
            12184221,
            12203358
        ],
        [
            12203397,
            12220945
        ],
        [
            12220975,
            12240590
        ]
    ],
    "execute_cost": 56.29999542236328,
    "finish_time": 12240596,
    "limit_cost_by_ms": 47.556331634521484,
    "model_name": "vgg19",
    "recv_time": 12184069,
    "tag": "144",
    "total_cost_by_ms": 56.527000427246094,
    "wait_cost": 0.2270050048828125
}
