{
    "child_model_execute_cost_by_ms": [
        19.766000747680664,
        18.570999145507813,
        19.82200050354004
    ],
    "child_model_run_time": [
        [
            12359739,
            12379505
        ],
        [
            12389249,
            12407820
        ],
        [
            12407862,
            12427684
        ]
    ],
    "execute_cost": 58.15899658203125,
    "finish_time": 12427692,
    "limit_cost_by_ms": 47.556331634521484,
    "model_name": "vgg19",
    "recv_time": 12359574,
    "tag": "151",
    "total_cost_by_ms": 68.11799621582031,
    "wait_cost": 9.958999633789063
}
