{
    "child_model_execute_cost_by_ms": [
        15.541000366210938,
        9.315999984741211
    ],
    "child_model_run_time": [
        [
            12624171,
            12639712
        ],
        [
            12639817,
            12649133
        ]
    ],
    "execute_cost": 24.85700035095215,
    "finish_time": 12649141,
    "limit_cost_by_ms": 19.137666702270508,
    "model_name": "resnet50",
    "recv_time": 12624054,
    "tag": "162",
    "total_cost_by_ms": 25.086999893188477,
    "wait_cost": 0.22999954223632813
}
