{
    "child_model_execute_cost_by_ms": [
        15.430999755859375,
        9.51200008392334
    ],
    "child_model_run_time": [
        [
            13218640,
            13234071
        ],
        [
            13241963,
            13251475
        ]
    ],
    "execute_cost": 24.94300079345703,
    "finish_time": 13251486,
    "limit_cost_by_ms": 19.137666702270508,
    "model_name": "resnet50",
    "recv_time": 13214457,
    "tag": "187",
    "total_cost_by_ms": 37.02899932861328,
    "wait_cost": 12.08599853515625
}
