{
    "child_model_execute_cost_by_ms": [
        19.347000122070313,
        19.84600067138672,
        20.874000549316406
    ],
    "child_model_run_time": [
        [
            13510356,
            13529703
        ],
        [
            13563024,
            13582870
        ],
        [
            13600886,
            13621760
        ]
    ],
    "execute_cost": 60.06700134277344,
    "finish_time": 13621767,
    "limit_cost_by_ms": 47.556331634521484,
    "model_name": "vgg19",
    "recv_time": 13510289,
    "tag": "200",
    "total_cost_by_ms": 111.47799682617188,
    "wait_cost": 51.41099548339844
}
