{
    "child_model_execute_cost_by_ms": [
        17.961000442504883,
        17.62299919128418,
        20.360000610351563
    ],
    "child_model_run_time": [
        [
            13622141,
            13640102
        ],
        [
            13640194,
            13657817
        ],
        [
            13657916,
            13678276
        ]
    ],
    "execute_cost": 55.944000244140625,
    "finish_time": 13678283,
    "limit_cost_by_ms": 47.556331634521484,
    "model_name": "vgg19",
    "recv_time": 13622029,
    "tag": "205",
    "total_cost_by_ms": 56.25400161743164,
    "wait_cost": 0.3100013732910156
}
