{
    "child_model_execute_cost_by_ms": [
        8.734999656677246
    ],
    "child_model_run_time": [
        [
            9360295,
            9369030
        ]
    ],
    "execute_cost": 8.734999656677246,
    "finish_time": 9369041,
    "limit_cost_by_ms": 7.229000091552734,
    "model_name": "squeezenetv1",
    "recv_time": 9345822,
    "tag": "23",
    "total_cost_by_ms": 23.2189998626709,
    "wait_cost": 14.484000205993652
}
