{
    "child_model_execute_cost_by_ms": [
        18.819000244140625,
        17.35300064086914,
        20.214000701904297
    ],
    "child_model_run_time": [
        [
            13976936,
            13995755
        ],
        [
            14026628,
            14043981
        ],
        [
            14044069,
            14064283
        ]
    ],
    "execute_cost": 56.38600158691406,
    "finish_time": 14064291,
    "limit_cost_by_ms": 47.556331634521484,
    "model_name": "vgg19",
    "recv_time": 13971554,
    "tag": "220",
    "total_cost_by_ms": 92.73699951171875,
    "wait_cost": 36.35099792480469
}
