{
    "child_model_execute_cost_by_ms": [
        17.86400032043457,
        17.333999633789063,
        20.618000030517578
    ],
    "child_model_run_time": [
        [
            14178870,
            14196734
        ],
        [
            14196751,
            14214085
        ],
        [
            14223457,
            14244075
        ]
    ],
    "execute_cost": 55.81599807739258,
    "finish_time": 14244082,
    "limit_cost_by_ms": 47.556331634521484,
    "model_name": "vgg19",
    "recv_time": 14163333,
    "tag": "229",
    "total_cost_by_ms": 80.7490005493164,
    "wait_cost": 24.933002471923828
}
