{
    "child_model_execute_cost_by_ms": [
        8.357000350952148
    ],
    "child_model_run_time": [
        [
            14351054,
            14359411
        ]
    ],
    "execute_cost": 8.357000350952148,
    "finish_time": 14359416,
    "limit_cost_by_ms": 7.229000091552734,
    "model_name": "squeezenetv1",
    "recv_time": 14347001,
    "tag": "236",
    "total_cost_by_ms": 12.414999961853027,
    "wait_cost": 4.057999610900879
}
