{
    "child_model_execute_cost_by_ms": [
        18.805999755859375,
        18.23900032043457,
        20.229999542236328
    ],
    "child_model_run_time": [
        [
            14639080,
            14657886
        ],
        [
            14657930,
            14676169
        ],
        [
            14676277,
            14696507
        ]
    ],
    "execute_cost": 57.27499771118164,
    "finish_time": 14696515,
    "limit_cost_by_ms": 47.556331634521484,
    "model_name": "vgg19",
    "recv_time": 14630076,
    "tag": "249",
    "total_cost_by_ms": 66.43900299072266,
    "wait_cost": 9.164005279541016
}
