{
    "child_model_execute_cost_by_ms": [
        9.84000015258789
    ],
    "child_model_run_time": [
        [
            15171248,
            15181088
        ]
    ],
    "execute_cost": 9.84000015258789,
    "finish_time": 15181098,
    "limit_cost_by_ms": 9.426666259765625,
    "model_name": "googlenet",
    "recv_time": 15171086,
    "tag": "271",
    "total_cost_by_ms": 10.01200008392334,
    "wait_cost": 0.17199993133544922
}
