{
    "child_model_execute_cost_by_ms": [
        8.45300006866455
    ],
    "child_model_run_time": [
        [
            15349117,
            15357570
        ]
    ],
    "execute_cost": 8.45300006866455,
    "finish_time": 15357579,
    "limit_cost_by_ms": 7.229000091552734,
    "model_name": "squeezenetv1",
    "recv_time": 15345124,
    "tag": "278",
    "total_cost_by_ms": 12.454999923706055,
    "wait_cost": 4.001999855041504
}
