{
    "child_model_execute_cost_by_ms": [
        14.49899959564209,
        8.946000099182129
    ],
    "child_model_run_time": [
        [
            9554855,
            9569354
        ],
        [
            9569440,
            9578386
        ]
    ],
    "execute_cost": 23.44499969482422,
    "finish_time": 9578392,
    "limit_cost_by_ms": 19.137666702270508,
    "model_name": "resnet50",
    "recv_time": 9532017,
    "tag": "32",
    "total_cost_by_ms": 46.375,
    "wait_cost": 22.93000030517578
}
