{
    "child_model_execute_cost_by_ms": [
        8.581999778747559
    ],
    "child_model_run_time": [
        [
            16551690,
            16560272
        ]
    ],
    "execute_cost": 8.581999778747559,
    "finish_time": 16560281,
    "limit_cost_by_ms": 7.229000091552734,
    "model_name": "squeezenetv1",
    "recv_time": 16541987,
    "tag": "329",
    "total_cost_by_ms": 18.29400062561035,
    "wait_cost": 9.712000846862793
}
