{
    "child_model_execute_cost_by_ms": [
        10.04699993133545
    ],
    "child_model_run_time": [
        [
            16725054,
            16735101
        ]
    ],
    "execute_cost": 10.04699993133545,
    "finish_time": 16735110,
    "limit_cost_by_ms": 9.426666259765625,
    "model_name": "googlenet",
    "recv_time": 16705077,
    "tag": "336",
    "total_cost_by_ms": 30.033000946044922,
    "wait_cost": 19.986000061035156
}
