{
    "child_model_execute_cost_by_ms": [
        8.29800033569336
    ],
    "child_model_run_time": [
        [
            16735408,
            16743706
        ]
    ],
    "execute_cost": 8.29800033569336,
    "finish_time": 16743717,
    "limit_cost_by_ms": 7.229000091552734,
    "model_name": "squeezenetv1",
    "recv_time": 16735394,
    "tag": "337",
    "total_cost_by_ms": 8.322999954223633,
    "wait_cost": 0.024999618530273438
}
