{
    "child_model_execute_cost_by_ms": [
        9.85099983215332
    ],
    "child_model_run_time": [
        [
            16840694,
            16850545
        ]
    ],
    "execute_cost": 9.85099983215332,
    "finish_time": 16850552,
    "limit_cost_by_ms": 9.426666259765625,
    "model_name": "googlenet",
    "recv_time": 16840546,
    "tag": "342",
    "total_cost_by_ms": 10.005999565124512,
    "wait_cost": 0.1549997329711914
}
