{
    "child_model_execute_cost_by_ms": [
        18.69499969482422,
        18.684999465942383,
        20.90399932861328
    ],
    "child_model_run_time": [
        [
            16950018,
            16968713
        ],
        [
            16979012,
            16997697
        ],
        [
            16997766,
            17018670
        ]
    ],
    "execute_cost": 58.28399658203125,
    "finish_time": 17018678,
    "limit_cost_by_ms": 47.556331634521484,
    "model_name": "vgg19",
    "recv_time": 16950008,
    "tag": "347",
    "total_cost_by_ms": 68.66999816894531,
    "wait_cost": 10.386001586914063
}
