{
    "child_model_execute_cost_by_ms": [
        8.229000091552734
    ],
    "child_model_run_time": [
        [
            17190557,
            17198786
        ]
    ],
    "execute_cost": 8.229000091552734,
    "finish_time": 17198798,
    "limit_cost_by_ms": 7.229000091552734,
    "model_name": "squeezenetv1",
    "recv_time": 17182455,
    "tag": "358",
    "total_cost_by_ms": 16.343000411987305,
    "wait_cost": 8.11400032043457
}
