{
    "child_model_execute_cost_by_ms": [
        3.0789999961853027,
        4.9019999504089355
    ],
    "child_model_run_time": [
        [
            17845246,
            17848325
        ],
        [
            17848369,
            17853271
        ]
    ],
    "execute_cost": 7.980999946594238,
    "finish_time": 17853280,
    "limit_cost_by_ms": 6.332666873931885,
    "model_name": "yolov2",
    "recv_time": 17837663,
    "tag": "385",
    "total_cost_by_ms": 15.616999626159668,
    "wait_cost": 7.63599967956543
}
