{
    "child_model_execute_cost_by_ms": [
        10.039999961853027
    ],
    "child_model_run_time": [
        [
            18067193,
            18077233
        ]
    ],
    "execute_cost": 10.039999961853027,
    "finish_time": 18077244,
    "limit_cost_by_ms": 9.426666259765625,
    "model_name": "googlenet",
    "recv_time": 18067018,
    "tag": "394",
    "total_cost_by_ms": 10.22599983215332,
    "wait_cost": 0.18599987030029297
}
