{
    "child_model_execute_cost_by_ms": [
        8.661999702453613
    ],
    "child_model_run_time": [
        [
            18294756,
            18303418
        ]
    ],
    "execute_cost": 8.661999702453613,
    "finish_time": 18303430,
    "limit_cost_by_ms": 7.229000091552734,
    "model_name": "squeezenetv1",
    "recv_time": 18281364,
    "tag": "405",
    "total_cost_by_ms": 22.06599998474121,
    "wait_cost": 13.404000282287598
}
