{
    "child_model_execute_cost_by_ms": [
        15.522000312805176,
        9.27299976348877
    ],
    "child_model_run_time": [
        [
            18902514,
            18918036
        ],
        [
            18918126,
            18927399
        ]
    ],
    "execute_cost": 24.795000076293945,
    "finish_time": 18927408,
    "limit_cost_by_ms": 19.137666702270508,
    "model_name": "resnet50",
    "recv_time": 18902412,
    "tag": "429",
    "total_cost_by_ms": 24.996000289916992,
    "wait_cost": 0.20100021362304688
}
