{
    "child_model_execute_cost_by_ms": [
        15.35200023651123,
        9.340999603271484
    ],
    "child_model_run_time": [
        [
            19195680,
            19211032
        ],
        [
            19237524,
            19246865
        ]
    ],
    "execute_cost": 24.69300079345703,
    "finish_time": 19246877,
    "limit_cost_by_ms": 19.137666702270508,
    "model_name": "resnet50",
    "recv_time": 19195602,
    "tag": "441",
    "total_cost_by_ms": 51.275001525878906,
    "wait_cost": 26.582000732421875
}
