{
    "child_model_execute_cost_by_ms": [
        8.585000038146973
    ],
    "child_model_run_time": [
        [
            19305180,
            19313765
        ]
    ],
    "execute_cost": 8.585000038146973,
    "finish_time": 19313774,
    "limit_cost_by_ms": 7.229000091552734,
    "model_name": "squeezenetv1",
    "recv_time": 19305143,
    "tag": "446",
    "total_cost_by_ms": 8.630999565124512,
    "wait_cost": 0.04599952697753906
}
