{
    "child_model_execute_cost_by_ms": [
        18.11199951171875,
        17.643999099731445,
        20.7450008392334
    ],
    "child_model_run_time": [
        [
            19426287,
            19444399
        ],
        [
            19444489,
            19462133
        ],
        [
            19462156,
            19482901
        ]
    ],
    "execute_cost": 56.500999450683594,
    "finish_time": 19482907,
    "limit_cost_by_ms": 47.556331634521484,
    "model_name": "vgg19",
    "recv_time": 19426172,
    "tag": "452",
    "total_cost_by_ms": 56.73500061035156,
    "wait_cost": 0.23400115966796875
}
