{
    "child_model_execute_cost_by_ms": [
        10.439000129699707
    ],
    "child_model_run_time": [
        [
            19483023,
            19493462
        ]
    ],
    "execute_cost": 10.439000129699707,
    "finish_time": 19493471,
    "limit_cost_by_ms": 9.426666259765625,
    "model_name": "googlenet",
    "recv_time": 19475588,
    "tag": "453",
    "total_cost_by_ms": 17.882999420166016,
    "wait_cost": 7.443999290466309
}
