{
    "child_model_execute_cost_by_ms": [
        19.04199981689453,
        18.284000396728516,
        21.06100082397461
    ],
    "child_model_run_time": [
        [
            19723801,
            19742843
        ],
        [
            19742892,
            19761176
        ],
        [
            19769028,
            19790089
        ]
    ],
    "execute_cost": 58.387001037597656,
    "finish_time": 19790097,
    "limit_cost_by_ms": 47.556331634521484,
    "model_name": "vgg19",
    "recv_time": 19714698,
    "tag": "465",
    "total_cost_by_ms": 75.39900207519531,
    "wait_cost": 17.012001037597656
}
