{
    "child_model_execute_cost_by_ms": [
        10.206999778747559
    ],
    "child_model_run_time": [
        [
            19841685,
            19851892
        ]
    ],
    "execute_cost": 10.206999778747559,
    "finish_time": 19851907,
    "limit_cost_by_ms": 9.426666259765625,
    "model_name": "googlenet",
    "recv_time": 19833132,
    "tag": "471",
    "total_cost_by_ms": 18.774999618530273,
    "wait_cost": 8.567999839782715
}
