{
    "child_model_execute_cost_by_ms": [
        18.12299919128418,
        17.889999389648438,
        21.367000579833984
    ],
    "child_model_run_time": [
        [
            19903692,
            19921815
        ],
        [
            19921835,
            19939725
        ],
        [
            19948396,
            19969763
        ]
    ],
    "execute_cost": 57.380001068115234,
    "finish_time": 19969771,
    "limit_cost_by_ms": 47.556331634521484,
    "model_name": "vgg19",
    "recv_time": 19903553,
    "tag": "472",
    "total_cost_by_ms": 66.21800231933594,
    "wait_cost": 8.838001251220703
}
