{
    "child_model_execute_cost_by_ms": [
        15.234999656677246,
        9.604000091552734
    ],
    "child_model_run_time": [
        [
            20008049,
            20023284
        ],
        [
            20031815,
            20041419
        ]
    ],
    "execute_cost": 24.839000701904297,
    "finish_time": 20041428,
    "limit_cost_by_ms": 19.137666702270508,
    "model_name": "resnet50",
    "recv_time": 19989847,
    "tag": "477",
    "total_cost_by_ms": 51.58100128173828,
    "wait_cost": 26.742000579833984
}
