{
    "child_model_execute_cost_by_ms": [
        8.359000205993652
    ],
    "child_model_run_time": [
        [
            20118572,
            20126931
        ]
    ],
    "execute_cost": 8.359000205993652,
    "finish_time": 20126943,
    "limit_cost_by_ms": 7.229000091552734,
    "model_name": "squeezenetv1",
    "recv_time": 20114286,
    "tag": "481",
    "total_cost_by_ms": 12.656999588012695,
    "wait_cost": 4.297999382019043
}
