{
    "child_model_execute_cost_by_ms": [
        18.926000595092773,
        18.22599983215332,
        20.599000930786133
    ],
    "child_model_run_time": [
        [
            20377043,
            20395969
        ],
        [
            20396067,
            20414293
        ],
        [
            20414381,
            20434980
        ]
    ],
    "execute_cost": 57.750999450683594,
    "finish_time": 20434987,
    "limit_cost_by_ms": 47.556331634521484,
    "model_name": "vgg19",
    "recv_time": 20377028,
    "tag": "492",
    "total_cost_by_ms": 57.95899963378906,
    "wait_cost": 0.20800018310546875
}
