{
    "child_model_execute_cost_by_ms": [
        10.041999816894531
    ],
    "child_model_run_time": [
        [
            20599759,
            20609801
        ]
    ],
    "execute_cost": 10.041999816894531,
    "finish_time": 20609814,
    "limit_cost_by_ms": 9.426666259765625,
    "model_name": "googlenet",
    "recv_time": 20592354,
    "tag": "501",
    "total_cost_by_ms": 17.459999084472656,
    "wait_cost": 7.417999267578125
}
