{
    "child_model_execute_cost_by_ms": [
        8.78600025177002
    ],
    "child_model_run_time": [
        [
            8923028,
            8931814
        ]
    ],
    "execute_cost": 8.78600025177002,
    "finish_time": 8931821,
    "limit_cost_by_ms": 7.229000091552734,
    "model_name": "squeezenetv1",
    "recv_time": 8912499,
    "tag": "6",
    "total_cost_by_ms": 19.32200050354004,
    "wait_cost": 10.53600025177002
}
