{
    "child_model_execute_cost_by_ms": [
        18.030000686645508,
        17.565000534057617,
        20.916000366210938
    ],
    "child_model_run_time": [
        [
            20672173,
            20690203
        ],
        [
            20690250,
            20707815
        ],
        [
            20707904,
            20728820
        ]
    ],
    "execute_cost": 56.51100158691406,
    "finish_time": 20728827,
    "limit_cost_by_ms": 47.556331634521484,
    "model_name": "vgg19",
    "recv_time": 20649894,
    "tag": "504",
    "total_cost_by_ms": 78.93299865722656,
    "wait_cost": 22.4219970703125
}
