{
    "child_model_execute_cost_by_ms": [
        3.11299991607666,
        4.663000106811523
    ],
    "child_model_run_time": [
        [
            20783006,
            20786119
        ],
        [
            20786178,
            20790841
        ]
    ],
    "execute_cost": 7.776000022888184,
    "finish_time": 20790851,
    "limit_cost_by_ms": 6.332666873931885,
    "model_name": "yolov2",
    "recv_time": 20768962,
    "tag": "510",
    "total_cost_by_ms": 21.888999938964844,
    "wait_cost": 14.11299991607666
}
