{
    "child_model_execute_cost_by_ms": [
        8.434000015258789
    ],
    "child_model_run_time": [
        [
            22109372,
            22117806
        ]
    ],
    "execute_cost": 8.434000015258789,
    "finish_time": 22117822,
    "limit_cost_by_ms": 7.229000091552734,
    "model_name": "squeezenetv1",
    "recv_time": 22095395,
    "tag": "563",
    "total_cost_by_ms": 22.427000045776367,
    "wait_cost": 13.993000030517578
}
