{
    "child_model_execute_cost_by_ms": [
        18.136999130249023,
        18.121999740600586,
        21.398000717163086
    ],
    "child_model_run_time": [
        [
            22072873,
            22091010
        ],
        [
            22091098,
            22109220
        ],
        [
            22117946,
            22139344
        ]
    ],
    "execute_cost": 57.65699768066406,
    "finish_time": 22139352,
    "limit_cost_by_ms": 47.556331634521484,
    "model_name": "vgg19",
    "recv_time": 22072796,
    "tag": "562",
    "total_cost_by_ms": 66.55599975585938,
    "wait_cost": 8.899002075195313
}
