{
    "child_model_execute_cost_by_ms": [
        19.4060001373291,
        19.115999221801758,
        20.481000900268555
    ],
    "child_model_run_time": [
        [
            22159464,
            22178870
        ],
        [
            22212296,
            22231412
        ],
        [
            22231507,
            22251988
        ]
    ],
    "execute_cost": 59.00299835205078,
    "finish_time": 22251997,
    "limit_cost_by_ms": 47.556331634521484,
    "model_name": "vgg19",
    "recv_time": 22159403,
    "tag": "566",
    "total_cost_by_ms": 92.59400177001953,
    "wait_cost": 33.59100341796875
}
