{
    "child_model_execute_cost_by_ms": [
        8.652999877929688
    ],
    "child_model_run_time": [
        [
            22490589,
            22499242
        ]
    ],
    "execute_cost": 8.652999877929688,
    "finish_time": 22499256,
    "limit_cost_by_ms": 7.229000091552734,
    "model_name": "squeezenetv1",
    "recv_time": 22471782,
    "tag": "579",
    "total_cost_by_ms": 27.474000930786133,
    "wait_cost": 18.821001052856445
}
