{
    "child_model_execute_cost_by_ms": [
        19.736000061035156,
        19.187000274658203,
        21.97800064086914
    ],
    "child_model_run_time": [
        [
            22640881,
            22660617
        ],
        [
            22669106,
            22688293
        ],
        [
            22713006,
            22734984
        ]
    ],
    "execute_cost": 60.9010009765625,
    "finish_time": 22734994,
    "limit_cost_by_ms": 47.556331634521484,
    "model_name": "vgg19",
    "recv_time": 22640793,
    "tag": "586",
    "total_cost_by_ms": 94.20099639892578,
    "wait_cost": 33.29999542236328
}
