{
    "child_model_execute_cost_by_ms": [
        10.789999961853027
    ],
    "child_model_run_time": [
        [
            22735100,
            22745890
        ]
    ],
    "execute_cost": 10.789999961853027,
    "finish_time": 22745903,
    "limit_cost_by_ms": 9.426666259765625,
    "model_name": "googlenet",
    "recv_time": 22722332,
    "tag": "589",
    "total_cost_by_ms": 23.570999145507813,
    "wait_cost": 12.780999183654785
}
