{
    "child_model_execute_cost_by_ms": [
        8.616000175476074
    ],
    "child_model_run_time": [
        [
            22847004,
            22855620
        ]
    ],
    "execute_cost": 8.616000175476074,
    "finish_time": 22855630,
    "limit_cost_by_ms": 7.229000091552734,
    "model_name": "squeezenetv1",
    "recv_time": 22837753,
    "tag": "594",
    "total_cost_by_ms": 17.87700080871582,
    "wait_cost": 9.261000633239746
}
