{
    "child_model_execute_cost_by_ms": [
        10.404999732971191
    ],
    "child_model_run_time": [
        [
            23000312,
            23010717
        ]
    ],
    "execute_cost": 10.404999732971191,
    "finish_time": 23010731,
    "limit_cost_by_ms": 9.426666259765625,
    "model_name": "googlenet",
    "recv_time": 22989435,
    "tag": "600",
    "total_cost_by_ms": 21.29599952697754,
    "wait_cost": 10.890999794006348
}
