{
    "child_model_execute_cost_by_ms": [
        19.011999130249023,
        17.729000091552734,
        20.666000366210938
    ],
    "child_model_run_time": [
        [
            23901143,
            23920155
        ],
        [
            23920205,
            23937934
        ],
        [
            23938021,
            23958687
        ]
    ],
    "execute_cost": 57.40699768066406,
    "finish_time": 23958695,
    "limit_cost_by_ms": 47.556331634521484,
    "model_name": "vgg19",
    "recv_time": 23890979,
    "tag": "639",
    "total_cost_by_ms": 67.71600341796875,
    "wait_cost": 10.309005737304688
}
