{
    "child_model_execute_cost_by_ms": [
        19.594999313354492,
        18.104999542236328,
        20.71299934387207
    ],
    "child_model_run_time": [
        [
            23968156,
            23987751
        ],
        [
            24021707,
            24039812
        ],
        [
            24047955,
            24068668
        ]
    ],
    "execute_cost": 58.412994384765625,
    "finish_time": 24068675,
    "limit_cost_by_ms": 47.556331634521484,
    "model_name": "vgg19",
    "recv_time": 23968002,
    "tag": "641",
    "total_cost_by_ms": 100.6729965209961,
    "wait_cost": 42.26000213623047
}
