{
    "child_model_execute_cost_by_ms": [
        18.0049991607666,
        17.90999984741211,
        21.586000442504883
    ],
    "child_model_run_time": [
        [
            24544013,
            24562018
        ],
        [
            24562038,
            24579948
        ],
        [
            24587760,
            24609346
        ]
    ],
    "execute_cost": 57.500999450683594,
    "finish_time": 24609354,
    "limit_cost_by_ms": 47.556331634521484,
    "model_name": "vgg19",
    "recv_time": 24544008,
    "tag": "665",
    "total_cost_by_ms": 65.34600067138672,
    "wait_cost": 7.845001220703125
}
