{
    "child_model_execute_cost_by_ms": [
        8.734000205993652
    ],
    "child_model_run_time": [
        [
            24990294,
            24999028
        ]
    ],
    "execute_cost": 8.734000205993652,
    "finish_time": 24999039,
    "limit_cost_by_ms": 7.229000091552734,
    "model_name": "squeezenetv1",
    "recv_time": 24967456,
    "tag": "682",
    "total_cost_by_ms": 31.58300018310547,
    "wait_cost": 22.8489990234375
}
