{
    "child_model_execute_cost_by_ms": [
        8.246000289916992
    ],
    "child_model_run_time": [
        [
            25442735,
            25450981
        ]
    ],
    "execute_cost": 8.246000289916992,
    "finish_time": 25450989,
    "limit_cost_by_ms": 7.229000091552734,
    "model_name": "squeezenetv1",
    "recv_time": 25431901,
    "tag": "701",
    "total_cost_by_ms": 19.08799934387207,
    "wait_cost": 10.841999053955078
}
