{
    "child_model_execute_cost_by_ms": [
        8.791999816894531
    ],
    "child_model_run_time": [
        [
            25659436,
            25668228
        ]
    ],
    "execute_cost": 8.791999816894531,
    "finish_time": 25668237,
    "limit_cost_by_ms": 7.229000091552734,
    "model_name": "squeezenetv1",
    "recv_time": 25643892,
    "tag": "710",
    "total_cost_by_ms": 24.344999313354492,
    "wait_cost": 15.552999496459961
}
