{
    "child_model_execute_cost_by_ms": [
        3.2070000171661377,
        4.938000202178955
    ],
    "child_model_run_time": [
        [
            25761986,
            25765193
        ],
        [
            25765262,
            25770200
        ]
    ],
    "execute_cost": 8.145000457763672,
    "finish_time": 25770212,
    "limit_cost_by_ms": 6.332666873931885,
    "model_name": "yolov2",
    "recv_time": 25760237,
    "tag": "715",
    "total_cost_by_ms": 9.975000381469727,
    "wait_cost": 1.8299999237060547
}
