{
    "child_model_execute_cost_by_ms": [
        8.420999526977539
    ],
    "child_model_run_time": [
        [
            26545647,
            26554068
        ]
    ],
    "execute_cost": 8.420999526977539,
    "finish_time": 26554081,
    "limit_cost_by_ms": 7.229000091552734,
    "model_name": "squeezenetv1",
    "recv_time": 26545492,
    "tag": "747",
    "total_cost_by_ms": 8.58899974822998,
    "wait_cost": 0.1680002212524414
}
