{
    "child_model_execute_cost_by_ms": [
        19.260000228881836,
        19.128000259399414,
        21.139999389648438
    ],
    "child_model_run_time": [
        [
            26554250,
            26573510
        ],
        [
            26583532,
            26602660
        ],
        [
            26610827,
            26631967
        ]
    ],
    "execute_cost": 59.52799987792969,
    "finish_time": 26631975,
    "limit_cost_by_ms": 47.556331634521484,
    "model_name": "vgg19",
    "recv_time": 26547125,
    "tag": "748",
    "total_cost_by_ms": 84.8499984741211,
    "wait_cost": 25.321998596191406
}
