{
    "child_model_execute_cost_by_ms": [
        15.263999938964844,
        9.074999809265137
    ],
    "child_model_run_time": [
        [
            27005831,
            27021095
        ],
        [
            27021137,
            27030212
        ]
    ],
    "execute_cost": 24.339000701904297,
    "finish_time": 27030219,
    "limit_cost_by_ms": 19.137666702270508,
    "model_name": "resnet50",
    "recv_time": 27005716,
    "tag": "766",
    "total_cost_by_ms": 24.503000259399414,
    "wait_cost": 0.1639995574951172
}
