{
    "child_model_execute_cost_by_ms": [
        10.326000213623047
    ],
    "child_model_run_time": [
        [
            27692623,
            27702949
        ]
    ],
    "execute_cost": 10.326000213623047,
    "finish_time": 27702963,
    "limit_cost_by_ms": 9.426666259765625,
    "model_name": "googlenet",
    "recv_time": 27692568,
    "tag": "794",
    "total_cost_by_ms": 10.395000457763672,
    "wait_cost": 0.069000244140625
}
