{
    "child_model_execute_cost_by_ms": [
        19.301000595092773,
        18.229000091552734,
        21.312000274658203
    ],
    "child_model_run_time": [
        [
            28477201,
            28496502
        ],
        [
            28506312,
            28524541
        ],
        [
            28524590,
            28545902
        ]
    ],
    "execute_cost": 58.84199905395508,
    "finish_time": 28545910,
    "limit_cost_by_ms": 47.556331634521484,
    "model_name": "vgg19",
    "recv_time": 28477041,
    "tag": "827",
    "total_cost_by_ms": 68.86900329589844,
    "wait_cost": 10.02700424194336
}
