{
    "child_model_execute_cost_by_ms": [
        3.0989999771118164,
        4.682000160217285
    ],
    "child_model_run_time": [
        [
            28590036,
            28593135
        ],
        [
            28593190,
            28597872
        ]
    ],
    "execute_cost": 7.781000137329102,
    "finish_time": 28597884,
    "limit_cost_by_ms": 6.332666873931885,
    "model_name": "yolov2",
    "recv_time": 28577670,
    "tag": "832",
    "total_cost_by_ms": 20.214000701904297,
    "wait_cost": 12.433000564575195
}
