{
    "child_model_execute_cost_by_ms": [
        19.783000946044922,
        18.69700050354004,
        21.32200050354004
    ],
    "child_model_run_time": [
        [
            28955817,
            28975600
        ],
        [
            28985756,
            29004453
        ],
        [
            29004541,
            29025863
        ]
    ],
    "execute_cost": 59.802001953125,
    "finish_time": 29025870,
    "limit_cost_by_ms": 47.556331634521484,
    "model_name": "vgg19",
    "recv_time": 28955801,
    "tag": "847",
    "total_cost_by_ms": 70.06900024414063,
    "wait_cost": 10.266998291015625
}
