{
    "child_model_execute_cost_by_ms": [
        18.945999145507813,
        18.29599952697754,
        20.753000259399414
    ],
    "child_model_run_time": [
        [
            29327878,
            29346824
        ],
        [
            29356050,
            29374346
        ],
        [
            29374389,
            29395142
        ]
    ],
    "execute_cost": 57.9949951171875,
    "finish_time": 29395148,
    "limit_cost_by_ms": 47.556331634521484,
    "model_name": "vgg19",
    "recv_time": 29327846,
    "tag": "863",
    "total_cost_by_ms": 67.302001953125,
    "wait_cost": 9.3070068359375
}
