{
    "child_model_execute_cost_by_ms": [
        10.034000396728516
    ],
    "child_model_run_time": [
        [
            29720215,
            29730249
        ]
    ],
    "execute_cost": 10.034000396728516,
    "finish_time": 29730261,
    "limit_cost_by_ms": 9.426666259765625,
    "model_name": "googlenet",
    "recv_time": 29717730,
    "tag": "880",
    "total_cost_by_ms": 12.531000137329102,
    "wait_cost": 2.496999740600586
}
