{
    "child_model_execute_cost_by_ms": [
        19.44300079345703,
        17.082000732421875,
        20.33099937438965
    ],
    "child_model_run_time": [
        [
            10866192,
            10885635
        ],
        [
            10908422,
            10925504
        ],
        [
            10925525,
            10945856
        ]
    ],
    "execute_cost": 56.85600280761719,
    "finish_time": 10945864,
    "limit_cost_by_ms": 47.556331634521484,
    "model_name": "vgg19",
    "recv_time": 10866062,
    "tag": "88",
    "total_cost_by_ms": 79.802001953125,
    "wait_cost": 22.945999145507813
}
