{
    "child_model_execute_cost_by_ms": [
        3.2790000438690186,
        4.894999980926514
    ],
    "child_model_run_time": [
        [
            30155793,
            30159072
        ],
        [
            30159113,
            30164008
        ]
    ],
    "execute_cost": 8.173999786376953,
    "finish_time": 30164015,
    "limit_cost_by_ms": 6.332666873931885,
    "model_name": "yolov2",
    "recv_time": 30155779,
    "tag": "896",
    "total_cost_by_ms": 8.236000061035156,
    "wait_cost": 0.062000274658203125
}
