{
    "child_model_execute_cost_by_ms": [
        8.619999885559082
    ],
    "child_model_run_time": [
        [
            30228321,
            30236941
        ]
    ],
    "execute_cost": 8.619999885559082,
    "finish_time": 30236958,
    "limit_cost_by_ms": 7.229000091552734,
    "model_name": "squeezenetv1",
    "recv_time": 30211368,
    "tag": "899",
    "total_cost_by_ms": 25.59000015258789,
    "wait_cost": 16.970001220703125
}
