{
    "child_model_execute_cost_by_ms": [
        10.595999717712402
    ],
    "child_model_run_time": [
        [
            30371189,
            30381785
        ]
    ],
    "execute_cost": 10.595999717712402,
    "finish_time": 30381794,
    "limit_cost_by_ms": 9.426666259765625,
    "model_name": "googlenet",
    "recv_time": 30365724,
    "tag": "905",
    "total_cost_by_ms": 16.06999969482422,
    "wait_cost": 5.473999977111816
}
