{
    "child_model_execute_cost_by_ms": [
        19.131000518798828,
        18.017000198364258,
        20.371000289916992
    ],
    "child_model_run_time": [
        [
            30671762,
            30690893
        ],
        [
            30690989,
            30709006
        ],
        [
            30709025,
            30729396
        ]
    ],
    "execute_cost": 57.519004821777344,
    "finish_time": 30729403,
    "limit_cost_by_ms": 47.556331634521484,
    "model_name": "vgg19",
    "recv_time": 30671604,
    "tag": "918",
    "total_cost_by_ms": 57.79899978637695,
    "wait_cost": 0.2799949645996094
}
