{
    "child_model_execute_cost_by_ms": [
        19.68199920654297,
        19.465999603271484,
        20.229000091552734
    ],
    "child_model_run_time": [
        [
            31235579,
            31255261
        ],
        [
            31286922,
            31306388
        ],
        [
            31306432,
            31326661
        ]
    ],
    "execute_cost": 59.37699890136719,
    "finish_time": 31326668,
    "limit_cost_by_ms": 47.556331634521484,
    "model_name": "vgg19",
    "recv_time": 31217822,
    "tag": "941",
    "total_cost_by_ms": 108.84600067138672,
    "wait_cost": 49.46900177001953
}
