{
    "child_model_execute_cost_by_ms": [
        8.616999626159668
    ],
    "child_model_run_time": [
        [
            31383738,
            31392355
        ]
    ],
    "execute_cost": 8.616999626159668,
    "finish_time": 31392370,
    "limit_cost_by_ms": 7.229000091552734,
    "model_name": "squeezenetv1",
    "recv_time": 31363017,
    "tag": "946",
    "total_cost_by_ms": 29.35300064086914,
    "wait_cost": 20.736000061035156
}
