{
    "child_model_execute_cost_by_ms": [
        8.878000259399414
    ],
    "child_model_run_time": [
        [
            32043424,
            32052302
        ]
    ],
    "execute_cost": 8.878000259399414,
    "finish_time": 32052314,
    "limit_cost_by_ms": 7.229000091552734,
    "model_name": "squeezenetv1",
    "recv_time": 32038454,
    "tag": "975",
    "total_cost_by_ms": 13.859999656677246,
    "wait_cost": 4.981999397277832
}
