{
    "child_model_execute_cost_by_ms": [
        19.68199920654297,
        18.468000411987305,
        21.389999389648438
    ],
    "child_model_run_time": [
        [
            32278262,
            32297944
        ],
        [
            32297989,
            32316457
        ],
        [
            32316499,
            32337889
        ]
    ],
    "execute_cost": 59.540000915527344,
    "finish_time": 32337897,
    "limit_cost_by_ms": 47.556331634521484,
    "model_name": "vgg19",
    "recv_time": 32274641,
    "tag": "985",
    "total_cost_by_ms": 63.25600051879883,
    "wait_cost": 3.7159996032714844
}
