{
    "child_model_execute_cost_by_ms": [
        19.476999282836914,
        19.753999710083008,
        21.90399932861328
    ],
    "child_model_run_time": [
        [
            32379095,
            32398572
        ],
        [
            32409089,
            32428843
        ],
        [
            32428892,
            32450796
        ]
    ],
    "execute_cost": 61.1349983215332,
    "finish_time": 32450803,
    "limit_cost_by_ms": 47.556331634521484,
    "model_name": "vgg19",
    "recv_time": 32359456,
    "tag": "989",
    "total_cost_by_ms": 91.34700012207031,
    "wait_cost": 30.21200180053711
}
