{
    "child_model_execute_cost_by_ms": [
        10.215999603271484
    ],
    "child_model_run_time": [
        [
            32551391,
            32561607
        ]
    ],
    "execute_cost": 10.215999603271484,
    "finish_time": 32561618,
    "limit_cost_by_ms": 9.426666259765625,
    "model_name": "googlenet",
    "recv_time": 32529477,
    "tag": "995",
    "total_cost_by_ms": 32.14099884033203,
    "wait_cost": 21.924999237060547
}
