name,min,avg,max
squeezenetv1,1.02578036762571,1.9616665914611269,5.026903060536432
googlenet,1.07536661498085,1.9838461874968463,4.382971411560502
yolov2,1.1225608330693209,2.1536389219599217,4.698757962665059
vgg19,1.1679295936793075,1.7427869884592528,2.980472676347431
resnet50,1.183561916704057,1.7550631256447564,3.3362805407916865
total,1.02578036762571,1.928921613953468,5.026903060536432
