name,Std. Deviation of RR
squeezenetv1,0.9596718875012235
googlenet,0.8074174313786798
yolov2,0.9471490484808686
vgg19,0.35254496269198377
resnet50,0.45297155436357306
total,0.7654467106672144
