{
    "child_model_execute_cost_by_ms": [
        8.479000091552734
    ],
    "child_model_run_time": [
        [
            8567886,
            8576365
        ]
    ],
    "execute_cost": 8.479000091552734,
    "finish_time": 8576378,
    "limit_cost_by_ms": 5.9673333168029785,
    "model_name": "yolov2",
    "recv_time": 8567861,
    "tag": "1",
    "total_cost_by_ms": 8.517000198364258,
    "wait_cost": 0.03800010681152344
}
