{
    "child_model_execute_cost_by_ms": [
        9.168999671936035
    ],
    "child_model_run_time": [
        [
            10396046,
            10405215
        ]
    ],
    "execute_cost": 9.168999671936035,
    "finish_time": 10405223,
    "limit_cost_by_ms": 8.84000015258789,
    "model_name": "googlenet",
    "recv_time": 10395935,
    "tag": "101",
    "total_cost_by_ms": 9.288000106811523,
    "wait_cost": 0.11900043487548828
}
