{
    "child_model_execute_cost_by_ms": [
        9.39900016784668
    ],
    "child_model_run_time": [
        [
            10485582,
            10494981
        ]
    ],
    "execute_cost": 9.39900016784668,
    "finish_time": 10494991,
    "limit_cost_by_ms": 8.84000015258789,
    "model_name": "googlenet",
    "recv_time": 10485461,
    "tag": "106",
    "total_cost_by_ms": 9.529999732971191,
    "wait_cost": 0.13099956512451172
}
