{
    "child_model_execute_cost_by_ms": [
        8.369999885559082
    ],
    "child_model_run_time": [
        [
            10565815,
            10574185
        ]
    ],
    "execute_cost": 8.369999885559082,
    "finish_time": 10574190,
    "limit_cost_by_ms": 7.228333473205566,
    "model_name": "squeezenetv1",
    "recv_time": 10562750,
    "tag": "110",
    "total_cost_by_ms": 11.4399995803833,
    "wait_cost": 3.0699996948242188
}
