{
    "child_model_execute_cost_by_ms": [
        7.960000038146973
    ],
    "child_model_run_time": [
        [
            10744294,
            10752254
        ]
    ],
    "execute_cost": 7.960000038146973,
    "finish_time": 10752263,
    "limit_cost_by_ms": 7.228333473205566,
    "model_name": "squeezenetv1",
    "recv_time": 10744263,
    "tag": "120",
    "total_cost_by_ms": 8.0,
    "wait_cost": 0.039999961853027344
}
