{
    "child_model_execute_cost_by_ms": [
        6.99399995803833
    ],
    "child_model_run_time": [
        [
            11259267,
            11266261
        ]
    ],
    "execute_cost": 6.99399995803833,
    "finish_time": 11266270,
    "limit_cost_by_ms": 5.9673333168029785,
    "model_name": "yolov2",
    "recv_time": 11250650,
    "tag": "149",
    "total_cost_by_ms": 15.619999885559082,
    "wait_cost": 8.625999450683594
}
