{
    "child_model_execute_cost_by_ms": [
        18.999000549316406
    ],
    "child_model_run_time": [
        [
            11565086,
            11584085
        ]
    ],
    "execute_cost": 18.999000549316406,
    "finish_time": 11584096,
    "limit_cost_by_ms": 18.613666534423828,
    "model_name": "resnet50",
    "recv_time": 11564982,
    "tag": "166",
    "total_cost_by_ms": 19.11400032043457,
    "wait_cost": 0.11499977111816406
}
