{
    "child_model_execute_cost_by_ms": [
        6.321000099182129
    ],
    "child_model_run_time": [
        [
            11949082,
            11955403
        ]
    ],
    "execute_cost": 6.321000099182129,
    "finish_time": 11955411,
    "limit_cost_by_ms": 5.9673333168029785,
    "model_name": "yolov2",
    "recv_time": 11940008,
    "tag": "188",
    "total_cost_by_ms": 15.402999877929688,
    "wait_cost": 9.081999778747559
}
