{
    "child_model_execute_cost_by_ms": [
        6.2820000648498535
    ],
    "child_model_run_time": [
        [
            12184217,
            12190499
        ]
    ],
    "execute_cost": 6.2820000648498535,
    "finish_time": 12190505,
    "limit_cost_by_ms": 5.9673333168029785,
    "model_name": "yolov2",
    "recv_time": 12184205,
    "tag": "201",
    "total_cost_by_ms": 6.300000190734863,
    "wait_cost": 0.018000125885009766
}
