{
    "child_model_execute_cost_by_ms": [
        43.722999572753906
    ],
    "child_model_run_time": [
        [
            12228164,
            12271887
        ]
    ],
    "execute_cost": 43.722999572753906,
    "finish_time": 12271895,
    "limit_cost_by_ms": 45.529335021972656,
    "model_name": "vgg19",
    "recv_time": 12228031,
    "tag": "205",
    "total_cost_by_ms": 43.86399841308594,
    "wait_cost": 0.14099884033203125
}
