{
    "child_model_execute_cost_by_ms": [
        8.149999618530273
    ],
    "child_model_run_time": [
        [
            12299107,
            12307257
        ]
    ],
    "execute_cost": 8.149999618530273,
    "finish_time": 12307265,
    "limit_cost_by_ms": 7.228333473205566,
    "model_name": "squeezenetv1",
    "recv_time": 12293873,
    "tag": "208",
    "total_cost_by_ms": 13.392000198364258,
    "wait_cost": 5.242000579833984
}
