{
    "child_model_execute_cost_by_ms": [
        6.559999942779541
    ],
    "child_model_run_time": [
        [
            12361300,
            12367860
        ]
    ],
    "execute_cost": 6.559999942779541,
    "finish_time": 12367868,
    "limit_cost_by_ms": 5.9673333168029785,
    "model_name": "yolov2",
    "recv_time": 12361284,
    "tag": "211",
    "total_cost_by_ms": 6.584000110626221,
    "wait_cost": 0.024000167846679688
}
