{
    "child_model_execute_cost_by_ms": [
        19.44499969482422
    ],
    "child_model_run_time": [
        [
            12547645,
            12567090
        ]
    ],
    "execute_cost": 19.44499969482422,
    "finish_time": 12567102,
    "limit_cost_by_ms": 18.613666534423828,
    "model_name": "resnet50",
    "recv_time": 12542596,
    "tag": "222",
    "total_cost_by_ms": 24.506000518798828,
    "wait_cost": 5.061000823974609
}
