{
    "child_model_execute_cost_by_ms": [
        6.3420000076293945
    ],
    "child_model_run_time": [
        [
            12825341,
            12831683
        ]
    ],
    "execute_cost": 6.3420000076293945,
    "finish_time": 12831692,
    "limit_cost_by_ms": 5.9673333168029785,
    "model_name": "yolov2",
    "recv_time": 12810561,
    "tag": "237",
    "total_cost_by_ms": 21.131000518798828,
    "wait_cost": 14.789000511169434
}
