{
    "child_model_execute_cost_by_ms": [
        8.241000175476074
    ],
    "child_model_run_time": [
        [
            13022799,
            13031040
        ]
    ],
    "execute_cost": 8.241000175476074,
    "finish_time": 13031069,
    "limit_cost_by_ms": 7.228333473205566,
    "model_name": "squeezenetv1",
    "recv_time": 13022776,
    "tag": "249",
    "total_cost_by_ms": 8.293000221252441,
    "wait_cost": 0.05200004577636719
}
