{
    "child_model_execute_cost_by_ms": [
        6.927999973297119
    ],
    "child_model_run_time": [
        [
            13095541,
            13102469
        ]
    ],
    "execute_cost": 6.927999973297119,
    "finish_time": 13102477,
    "limit_cost_by_ms": 5.9673333168029785,
    "model_name": "yolov2",
    "recv_time": 13085902,
    "tag": "253",
    "total_cost_by_ms": 16.575000762939453,
    "wait_cost": 9.647001266479492
}
