{
    "child_model_execute_cost_by_ms": [
        7.098999977111816
    ],
    "child_model_run_time": [
        [
            13277573,
            13284672
        ]
    ],
    "execute_cost": 7.098999977111816,
    "finish_time": 13284681,
    "limit_cost_by_ms": 5.9673333168029785,
    "model_name": "yolov2",
    "recv_time": 13268183,
    "tag": "263",
    "total_cost_by_ms": 16.49799919128418,
    "wait_cost": 9.398999214172363
}
