{
    "child_model_execute_cost_by_ms": [
        20.474000930786133
    ],
    "child_model_run_time": [
        [
            13347850,
            13368324
        ]
    ],
    "execute_cost": 20.474000930786133,
    "finish_time": 13368338,
    "limit_cost_by_ms": 18.613666534423828,
    "model_name": "resnet50",
    "recv_time": 13326460,
    "tag": "266",
    "total_cost_by_ms": 41.87799835205078,
    "wait_cost": 21.40399742126465
}
