{
    "child_model_execute_cost_by_ms": [
        8.246000289916992
    ],
    "child_model_run_time": [
        [
            13385918,
            13394164
        ]
    ],
    "execute_cost": 8.246000289916992,
    "finish_time": 13394172,
    "limit_cost_by_ms": 7.228333473205566,
    "model_name": "squeezenetv1",
    "recv_time": 13385796,
    "tag": "269",
    "total_cost_by_ms": 8.37600040435791,
    "wait_cost": 0.13000011444091797
}
