{
    "child_model_execute_cost_by_ms": [
        6.761000156402588
    ],
    "child_model_run_time": [
        [
            13559546,
            13566307
        ]
    ],
    "execute_cost": 6.761000156402588,
    "finish_time": 13566311,
    "limit_cost_by_ms": 5.9673333168029785,
    "model_name": "yolov2",
    "recv_time": 13559532,
    "tag": "278",
    "total_cost_by_ms": 6.7789998054504395,
    "wait_cost": 0.017999649047851563
}
