{
    "child_model_execute_cost_by_ms": [
        6.46999979019165
    ],
    "child_model_run_time": [
        [
            13638798,
            13645268
        ]
    ],
    "execute_cost": 6.46999979019165,
    "finish_time": 13645278,
    "limit_cost_by_ms": 5.9673333168029785,
    "model_name": "yolov2",
    "recv_time": 13618970,
    "tag": "282",
    "total_cost_by_ms": 26.308000564575195,
    "wait_cost": 19.838001251220703
}
