{
    "child_model_execute_cost_by_ms": [
        9.37600040435791
    ],
    "child_model_run_time": [
        [
            13921934,
            13931310
        ]
    ],
    "execute_cost": 9.37600040435791,
    "finish_time": 13931317,
    "limit_cost_by_ms": 8.84000015258789,
    "model_name": "googlenet",
    "recv_time": 13921922,
    "tag": "299",
    "total_cost_by_ms": 9.395000457763672,
    "wait_cost": 0.01900005340576172
}
