{
    "child_model_execute_cost_by_ms": [
        7.255000114440918
    ],
    "child_model_run_time": [
        [
            14175842,
            14183097
        ]
    ],
    "execute_cost": 7.255000114440918,
    "finish_time": 14183105,
    "limit_cost_by_ms": 5.9673333168029785,
    "model_name": "yolov2",
    "recv_time": 14163443,
    "tag": "312",
    "total_cost_by_ms": 19.66200065612793,
    "wait_cost": 12.407000541687012
}
