{
    "child_model_execute_cost_by_ms": [
        9.85200023651123
    ],
    "child_model_run_time": [
        [
            14281370,
            14291222
        ]
    ],
    "execute_cost": 9.85200023651123,
    "finish_time": 14291228,
    "limit_cost_by_ms": 8.84000015258789,
    "model_name": "googlenet",
    "recv_time": 14273215,
    "tag": "319",
    "total_cost_by_ms": 18.01300048828125,
    "wait_cost": 8.16100025177002
}
