{
    "child_model_execute_cost_by_ms": [
        20.260000228881836
    ],
    "child_model_run_time": [
        [
            14432902,
            14453162
        ]
    ],
    "execute_cost": 20.260000228881836,
    "finish_time": 14453170,
    "limit_cost_by_ms": 18.613666534423828,
    "model_name": "resnet50",
    "recv_time": 14420714,
    "tag": "327",
    "total_cost_by_ms": 32.45600128173828,
    "wait_cost": 12.196001052856445
}
