{
    "child_model_execute_cost_by_ms": [
        8.015000343322754
    ],
    "child_model_run_time": [
        [
            14644239,
            14652254
        ]
    ],
    "execute_cost": 8.015000343322754,
    "finish_time": 14652262,
    "limit_cost_by_ms": 7.228333473205566,
    "model_name": "squeezenetv1",
    "recv_time": 14644075,
    "tag": "339",
    "total_cost_by_ms": 8.187000274658203,
    "wait_cost": 0.17199993133544922
}
