{
    "child_model_execute_cost_by_ms": [
        7.2270002365112305
    ],
    "child_model_run_time": [
        [
            14971497,
            14978724
        ]
    ],
    "execute_cost": 7.2270002365112305,
    "finish_time": 14978739,
    "limit_cost_by_ms": 5.9673333168029785,
    "model_name": "yolov2",
    "recv_time": 14964968,
    "tag": "357",
    "total_cost_by_ms": 13.770999908447266,
    "wait_cost": 6.543999671936035
}
