{
    "child_model_execute_cost_by_ms": [
        20.486000061035156
    ],
    "child_model_run_time": [
        [
            15433458,
            15453944
        ]
    ],
    "execute_cost": 20.486000061035156,
    "finish_time": 15453952,
    "limit_cost_by_ms": 18.613666534423828,
    "model_name": "resnet50",
    "recv_time": 15381726,
    "tag": "381",
    "total_cost_by_ms": 72.22599792480469,
    "wait_cost": 51.73999786376953
}
