{
    "child_model_execute_cost_by_ms": [
        19.191999435424805
    ],
    "child_model_run_time": [
        [
            15744979,
            15764171
        ]
    ],
    "execute_cost": 19.191999435424805,
    "finish_time": 15764178,
    "limit_cost_by_ms": 18.613666534423828,
    "model_name": "resnet50",
    "recv_time": 15744876,
    "tag": "400",
    "total_cost_by_ms": 19.302000045776367,
    "wait_cost": 0.1100006103515625
}
