{
    "child_model_execute_cost_by_ms": [
        44.81999969482422
    ],
    "child_model_run_time": [
        [
            15764291,
            15809111
        ]
    ],
    "execute_cost": 44.81999969482422,
    "finish_time": 15809121,
    "limit_cost_by_ms": 45.529335021972656,
    "model_name": "vgg19",
    "recv_time": 15749956,
    "tag": "401",
    "total_cost_by_ms": 59.165000915527344,
    "wait_cost": 14.345001220703125
}
