{
    "child_model_execute_cost_by_ms": [
        7.9670000076293945
    ],
    "child_model_run_time": [
        [
            15996893,
            16004860
        ]
    ],
    "execute_cost": 7.9670000076293945,
    "finish_time": 16004866,
    "limit_cost_by_ms": 7.228333473205566,
    "model_name": "squeezenetv1",
    "recv_time": 15996884,
    "tag": "413",
    "total_cost_by_ms": 7.98199987411499,
    "wait_cost": 0.014999866485595703
}
