{
    "child_model_execute_cost_by_ms": [
        7.742000102996826
    ],
    "child_model_run_time": [
        [
            16755036,
            16762778
        ]
    ],
    "execute_cost": 7.742000102996826,
    "finish_time": 16762784,
    "limit_cost_by_ms": 7.228333473205566,
    "model_name": "squeezenetv1",
    "recv_time": 16742469,
    "tag": "457",
    "total_cost_by_ms": 20.315000534057617,
    "wait_cost": 12.572999954223633
}
