{
    "child_model_execute_cost_by_ms": [
        6.526000022888184
    ],
    "child_model_run_time": [
        [
            16836902,
            16843428
        ]
    ],
    "execute_cost": 6.526000022888184,
    "finish_time": 16843441,
    "limit_cost_by_ms": 5.9673333168029785,
    "model_name": "yolov2",
    "recv_time": 16827701,
    "tag": "461",
    "total_cost_by_ms": 15.739999771118164,
    "wait_cost": 9.21399974822998
}
