{
    "child_model_execute_cost_by_ms": [
        8.019000053405762
    ],
    "child_model_run_time": [
        [
            16843512,
            16851531
        ]
    ],
    "execute_cost": 8.019000053405762,
    "finish_time": 16851536,
    "limit_cost_by_ms": 7.228333473205566,
    "model_name": "squeezenetv1",
    "recv_time": 16835914,
    "tag": "462",
    "total_cost_by_ms": 15.621999740600586,
    "wait_cost": 7.602999687194824
}
