{
    "child_model_execute_cost_by_ms": [
        6.456999778747559
    ],
    "child_model_run_time": [
        [
            17024649,
            17031106
        ]
    ],
    "execute_cost": 6.456999778747559,
    "finish_time": 17031113,
    "limit_cost_by_ms": 5.9673333168029785,
    "model_name": "yolov2",
    "recv_time": 17024485,
    "tag": "472",
    "total_cost_by_ms": 6.627999782562256,
    "wait_cost": 0.17100000381469727
}
