{
    "child_model_execute_cost_by_ms": [
        9.878000259399414
    ],
    "child_model_run_time": [
        [
            17075844,
            17085722
        ]
    ],
    "execute_cost": 9.878000259399414,
    "finish_time": 17085729,
    "limit_cost_by_ms": 8.84000015258789,
    "model_name": "googlenet",
    "recv_time": 17075713,
    "tag": "474",
    "total_cost_by_ms": 10.015999794006348,
    "wait_cost": 0.1379995346069336
}
