{
    "child_model_execute_cost_by_ms": [
        7.874000072479248
    ],
    "child_model_run_time": [
        [
            17105591,
            17113465
        ]
    ],
    "execute_cost": 7.874000072479248,
    "finish_time": 17113471,
    "limit_cost_by_ms": 7.228333473205566,
    "model_name": "squeezenetv1",
    "recv_time": 17088504,
    "tag": "476",
    "total_cost_by_ms": 24.966999053955078,
    "wait_cost": 17.092998504638672
}
