{
    "child_model_execute_cost_by_ms": [
        7.741000175476074
    ],
    "child_model_run_time": [
        [
            17194953,
            17202694
        ]
    ],
    "execute_cost": 7.741000175476074,
    "finish_time": 17202699,
    "limit_cost_by_ms": 7.228333473205566,
    "model_name": "squeezenetv1",
    "recv_time": 17190406,
    "tag": "481",
    "total_cost_by_ms": 12.293000221252441,
    "wait_cost": 4.552000045776367
}
