{
    "child_model_execute_cost_by_ms": [
        7.89300012588501
    ],
    "child_model_run_time": [
        [
            17468210,
            17476103
        ]
    ],
    "execute_cost": 7.89300012588501,
    "finish_time": 17476109,
    "limit_cost_by_ms": 7.228333473205566,
    "model_name": "squeezenetv1",
    "recv_time": 17461843,
    "tag": "497",
    "total_cost_by_ms": 14.265999794006348,
    "wait_cost": 6.372999668121338
}
