{
    "child_model_execute_cost_by_ms": [
        8.222000122070313
    ],
    "child_model_run_time": [
        [
            17900337,
            17908559
        ]
    ],
    "execute_cost": 8.222000122070313,
    "finish_time": 17908570,
    "limit_cost_by_ms": 7.228333473205566,
    "model_name": "squeezenetv1",
    "recv_time": 17893852,
    "tag": "521",
    "total_cost_by_ms": 14.718000411987305,
    "wait_cost": 6.496000289916992
}
