{
    "child_model_execute_cost_by_ms": [
        20.6560001373291
    ],
    "child_model_run_time": [
        [
            18062224,
            18082880
        ]
    ],
    "execute_cost": 20.6560001373291,
    "finish_time": 18082889,
    "limit_cost_by_ms": 18.613666534423828,
    "model_name": "resnet50",
    "recv_time": 18037370,
    "tag": "528",
    "total_cost_by_ms": 45.51900100708008,
    "wait_cost": 24.863000869750977
}
