{
    "child_model_execute_cost_by_ms": [
        9.66100025177002
    ],
    "child_model_run_time": [
        [
            18324219,
            18333880
        ]
    ],
    "execute_cost": 9.66100025177002,
    "finish_time": 18333889,
    "limit_cost_by_ms": 8.84000015258789,
    "model_name": "googlenet",
    "recv_time": 18324120,
    "tag": "543",
    "total_cost_by_ms": 9.769000053405762,
    "wait_cost": 0.10799980163574219
}
