{
    "child_model_execute_cost_by_ms": [
        6.697999954223633
    ],
    "child_model_run_time": [
        [
            18353646,
            18360344
        ]
    ],
    "execute_cost": 6.697999954223633,
    "finish_time": 18360357,
    "limit_cost_by_ms": 5.9673333168029785,
    "model_name": "yolov2",
    "recv_time": 18338119,
    "tag": "545",
    "total_cost_by_ms": 22.238000869750977,
    "wait_cost": 15.540000915527344
}
