{
    "child_model_execute_cost_by_ms": [
        6.572999954223633
    ],
    "child_model_run_time": [
        [
            18422973,
            18429546
        ]
    ],
    "execute_cost": 6.572999954223633,
    "finish_time": 18429556,
    "limit_cost_by_ms": 5.9673333168029785,
    "model_name": "yolov2",
    "recv_time": 18422961,
    "tag": "549",
    "total_cost_by_ms": 6.59499979019165,
    "wait_cost": 0.021999835968017578
}
