{
    "child_model_execute_cost_by_ms": [
        10.652000427246094
    ],
    "child_model_run_time": [
        [
            18951391,
            18962043
        ]
    ],
    "execute_cost": 10.652000427246094,
    "finish_time": 18962057,
    "limit_cost_by_ms": 8.84000015258789,
    "model_name": "googlenet",
    "recv_time": 18951374,
    "tag": "578",
    "total_cost_by_ms": 10.682999610900879,
    "wait_cost": 0.030999183654785156
}
