{
    "child_model_execute_cost_by_ms": [
        19.375
    ],
    "child_model_run_time": [
        [
            19068204,
            19087579
        ]
    ],
    "execute_cost": 19.375,
    "finish_time": 19087588,
    "limit_cost_by_ms": 18.613666534423828,
    "model_name": "resnet50",
    "recv_time": 19068103,
    "tag": "586",
    "total_cost_by_ms": 19.485000610351563,
    "wait_cost": 0.1100006103515625
}
