{
    "child_model_execute_cost_by_ms": [
        8.243000030517578
    ],
    "child_model_run_time": [
        [
            19132133,
            19140376
        ]
    ],
    "execute_cost": 8.243000030517578,
    "finish_time": 19140386,
    "limit_cost_by_ms": 7.228333473205566,
    "model_name": "squeezenetv1",
    "recv_time": 19124974,
    "tag": "589",
    "total_cost_by_ms": 15.411999702453613,
    "wait_cost": 7.168999671936035
}
