{
    "child_model_execute_cost_by_ms": [
        10.604000091552734
    ],
    "child_model_run_time": [
        [
            19140571,
            19151175
        ]
    ],
    "execute_cost": 10.604000091552734,
    "finish_time": 19151183,
    "limit_cost_by_ms": 8.84000015258789,
    "model_name": "googlenet",
    "recv_time": 19120816,
    "tag": "588",
    "total_cost_by_ms": 30.367000579833984,
    "wait_cost": 19.76300048828125
}
