{
    "child_model_execute_cost_by_ms": [
        8.369999885559082
    ],
    "child_model_run_time": [
        [
            9667530,
            9675900
        ]
    ],
    "execute_cost": 8.369999885559082,
    "finish_time": 9675909,
    "limit_cost_by_ms": 7.228333473205566,
    "model_name": "squeezenetv1",
    "recv_time": 9667508,
    "tag": "60",
    "total_cost_by_ms": 8.401000022888184,
    "wait_cost": 0.031000137329101563
}
