{
    "child_model_execute_cost_by_ms": [
        44.57099914550781
    ],
    "child_model_run_time": [
        [
            19178246,
            19222817
        ]
    ],
    "execute_cost": 44.57099914550781,
    "finish_time": 19222828,
    "limit_cost_by_ms": 45.529335021972656,
    "model_name": "vgg19",
    "recv_time": 19178232,
    "tag": "592",
    "total_cost_by_ms": 44.59600067138672,
    "wait_cost": 0.02500152587890625
}
