{
    "child_model_execute_cost_by_ms": [
        6.47599983215332
    ],
    "child_model_run_time": [
        [
            19331835,
            19338311
        ]
    ],
    "execute_cost": 6.47599983215332,
    "finish_time": 19338321,
    "limit_cost_by_ms": 5.9673333168029785,
    "model_name": "yolov2",
    "recv_time": 19331796,
    "tag": "600",
    "total_cost_by_ms": 6.525000095367432,
    "wait_cost": 0.04900026321411133
}
