{
    "child_model_execute_cost_by_ms": [
        44.49399948120117
    ],
    "child_model_run_time": [
        [
            19631645,
            19676139
        ]
    ],
    "execute_cost": 44.49399948120117,
    "finish_time": 19676145,
    "limit_cost_by_ms": 45.529335021972656,
    "model_name": "vgg19",
    "recv_time": 19615903,
    "tag": "617",
    "total_cost_by_ms": 60.242000579833984,
    "wait_cost": 15.748001098632813
}
