{
    "child_model_execute_cost_by_ms": [
        43.82899856567383
    ],
    "child_model_run_time": [
        [
            19794378,
            19838207
        ]
    ],
    "execute_cost": 43.82899856567383,
    "finish_time": 19838213,
    "limit_cost_by_ms": 45.529335021972656,
    "model_name": "vgg19",
    "recv_time": 19794237,
    "tag": "626",
    "total_cost_by_ms": 43.97600173950195,
    "wait_cost": 0.147003173828125
}
