{
    "child_model_execute_cost_by_ms": [
        9.241999626159668
    ],
    "child_model_run_time": [
        [
            9767400,
            9776642
        ]
    ],
    "execute_cost": 9.241999626159668,
    "finish_time": 9776649,
    "limit_cost_by_ms": 8.84000015258789,
    "model_name": "googlenet",
    "recv_time": 9767352,
    "tag": "66",
    "total_cost_by_ms": 9.29699993133545,
    "wait_cost": 0.05500030517578125
}
