{
    "child_model_execute_cost_by_ms": [
        7.651000022888184
    ],
    "child_model_run_time": [
        [
            20330164,
            20337815
        ]
    ],
    "execute_cost": 7.651000022888184,
    "finish_time": 20337822,
    "limit_cost_by_ms": 7.228333473205566,
    "model_name": "squeezenetv1",
    "recv_time": 20330157,
    "tag": "655",
    "total_cost_by_ms": 7.664999961853027,
    "wait_cost": 0.01399993896484375
}
