{
    "child_model_execute_cost_by_ms": [
        44.45399856567383
    ],
    "child_model_run_time": [
        [
            20897592,
            20942046
        ]
    ],
    "execute_cost": 44.45399856567383,
    "finish_time": 20942055,
    "limit_cost_by_ms": 45.529335021972656,
    "model_name": "vgg19",
    "recv_time": 20880263,
    "tag": "687",
    "total_cost_by_ms": 61.79199981689453,
    "wait_cost": 17.338001251220703
}
