{
    "child_model_execute_cost_by_ms": [
        8.170000076293945
    ],
    "child_model_run_time": [
        [
            21585201,
            21593371
        ]
    ],
    "execute_cost": 8.170000076293945,
    "finish_time": 21593375,
    "limit_cost_by_ms": 7.228333473205566,
    "model_name": "squeezenetv1",
    "recv_time": 21579081,
    "tag": "724",
    "total_cost_by_ms": 14.293999671936035,
    "wait_cost": 6.12399959564209
}
