{
    "child_model_execute_cost_by_ms": [
        44.327999114990234
    ],
    "child_model_run_time": [
        [
            21620294,
            21664622
        ]
    ],
    "execute_cost": 44.327999114990234,
    "finish_time": 21664632,
    "limit_cost_by_ms": 45.529335021972656,
    "model_name": "vgg19",
    "recv_time": 21620276,
    "tag": "727",
    "total_cost_by_ms": 44.35599899291992,
    "wait_cost": 0.0279998779296875
}
