{
    "child_model_execute_cost_by_ms": [
        8.145000457763672
    ],
    "child_model_run_time": [
        [
            21664651,
            21672796
        ]
    ],
    "execute_cost": 8.145000457763672,
    "finish_time": 21672807,
    "limit_cost_by_ms": 7.228333473205566,
    "model_name": "squeezenetv1",
    "recv_time": 21646907,
    "tag": "729",
    "total_cost_by_ms": 25.899999618530273,
    "wait_cost": 17.7549991607666
}
