{
    "child_model_execute_cost_by_ms": [
        10.71500015258789
    ],
    "child_model_run_time": [
        [
            21763036,
            21773751
        ]
    ],
    "execute_cost": 10.71500015258789,
    "finish_time": 21773760,
    "limit_cost_by_ms": 8.84000015258789,
    "model_name": "googlenet",
    "recv_time": 21716004,
    "tag": "733",
    "total_cost_by_ms": 57.75600051879883,
    "wait_cost": 47.04100036621094
}
