{
    "child_model_execute_cost_by_ms": [
        45.612998962402344
    ],
    "child_model_run_time": [
        [
            21800764,
            21846377
        ]
    ],
    "execute_cost": 45.612998962402344,
    "finish_time": 21846387,
    "limit_cost_by_ms": 45.529335021972656,
    "model_name": "vgg19",
    "recv_time": 21791419,
    "tag": "737",
    "total_cost_by_ms": 54.96799850463867,
    "wait_cost": 9.354999542236328
}
