{
    "child_model_execute_cost_by_ms": [
        6.64900016784668
    ],
    "child_model_run_time": [
        [
            21866624,
            21873273
        ]
    ],
    "execute_cost": 6.64900016784668,
    "finish_time": 21873282,
    "limit_cost_by_ms": 5.9673333168029785,
    "model_name": "yolov2",
    "recv_time": 21866473,
    "tag": "740",
    "total_cost_by_ms": 6.809000015258789,
    "wait_cost": 0.15999984741210938
}
