{
    "child_model_execute_cost_by_ms": [
        19.05699920654297
    ],
    "child_model_run_time": [
        [
            22227905,
            22246962
        ]
    ],
    "execute_cost": 19.05699920654297,
    "finish_time": 22246972,
    "limit_cost_by_ms": 18.613666534423828,
    "model_name": "resnet50",
    "recv_time": 22227770,
    "tag": "760",
    "total_cost_by_ms": 19.20199966430664,
    "wait_cost": 0.14500045776367188
}
