{
    "child_model_execute_cost_by_ms": [
        10.741000175476074
    ],
    "child_model_run_time": [
        [
            22307261,
            22318002
        ]
    ],
    "execute_cost": 10.741000175476074,
    "finish_time": 22318011,
    "limit_cost_by_ms": 8.84000015258789,
    "model_name": "googlenet",
    "recv_time": 22286974,
    "tag": "764",
    "total_cost_by_ms": 31.03700065612793,
    "wait_cost": 20.296001434326172
}
