{
    "child_model_execute_cost_by_ms": [
        43.077999114990234
    ],
    "child_model_run_time": [
        [
            22338356,
            22381434
        ]
    ],
    "execute_cost": 43.077999114990234,
    "finish_time": 22381441,
    "limit_cost_by_ms": 45.529335021972656,
    "model_name": "vgg19",
    "recv_time": 22338339,
    "tag": "766",
    "total_cost_by_ms": 43.10200119018555,
    "wait_cost": 0.0240020751953125
}
