{
    "child_model_execute_cost_by_ms": [
        7.677000045776367
    ],
    "child_model_run_time": [
        [
            22398365,
            22406042
        ]
    ],
    "execute_cost": 7.677000045776367,
    "finish_time": 22406047,
    "limit_cost_by_ms": 7.228333473205566,
    "model_name": "squeezenetv1",
    "recv_time": 22388470,
    "tag": "769",
    "total_cost_by_ms": 17.57699966430664,
    "wait_cost": 9.899999618530273
}
