{
    "child_model_execute_cost_by_ms": [
        43.63999938964844
    ],
    "child_model_run_time": [
        [
            22607764,
            22651404
        ]
    ],
    "execute_cost": 43.63999938964844,
    "finish_time": 22651409,
    "limit_cost_by_ms": 45.529335021972656,
    "model_name": "vgg19",
    "recv_time": 22607659,
    "tag": "781",
    "total_cost_by_ms": 43.75,
    "wait_cost": 0.1100006103515625
}
