{
    "child_model_execute_cost_by_ms": [
        10.659000396728516
    ],
    "child_model_run_time": [
        [
            22667514,
            22678173
        ]
    ],
    "execute_cost": 10.659000396728516,
    "finish_time": 22678180,
    "limit_cost_by_ms": 8.84000015258789,
    "model_name": "googlenet",
    "recv_time": 22654040,
    "tag": "784",
    "total_cost_by_ms": 24.139999389648438,
    "wait_cost": 13.480998992919922
}
