{
    "child_model_execute_cost_by_ms": [
        45.457000732421875
    ],
    "child_model_run_time": [
        [
            23335615,
            23381072
        ]
    ],
    "execute_cost": 45.457000732421875,
    "finish_time": 23381083,
    "limit_cost_by_ms": 45.529335021972656,
    "model_name": "vgg19",
    "recv_time": 23331691,
    "tag": "822",
    "total_cost_by_ms": 49.391998291015625,
    "wait_cost": 3.93499755859375
}
