{
    "child_model_execute_cost_by_ms": [
        7.576000213623047
    ],
    "child_model_run_time": [
        [
            23646898,
            23654474
        ]
    ],
    "execute_cost": 7.576000213623047,
    "finish_time": 23654489,
    "limit_cost_by_ms": 5.9673333168029785,
    "model_name": "yolov2",
    "recv_time": 23615547,
    "tag": "837",
    "total_cost_by_ms": 38.94200134277344,
    "wait_cost": 31.36600112915039
}
