{
    "child_model_execute_cost_by_ms": [
        18.844999313354492
    ],
    "child_model_run_time": [
        [
            24219910,
            24238755
        ]
    ],
    "execute_cost": 18.844999313354492,
    "finish_time": 24238764,
    "limit_cost_by_ms": 18.613666534423828,
    "model_name": "resnet50",
    "recv_time": 24219736,
    "tag": "870",
    "total_cost_by_ms": 19.027999877929688,
    "wait_cost": 0.1830005645751953
}
