{
    "child_model_execute_cost_by_ms": [
        7.769000053405762
    ],
    "child_model_run_time": [
        [
            24591127,
            24598896
        ]
    ],
    "execute_cost": 7.769000053405762,
    "finish_time": 24598903,
    "limit_cost_by_ms": 7.228333473205566,
    "model_name": "squeezenetv1",
    "recv_time": 24572452,
    "tag": "890",
    "total_cost_by_ms": 26.451000213623047,
    "wait_cost": 18.68199920654297
}
