{
    "child_model_execute_cost_by_ms": [
        6.491000175476074
    ],
    "child_model_run_time": [
        [
            24599272,
            24605763
        ]
    ],
    "execute_cost": 6.491000175476074,
    "finish_time": 24605771,
    "limit_cost_by_ms": 5.9673333168029785,
    "model_name": "yolov2",
    "recv_time": 24599256,
    "tag": "891",
    "total_cost_by_ms": 6.514999866485596,
    "wait_cost": 0.023999691009521484
}
