{
    "child_model_execute_cost_by_ms": [
        9.140999794006348
    ],
    "child_model_run_time": [
        [
            10217637,
            10226778
        ]
    ],
    "execute_cost": 9.140999794006348,
    "finish_time": 10226787,
    "limit_cost_by_ms": 8.84000015258789,
    "model_name": "googlenet",
    "recv_time": 10217519,
    "tag": "91",
    "total_cost_by_ms": 9.267999649047852,
    "wait_cost": 0.1269998550415039
}
