{
    "child_model_execute_cost_by_ms": [
        7.690000057220459
    ],
    "child_model_run_time": [
        [
            25024770,
            25032460
        ]
    ],
    "execute_cost": 7.690000057220459,
    "finish_time": 25032467,
    "limit_cost_by_ms": 7.228333473205566,
    "model_name": "squeezenetv1",
    "recv_time": 25024762,
    "tag": "914",
    "total_cost_by_ms": 7.704999923706055,
    "wait_cost": 0.014999866485595703
}
