{
    "child_model_execute_cost_by_ms": [
        43.51599884033203
    ],
    "child_model_run_time": [
        [
            10246561,
            10290077
        ]
    ],
    "execute_cost": 43.51599884033203,
    "finish_time": 10290088,
    "limit_cost_by_ms": 45.529335021972656,
    "model_name": "vgg19",
    "recv_time": 10246461,
    "tag": "93",
    "total_cost_by_ms": 43.62699890136719,
    "wait_cost": 0.11100006103515625
}
