{
    "child_model_execute_cost_by_ms": [
        10.994999885559082
    ],
    "child_model_run_time": [
        [
            25284029,
            25295024
        ]
    ],
    "execute_cost": 10.994999885559082,
    "finish_time": 25295033,
    "limit_cost_by_ms": 8.84000015258789,
    "model_name": "googlenet",
    "recv_time": 25248055,
    "tag": "928",
    "total_cost_by_ms": 46.97800064086914,
    "wait_cost": 35.983001708984375
}
