{
    "child_model_execute_cost_by_ms": [
        7.322000026702881
    ],
    "child_model_run_time": [
        [
            10290208,
            10297530
        ]
    ],
    "execute_cost": 7.322000026702881,
    "finish_time": 10297544,
    "limit_cost_by_ms": 5.9673333168029785,
    "model_name": "yolov2",
    "recv_time": 10268398,
    "tag": "94",
    "total_cost_by_ms": 29.145999908447266,
    "wait_cost": 21.823999404907227
}
