{
    "child_model_execute_cost_by_ms": [
        19.736000061035156
    ],
    "child_model_run_time": [
        [
            25384490,
            25404226
        ]
    ],
    "execute_cost": 19.736000061035156,
    "finish_time": 25404234,
    "limit_cost_by_ms": 18.613666534423828,
    "model_name": "resnet50",
    "recv_time": 25384476,
    "tag": "934",
    "total_cost_by_ms": 19.757999420166016,
    "wait_cost": 0.021999359130859375
}
