{
    "child_model_execute_cost_by_ms": [
        6.301000118255615
    ],
    "child_model_run_time": [
        [
            25501948,
            25508249
        ]
    ],
    "execute_cost": 6.301000118255615,
    "finish_time": 25508255,
    "limit_cost_by_ms": 5.9673333168029785,
    "model_name": "yolov2",
    "recv_time": 25501938,
    "tag": "941",
    "total_cost_by_ms": 6.316999912261963,
    "wait_cost": 0.015999794006347656
}
