{
    "child_model_execute_cost_by_ms": [
        19.573999404907227
    ],
    "child_model_run_time": [
        [
            25742127,
            25761701
        ]
    ],
    "execute_cost": 19.573999404907227,
    "finish_time": 25761708,
    "limit_cost_by_ms": 18.613666534423828,
    "model_name": "resnet50",
    "recv_time": 25741964,
    "tag": "954",
    "total_cost_by_ms": 19.743999481201172,
    "wait_cost": 0.1700000762939453
}
