{
    "child_model_execute_cost_by_ms": [
        19.610000610351563
    ],
    "child_model_run_time": [
        [
            25922208,
            25941818
        ]
    ],
    "execute_cost": 19.610000610351563,
    "finish_time": 25941825,
    "limit_cost_by_ms": 18.613666534423828,
    "model_name": "resnet50",
    "recv_time": 25922125,
    "tag": "964",
    "total_cost_by_ms": 19.700000762939453,
    "wait_cost": 0.09000015258789063
}
