{
    "child_model_execute_cost_by_ms": [
        43.33599853515625
    ],
    "child_model_run_time": [
        [
            25956933,
            26000269
        ]
    ],
    "execute_cost": 43.33599853515625,
    "finish_time": 26000277,
    "limit_cost_by_ms": 45.529335021972656,
    "model_name": "vgg19",
    "recv_time": 25956926,
    "tag": "967",
    "total_cost_by_ms": 43.35100173950195,
    "wait_cost": 0.015003204345703125
}
