{
    "child_model_execute_cost_by_ms": [
        7.2820000648498535
    ],
    "child_model_run_time": [
        [
            26011753,
            26019035
        ]
    ],
    "execute_cost": 7.2820000648498535,
    "finish_time": 26019041,
    "limit_cost_by_ms": 5.9673333168029785,
    "model_name": "yolov2",
    "recv_time": 26003578,
    "tag": "969",
    "total_cost_by_ms": 15.463000297546387,
    "wait_cost": 8.180999755859375
}
