{
    "child_model_execute_cost_by_ms": [
        7.76800012588501
    ],
    "child_model_run_time": [
        [
            26039046,
            26046814
        ]
    ],
    "execute_cost": 7.76800012588501,
    "finish_time": 26046821,
    "limit_cost_by_ms": 7.228333473205566,
    "model_name": "squeezenetv1",
    "recv_time": 26037334,
    "tag": "971",
    "total_cost_by_ms": 9.487000465393066,
    "wait_cost": 1.7190003395080566
}
