{
    "child_model_execute_cost_by_ms": [
        19.655000686645508
    ],
    "child_model_run_time": [
        [
            26200602,
            26220257
        ]
    ],
    "execute_cost": 19.655000686645508,
    "finish_time": 26220265,
    "limit_cost_by_ms": 18.613666534423828,
    "model_name": "resnet50",
    "recv_time": 26200481,
    "tag": "980",
    "total_cost_by_ms": 19.784000396728516,
    "wait_cost": 0.1289997100830078
}
