{
    "child_model_execute_cost_by_ms": [
        7.255000114440918
    ],
    "child_model_run_time": [
        [
            26272498,
            26279753
        ]
    ],
    "execute_cost": 7.255000114440918,
    "finish_time": 26279761,
    "limit_cost_by_ms": 5.9673333168029785,
    "model_name": "yolov2",
    "recv_time": 26269564,
    "tag": "983",
    "total_cost_by_ms": 10.196999549865723,
    "wait_cost": 2.9419994354248047
}
