name,min,avg,max
squeezenetv1,1.0,2.0658624097930596,5.135057880372103
googlenet,1.036742273840338,1.9179422942920719,5.112301492180673
yolov2,1.156486050047073,2.270411977720976,4.5945813134960725
vgg19,1.1610094305949616,1.702963656998531,3.1077786101287432
resnet50,1.1750374405834219,1.7171439372903763,3.323074646361604
total,1.0,1.9292207968047341,5.135057880372103
