name,Std. Deviation of RR
squeezenetv1,0.9240462317669111
googlenet,0.8315751668839408
yolov2,0.9300341306366849
vgg19,0.3656796037088371
resnet50,0.4729266288472
total,0.7690864378692861
