name,min,avg,max
googlenet,1.0,1.854021880632028,4.204372418551021
squeezenetv1,1.0661747733461124,1.9836056329454985,4.903991186565347
yolov2,1.1435244471208499,2.0512534535099216,4.520457296652923
resnet50,1.1768095252458557,1.8778861668980007,3.4817781081563983
vgg19,1.1768260675567537,1.7759081210314305,2.384967224454269
total,1.0,1.928667935470493,4.903991186565347
