name,Std. Deviation of RR
googlenet,0.905999736265843
squeezenetv1,0.9436438276255037
yolov2,0.9795973636608973
resnet50,0.5521029266493183
vgg19,0.3556443328268
total,0.8351571138453927
