{
    "child_model_execute_cost_by_ms": [
        19.28700065612793,
        17.763999938964844,
        20.163000106811523
    ],
    "child_model_run_time": [
        [
            10487155,
            10506442
        ],
        [
            10506488,
            10524252
        ],
        [
            10524299,
            10544462
        ]
    ],
    "execute_cost": 57.21400451660156,
    "finish_time": 10544470,
    "limit_cost_by_ms": 47.44499969482422,
    "model_name": "vgg19",
    "recv_time": 10460861,
    "tag": "104",
    "total_cost_by_ms": 83.60900115966797,
    "wait_cost": 26.394996643066406
}
