{
    "child_model_execute_cost_by_ms": [
        8.48900032043457
    ],
    "child_model_run_time": [
        [
            10553249,
            10561738
        ]
    ],
    "execute_cost": 8.48900032043457,
    "finish_time": 10561746,
    "limit_cost_by_ms": 7.372000217437744,
    "model_name": "squeezenetv1",
    "recv_time": 10553199,
    "tag": "106",
    "total_cost_by_ms": 8.54699993133545,
    "wait_cost": 0.057999610900878906
}
