{
    "child_model_execute_cost_by_ms": [
        7.624000072479248
    ],
    "child_model_run_time": [
        [
            10923733,
            10931357
        ]
    ],
    "execute_cost": 7.624000072479248,
    "finish_time": 10931364,
    "limit_cost_by_ms": 7.372000217437744,
    "model_name": "squeezenetv1",
    "recv_time": 10923562,
    "tag": "126",
    "total_cost_by_ms": 7.802000045776367,
    "wait_cost": 0.17799997329711914
}
