{
    "child_model_execute_cost_by_ms": [
        14.928000450134277,
        9.0649995803833
    ],
    "child_model_run_time": [
        [
            11066581,
            11081509
        ],
        [
            11089159,
            11098224
        ]
    ],
    "execute_cost": 23.993000030517578,
    "finish_time": 11098238,
    "limit_cost_by_ms": 19.128665924072266,
    "model_name": "resnet50",
    "recv_time": 11057738,
    "tag": "135",
    "total_cost_by_ms": 40.5,
    "wait_cost": 16.506999969482422
}
