{
    "child_model_execute_cost_by_ms": [
        8.182000160217285
    ],
    "child_model_run_time": [
        [
            11339605,
            11347787
        ]
    ],
    "execute_cost": 8.182000160217285,
    "finish_time": 11347800,
    "limit_cost_by_ms": 7.372000217437744,
    "model_name": "squeezenetv1",
    "recv_time": 11330570,
    "tag": "150",
    "total_cost_by_ms": 17.229999542236328,
    "wait_cost": 9.047999382019043
}
