{
    "child_model_execute_cost_by_ms": [
        14.01099967956543,
        9.17199993133545
    ],
    "child_model_run_time": [
        [
            11442699,
            11456710
        ],
        [
            11466670,
            11475842
        ]
    ],
    "execute_cost": 23.182998657226563,
    "finish_time": 11475848,
    "limit_cost_by_ms": 19.128665924072266,
    "model_name": "resnet50",
    "recv_time": 11432542,
    "tag": "155",
    "total_cost_by_ms": 43.305999755859375,
    "wait_cost": 20.123001098632813
}
