{
    "child_model_execute_cost_by_ms": [
        8.218000411987305
    ],
    "child_model_run_time": [
        [
            11503244,
            11511462
        ]
    ],
    "execute_cost": 8.218000411987305,
    "finish_time": 11511477,
    "limit_cost_by_ms": 7.372000217437744,
    "model_name": "squeezenetv1",
    "recv_time": 11490467,
    "tag": "158",
    "total_cost_by_ms": 21.010000228881836,
    "wait_cost": 12.791999816894531
}
