{
    "child_model_execute_cost_by_ms": [
        9.557000160217285
    ],
    "child_model_run_time": [
        [
            11654829,
            11664386
        ]
    ],
    "execute_cost": 9.557000160217285,
    "finish_time": 11664398,
    "limit_cost_by_ms": 8.862000465393066,
    "model_name": "googlenet",
    "recv_time": 11654690,
    "tag": "166",
    "total_cost_by_ms": 9.708000183105469,
    "wait_cost": 0.1510000228881836
}
