{
    "child_model_execute_cost_by_ms": [
        3.00600004196167,
        4.35099983215332
    ],
    "child_model_run_time": [
        [
            12165845,
            12168851
        ],
        [
            12168908,
            12173259
        ]
    ],
    "execute_cost": 7.35699987411499,
    "finish_time": 12173272,
    "limit_cost_by_ms": 6.379666805267334,
    "model_name": "yolov2",
    "recv_time": 12161745,
    "tag": "195",
    "total_cost_by_ms": 11.527000427246094,
    "wait_cost": 4.1700005531311035
}
