{
    "child_model_execute_cost_by_ms": [
        8.215999603271484
    ],
    "child_model_run_time": [
        [
            8970162,
            8978378
        ]
    ],
    "execute_cost": 8.215999603271484,
    "finish_time": 8978389,
    "limit_cost_by_ms": 7.372000217437744,
    "model_name": "squeezenetv1",
    "recv_time": 8970000,
    "tag": "22",
    "total_cost_by_ms": 8.388999938964844,
    "wait_cost": 0.17300033569335938
}
