{
    "child_model_execute_cost_by_ms": [
        8.230999946594238
    ],
    "child_model_run_time": [
        [
            12521076,
            12529307
        ]
    ],
    "execute_cost": 8.230999946594238,
    "finish_time": 12529319,
    "limit_cost_by_ms": 7.372000217437744,
    "model_name": "squeezenetv1",
    "recv_time": 12514446,
    "tag": "216",
    "total_cost_by_ms": 14.873000144958496,
    "wait_cost": 6.642000198364258
}
