{
    "child_model_execute_cost_by_ms": [
        8.706999778747559
    ],
    "child_model_run_time": [
        [
            12616008,
            12624715
        ]
    ],
    "execute_cost": 8.706999778747559,
    "finish_time": 12624722,
    "limit_cost_by_ms": 7.372000217437744,
    "model_name": "squeezenetv1",
    "recv_time": 12614185,
    "tag": "219",
    "total_cost_by_ms": 10.536999702453613,
    "wait_cost": 1.8299999237060547
}
