{
    "child_model_execute_cost_by_ms": [
        19.44099998474121,
        17.322999954223633,
        20.003000259399414
    ],
    "child_model_run_time": [
        [
            8988647,
            9008088
        ],
        [
            9039261,
            9056584
        ],
        [
            9056603,
            9076606
        ]
    ],
    "execute_cost": 56.766998291015625,
    "finish_time": 9076614,
    "limit_cost_by_ms": 47.44499969482422,
    "model_name": "vgg19",
    "recv_time": 8987265,
    "tag": "24",
    "total_cost_by_ms": 89.3489990234375,
    "wait_cost": 32.582000732421875
}
