{
    "child_model_execute_cost_by_ms": [
        8.751999855041504
    ],
    "child_model_run_time": [
        [
            13209678,
            13218430
        ]
    ],
    "execute_cost": 8.751999855041504,
    "finish_time": 13218441,
    "limit_cost_by_ms": 7.372000217437744,
    "model_name": "squeezenetv1",
    "recv_time": 13205681,
    "tag": "252",
    "total_cost_by_ms": 12.760000228881836,
    "wait_cost": 4.008000373840332
}
