{
    "child_model_execute_cost_by_ms": [
        8.17199993133545
    ],
    "child_model_run_time": [
        [
            13260655,
            13268827
        ]
    ],
    "execute_cost": 8.17199993133545,
    "finish_time": 13268835,
    "limit_cost_by_ms": 7.372000217437744,
    "model_name": "squeezenetv1",
    "recv_time": 13260521,
    "tag": "255",
    "total_cost_by_ms": 8.314000129699707,
    "wait_cost": 0.1420001983642578
}
