{
    "child_model_execute_cost_by_ms": [
        9.689000129699707
    ],
    "child_model_run_time": [
        [
            9094478,
            9104167
        ]
    ],
    "execute_cost": 9.689000129699707,
    "finish_time": 9104179,
    "limit_cost_by_ms": 8.862000465393066,
    "model_name": "googlenet",
    "recv_time": 9094312,
    "tag": "29",
    "total_cost_by_ms": 9.866999626159668,
    "wait_cost": 0.17799949645996094
}
