{
    "child_model_execute_cost_by_ms": [
        3.5250000953674316,
        5.6519999504089355
    ],
    "child_model_run_time": [
        [
            8614589,
            8618114
        ],
        [
            8618172,
            8623824
        ]
    ],
    "execute_cost": 9.177000045776367,
    "finish_time": 8623837,
    "limit_cost_by_ms": 6.379666805267334,
    "model_name": "yolov2",
    "recv_time": 8609765,
    "tag": "6",
    "total_cost_by_ms": 14.071999549865723,
    "wait_cost": 4.8949995040893555
}
