{
    "child_model_execute_cost_by_ms": [
        10.458000183105469
    ],
    "child_model_run_time": [
        [
            14183360,
            14193818
        ]
    ],
    "execute_cost": 10.458000183105469,
    "finish_time": 14193827,
    "limit_cost_by_ms": 8.862000465393066,
    "model_name": "googlenet",
    "recv_time": 14159938,
    "tag": "305",
    "total_cost_by_ms": 33.888999938964844,
    "wait_cost": 23.430999755859375
}
