{
    "child_model_execute_cost_by_ms": [
        8.208999633789063
    ],
    "child_model_run_time": [
        [
            14401264,
            14409473
        ]
    ],
    "execute_cost": 8.208999633789063,
    "finish_time": 14409487,
    "limit_cost_by_ms": 7.372000217437744,
    "model_name": "squeezenetv1",
    "recv_time": 14396729,
    "tag": "318",
    "total_cost_by_ms": 12.758000373840332,
    "wait_cost": 4.5490007400512695
}
