{
    "child_model_execute_cost_by_ms": [
        18.868000030517578,
        17.597000122070313,
        21.014999389648438
    ],
    "child_model_run_time": [
        [
            9104680,
            9123548
        ],
        [
            9123646,
            9141243
        ],
        [
            9183187,
            9204202
        ]
    ],
    "execute_cost": 57.47999954223633,
    "finish_time": 9204211,
    "limit_cost_by_ms": 47.44499969482422,
    "model_name": "vgg19",
    "recv_time": 9104541,
    "tag": "30",
    "total_cost_by_ms": 99.66999816894531,
    "wait_cost": 42.189998626708984
}
