{
    "child_model_execute_cost_by_ms": [
        17.486000061035156,
        17.099000930786133,
        20.16900062561035
    ],
    "child_model_run_time": [
        [
            14481312,
            14498798
        ],
        [
            14498845,
            14515944
        ],
        [
            14515987,
            14536156
        ]
    ],
    "execute_cost": 54.753997802734375,
    "finish_time": 14536164,
    "limit_cost_by_ms": 47.44499969482422,
    "model_name": "vgg19",
    "recv_time": 14481305,
    "tag": "323",
    "total_cost_by_ms": 54.85900115966797,
    "wait_cost": 0.10500335693359375
}
