{
    "child_model_execute_cost_by_ms": [
        17.506000518798828,
        17.29199981689453,
        20.099000930786133
    ],
    "child_model_run_time": [
        [
            14595887,
            14613393
        ],
        [
            14621652,
            14638944
        ],
        [
            14639036,
            14659135
        ]
    ],
    "execute_cost": 54.897003173828125,
    "finish_time": 14659145,
    "limit_cost_by_ms": 47.44499969482422,
    "model_name": "vgg19",
    "recv_time": 14595765,
    "tag": "329",
    "total_cost_by_ms": 63.380001068115234,
    "wait_cost": 8.48299789428711
}
