{
    "child_model_execute_cost_by_ms": [
        2.9760000705718994,
        4.2789998054504395
    ],
    "child_model_run_time": [
        [
            14728982,
            14731958
        ],
        [
            14732059,
            14736338
        ]
    ],
    "execute_cost": 7.255000114440918,
    "finish_time": 14736351,
    "limit_cost_by_ms": 6.379666805267334,
    "model_name": "yolov2",
    "recv_time": 14712988,
    "tag": "336",
    "total_cost_by_ms": 23.363000869750977,
    "wait_cost": 16.108001708984375
}
