{
    "child_model_execute_cost_by_ms": [
        17.729000091552734,
        17.51799964904785,
        20.827999114990234
    ],
    "child_model_run_time": [
        [
            15569772,
            15587501
        ],
        [
            15595044,
            15612562
        ],
        [
            15622533,
            15643361
        ]
    ],
    "execute_cost": 56.07500076293945,
    "finish_time": 15643371,
    "limit_cost_by_ms": 47.44499969482422,
    "model_name": "vgg19",
    "recv_time": 15566198,
    "tag": "382",
    "total_cost_by_ms": 77.1729965209961,
    "wait_cost": 21.09799575805664
}
