{
    "child_model_execute_cost_by_ms": [
        17.475000381469727,
        17.253999710083008,
        19.9689998626709
    ],
    "child_model_run_time": [
        [
            15685998,
            15703473
        ],
        [
            15703566,
            15720820
        ],
        [
            15739309,
            15759278
        ]
    ],
    "execute_cost": 54.697998046875,
    "finish_time": 15759287,
    "limit_cost_by_ms": 47.44499969482422,
    "model_name": "vgg19",
    "recv_time": 15685990,
    "tag": "388",
    "total_cost_by_ms": 73.2969970703125,
    "wait_cost": 18.5989990234375
}
