{
    "child_model_execute_cost_by_ms": [
        17.464000701904297,
        17.263999938964844,
        19.79599952697754
    ],
    "child_model_run_time": [
        [
            15936328,
            15953792
        ],
        [
            15961583,
            15978847
        ],
        [
            15978888,
            15998684
        ]
    ],
    "execute_cost": 54.52400207519531,
    "finish_time": 15998693,
    "limit_cost_by_ms": 47.44499969482422,
    "model_name": "vgg19",
    "recv_time": 15936209,
    "tag": "402",
    "total_cost_by_ms": 62.48400115966797,
    "wait_cost": 7.959999084472656
}
