{
    "child_model_execute_cost_by_ms": [
        10.015000343322754
    ],
    "child_model_run_time": [
        [
            16110447,
            16120462
        ]
    ],
    "execute_cost": 10.015000343322754,
    "finish_time": 16120478,
    "limit_cost_by_ms": 8.862000465393066,
    "model_name": "googlenet",
    "recv_time": 16108479,
    "tag": "412",
    "total_cost_by_ms": 11.99899959564209,
    "wait_cost": 1.983999252319336
}
