{
    "child_model_execute_cost_by_ms": [
        3.003000020980835,
        4.499000072479248
    ],
    "child_model_run_time": [
        [
            9385914,
            9388917
        ],
        [
            9388982,
            9393481
        ]
    ],
    "execute_cost": 7.501999855041504,
    "finish_time": 9393489,
    "limit_cost_by_ms": 6.379666805267334,
    "model_name": "yolov2",
    "recv_time": 9384157,
    "tag": "46",
    "total_cost_by_ms": 9.331999778747559,
    "wait_cost": 1.8299999237060547
}
