{
    "child_model_execute_cost_by_ms": [
        10.17199993133545
    ],
    "child_model_run_time": [
        [
            16521194,
            16531366
        ]
    ],
    "execute_cost": 10.17199993133545,
    "finish_time": 16531378,
    "limit_cost_by_ms": 8.862000465393066,
    "model_name": "googlenet",
    "recv_time": 16516432,
    "tag": "433",
    "total_cost_by_ms": 14.946000099182129,
    "wait_cost": 4.77400016784668
}
