{
    "child_model_execute_cost_by_ms": [
        3.125,
        4.474999904632568
    ],
    "child_model_run_time": [
        [
            16781703,
            16784828
        ],
        [
            16784885,
            16789360
        ]
    ],
    "execute_cost": 7.599999904632568,
    "finish_time": 16789367,
    "limit_cost_by_ms": 6.379666805267334,
    "model_name": "yolov2",
    "recv_time": 16781590,
    "tag": "448",
    "total_cost_by_ms": 7.7769999504089355,
    "wait_cost": 0.1770000457763672
}
