{
    "child_model_execute_cost_by_ms": [
        17.957000732421875,
        18.270999908447266,
        20.867000579833984
    ],
    "child_model_run_time": [
        [
            16824089,
            16842046
        ],
        [
            16850171,
            16868442
        ],
        [
            16868462,
            16889329
        ]
    ],
    "execute_cost": 57.095001220703125,
    "finish_time": 16889339,
    "limit_cost_by_ms": 47.44499969482422,
    "model_name": "vgg19",
    "recv_time": 16800407,
    "tag": "451",
    "total_cost_by_ms": 88.93199920654297,
    "wait_cost": 31.836997985839844
}
