{
    "child_model_execute_cost_by_ms": [
        17.823999404907227,
        18.047000885009766,
        20.3700008392334
    ],
    "child_model_run_time": [
        [
            17065174,
            17082998
        ],
        [
            17100678,
            17118725
        ],
        [
            17127228,
            17147598
        ]
    ],
    "execute_cost": 56.241004943847656,
    "finish_time": 17147606,
    "limit_cost_by_ms": 47.44499969482422,
    "model_name": "vgg19",
    "recv_time": 17041500,
    "tag": "464",
    "total_cost_by_ms": 106.10600280761719,
    "wait_cost": 49.86499786376953
}
