{
    "child_model_execute_cost_by_ms": [
        8.015000343322754
    ],
    "child_model_run_time": [
        [
            17156045,
            17164060
        ]
    ],
    "execute_cost": 8.015000343322754,
    "finish_time": 17164066,
    "limit_cost_by_ms": 7.372000217437744,
    "model_name": "squeezenetv1",
    "recv_time": 17155953,
    "tag": "469",
    "total_cost_by_ms": 8.11299991607666,
    "wait_cost": 0.09799957275390625
}
