{
    "child_model_execute_cost_by_ms": [
        8.288999557495117
    ],
    "child_model_run_time": [
        [
            17475420,
            17483709
        ]
    ],
    "execute_cost": 8.288999557495117,
    "finish_time": 17483721,
    "limit_cost_by_ms": 7.372000217437744,
    "model_name": "squeezenetv1",
    "recv_time": 17473312,
    "tag": "486",
    "total_cost_by_ms": 10.409000396728516,
    "wait_cost": 2.1200008392333984
}
