{
    "child_model_execute_cost_by_ms": [
        8.288000106811523
    ],
    "child_model_run_time": [
        [
            9532334,
            9540622
        ]
    ],
    "execute_cost": 8.288000106811523,
    "finish_time": 9540637,
    "limit_cost_by_ms": 7.372000217437744,
    "model_name": "squeezenetv1",
    "recv_time": 9521974,
    "tag": "52",
    "total_cost_by_ms": 18.663000106811523,
    "wait_cost": 10.375
}
