{
    "child_model_execute_cost_by_ms": [
        17.742000579833984,
        17.70599937438965,
        19.857999801635742
    ],
    "child_model_run_time": [
        [
            17637894,
            17655636
        ],
        [
            17704674,
            17722380
        ],
        [
            17722416,
            17742274
        ]
    ],
    "execute_cost": 55.305999755859375,
    "finish_time": 17742282,
    "limit_cost_by_ms": 47.44499969482422,
    "model_name": "vgg19",
    "recv_time": 17637888,
    "tag": "495",
    "total_cost_by_ms": 104.39399719238281,
    "wait_cost": 49.08799743652344
}
