{
    "child_model_execute_cost_by_ms": [
        8.532999992370605
    ],
    "child_model_run_time": [
        [
            18027999,
            18036532
        ]
    ],
    "execute_cost": 8.532999992370605,
    "finish_time": 18036543,
    "limit_cost_by_ms": 7.372000217437744,
    "model_name": "squeezenetv1",
    "recv_time": 18005815,
    "tag": "517",
    "total_cost_by_ms": 30.72800064086914,
    "wait_cost": 22.19499969482422
}
