{
    "child_model_execute_cost_by_ms": [
        9.838000297546387
    ],
    "child_model_run_time": [
        [
            18130886,
            18140724
        ]
    ],
    "execute_cost": 9.838000297546387,
    "finish_time": 18140743,
    "limit_cost_by_ms": 8.862000465393066,
    "model_name": "googlenet",
    "recv_time": 18130843,
    "tag": "522",
    "total_cost_by_ms": 9.899999618530273,
    "wait_cost": 0.06199932098388672
}
