{
    "child_model_execute_cost_by_ms": [
        18.479000091552734,
        17.275999069213867,
        20.270999908447266
    ],
    "child_model_run_time": [
        [
            18413990,
            18432469
        ],
        [
            18432491,
            18449767
        ],
        [
            18449800,
            18470071
        ]
    ],
    "execute_cost": 56.025997161865234,
    "finish_time": 18470078,
    "limit_cost_by_ms": 47.44499969482422,
    "model_name": "vgg19",
    "recv_time": 18400012,
    "tag": "538",
    "total_cost_by_ms": 70.06600189208984,
    "wait_cost": 14.04000473022461
}
