{
    "child_model_execute_cost_by_ms": [
        9.930999755859375
    ],
    "child_model_run_time": [
        [
            18639651,
            18649582
        ]
    ],
    "execute_cost": 9.930999755859375,
    "finish_time": 18649655,
    "limit_cost_by_ms": 8.862000465393066,
    "model_name": "googlenet",
    "recv_time": 18639567,
    "tag": "549",
    "total_cost_by_ms": 10.088000297546387,
    "wait_cost": 0.15700054168701172
}
