{
    "child_model_execute_cost_by_ms": [
        8.229999542236328
    ],
    "child_model_run_time": [
        [
            18766689,
            18774919
        ]
    ],
    "execute_cost": 8.229999542236328,
    "finish_time": 18774926,
    "limit_cost_by_ms": 7.372000217437744,
    "model_name": "squeezenetv1",
    "recv_time": 18766609,
    "tag": "556",
    "total_cost_by_ms": 8.317000389099121,
    "wait_cost": 0.08700084686279297
}
