{
    "child_model_execute_cost_by_ms": [
        9.32699966430664
    ],
    "child_model_run_time": [
        [
            19052447,
            19061774
        ]
    ],
    "execute_cost": 9.32699966430664,
    "finish_time": 19061785,
    "limit_cost_by_ms": 8.862000465393066,
    "model_name": "googlenet",
    "recv_time": 19042060,
    "tag": "570",
    "total_cost_by_ms": 19.725000381469727,
    "wait_cost": 10.398000717163086
}
