{
    "child_model_execute_cost_by_ms": [
        6.442999839782715
    ],
    "child_model_run_time": [
        [
            19115934,
            19122377
        ]
    ],
    "execute_cost": 6.442999839782715,
    "finish_time": 19122391,
    "limit_cost_by_ms": 6.379666805267334,
    "model_name": "yolov2",
    "recv_time": 19110185,
    "tag": "576",
    "total_cost_by_ms": 12.206000328063965,
    "wait_cost": 5.76300048828125
}
