{
    "child_model_execute_cost_by_ms": [
        9.678000450134277
    ],
    "child_model_run_time": [
        [
            19317990,
            19327668
        ]
    ],
    "execute_cost": 9.678000450134277,
    "finish_time": 19327681,
    "limit_cost_by_ms": 8.862000465393066,
    "model_name": "googlenet",
    "recv_time": 19315881,
    "tag": "585",
    "total_cost_by_ms": 11.800000190734863,
    "wait_cost": 2.121999740600586
}
