{
    "child_model_execute_cost_by_ms": [
        8.288000106811523
    ],
    "child_model_run_time": [
        [
            19475997,
            19484285
        ]
    ],
    "execute_cost": 8.288000106811523,
    "finish_time": 19484298,
    "limit_cost_by_ms": 7.372000217437744,
    "model_name": "squeezenetv1",
    "recv_time": 19475917,
    "tag": "593",
    "total_cost_by_ms": 8.380999565124512,
    "wait_cost": 0.09299945831298828
}
