{
    "child_model_execute_cost_by_ms": [
        8.329000473022461
    ],
    "child_model_run_time": [
        [
            19851826,
            19860155
        ]
    ],
    "execute_cost": 8.329000473022461,
    "finish_time": 19860164,
    "limit_cost_by_ms": 7.372000217437744,
    "model_name": "squeezenetv1",
    "recv_time": 19851783,
    "tag": "613",
    "total_cost_by_ms": 8.380999565124512,
    "wait_cost": 0.05199909210205078
}
