{
    "child_model_execute_cost_by_ms": [
        8.404000282287598
    ],
    "child_model_run_time": [
        [
            20470360,
            20478764
        ]
    ],
    "execute_cost": 8.404000282287598,
    "finish_time": 20478774,
    "limit_cost_by_ms": 7.372000217437744,
    "model_name": "squeezenetv1",
    "recv_time": 20470315,
    "tag": "645",
    "total_cost_by_ms": 8.458999633789063,
    "wait_cost": 0.054999351501464844
}
