{
    "child_model_execute_cost_by_ms": [
        9.928999900817871
    ],
    "child_model_run_time": [
        [
            9814699,
            9824628
        ]
    ],
    "execute_cost": 9.928999900817871,
    "finish_time": 9824635,
    "limit_cost_by_ms": 8.862000465393066,
    "model_name": "googlenet",
    "recv_time": 9801585,
    "tag": "66",
    "total_cost_by_ms": 23.049999237060547,
    "wait_cost": 13.120999336242676
}
