{
    "child_model_execute_cost_by_ms": [
        8.305999755859375
    ],
    "child_model_run_time": [
        [
            20957695,
            20966001
        ]
    ],
    "execute_cost": 8.305999755859375,
    "finish_time": 20966013,
    "limit_cost_by_ms": 7.372000217437744,
    "model_name": "squeezenetv1",
    "recv_time": 20954285,
    "tag": "671",
    "total_cost_by_ms": 11.727999687194824,
    "wait_cost": 3.421999931335449
}
