{
    "child_model_execute_cost_by_ms": [
        9.786999702453613
    ],
    "child_model_run_time": [
        [
            21101748,
            21111535
        ]
    ],
    "execute_cost": 9.786999702453613,
    "finish_time": 21111547,
    "limit_cost_by_ms": 8.862000465393066,
    "model_name": "googlenet",
    "recv_time": 21101580,
    "tag": "679",
    "total_cost_by_ms": 9.967000007629395,
    "wait_cost": 0.18000030517578125
}
