{
    "child_model_execute_cost_by_ms": [
        19.277999877929688,
        17.398000717163086,
        19.663999557495117
    ],
    "child_model_run_time": [
        [
            21239094,
            21258372
        ],
        [
            21258472,
            21275870
        ],
        [
            21275908,
            21295572
        ]
    ],
    "execute_cost": 56.340003967285156,
    "finish_time": 21295580,
    "limit_cost_by_ms": 47.44499969482422,
    "model_name": "vgg19",
    "recv_time": 21238849,
    "tag": "687",
    "total_cost_by_ms": 56.73099899291992,
    "wait_cost": 0.3909950256347656
}
