{
    "child_model_execute_cost_by_ms": [
        8.357000350952148
    ],
    "child_model_run_time": [
        [
            21462108,
            21470465
        ]
    ],
    "execute_cost": 8.357000350952148,
    "finish_time": 21470474,
    "limit_cost_by_ms": 7.372000217437744,
    "model_name": "squeezenetv1",
    "recv_time": 21461975,
    "tag": "698",
    "total_cost_by_ms": 8.49899959564209,
    "wait_cost": 0.1419992446899414
}
