{
    "child_model_execute_cost_by_ms": [
        19.222000122070313,
        18.264999389648438,
        20.47800064086914
    ],
    "child_model_run_time": [
        [
            21586436,
            21605658
        ],
        [
            21614105,
            21632370
        ],
        [
            21642151,
            21662629
        ]
    ],
    "execute_cost": 57.96500015258789,
    "finish_time": 21662637,
    "limit_cost_by_ms": 47.44499969482422,
    "model_name": "vgg19",
    "recv_time": 21586266,
    "tag": "705",
    "total_cost_by_ms": 76.37100219726563,
    "wait_cost": 18.406002044677734
}
