{
    "child_model_execute_cost_by_ms": [
        9.741000175476074
    ],
    "child_model_run_time": [
        [
            21703944,
            21713685
        ]
    ],
    "execute_cost": 9.741000175476074,
    "finish_time": 21713698,
    "limit_cost_by_ms": 8.862000465393066,
    "model_name": "googlenet",
    "recv_time": 21703846,
    "tag": "711",
    "total_cost_by_ms": 9.85200023651123,
    "wait_cost": 0.11100006103515625
}
