{
    "child_model_execute_cost_by_ms": [
        2.8499999046325684,
        4.47599983215332
    ],
    "child_model_run_time": [
        [
            21813832,
            21816682
        ],
        [
            21816772,
            21821248
        ]
    ],
    "execute_cost": 7.325999736785889,
    "finish_time": 21821252,
    "limit_cost_by_ms": 6.379666805267334,
    "model_name": "yolov2",
    "recv_time": 21813688,
    "tag": "716",
    "total_cost_by_ms": 7.564000129699707,
    "wait_cost": 0.23800039291381836
}
