{
    "child_model_execute_cost_by_ms": [
        7.965000152587891
    ],
    "child_model_run_time": [
        [
            22397739,
            22405704
        ]
    ],
    "execute_cost": 7.965000152587891,
    "finish_time": 22405714,
    "limit_cost_by_ms": 7.372000217437744,
    "model_name": "squeezenetv1",
    "recv_time": 22385257,
    "tag": "748",
    "total_cost_by_ms": 20.457000732421875,
    "wait_cost": 12.492000579833984
}
