{
    "child_model_execute_cost_by_ms": [
        3.3570001125335693,
        4.681000232696533
    ],
    "child_model_run_time": [
        [
            22436432,
            22439789
        ],
        [
            22439837,
            22444518
        ]
    ],
    "execute_cost": 8.038000106811523,
    "finish_time": 22444530,
    "limit_cost_by_ms": 6.379666805267334,
    "model_name": "yolov2",
    "recv_time": 22422016,
    "tag": "750",
    "total_cost_by_ms": 22.513999938964844,
    "wait_cost": 14.47599983215332
}
