{
    "child_model_execute_cost_by_ms": [
        3.315999984741211,
        4.640999794006348
    ],
    "child_model_run_time": [
        [
            22951542,
            22954858
        ],
        [
            22954900,
            22959541
        ]
    ],
    "execute_cost": 7.956999778747559,
    "finish_time": 22959548,
    "limit_cost_by_ms": 6.379666805267334,
    "model_name": "yolov2",
    "recv_time": 22944817,
    "tag": "777",
    "total_cost_by_ms": 14.730999946594238,
    "wait_cost": 6.77400016784668
}
