{
    "child_model_execute_cost_by_ms": [
        3.2249999046325684,
        4.696000099182129
    ],
    "child_model_run_time": [
        [
            23201151,
            23204376
        ],
        [
            23204417,
            23209113
        ]
    ],
    "execute_cost": 7.921000003814697,
    "finish_time": 23209120,
    "limit_cost_by_ms": 6.379666805267334,
    "model_name": "yolov2",
    "recv_time": 23190772,
    "tag": "790",
    "total_cost_by_ms": 18.347999572753906,
    "wait_cost": 10.427000045776367
}
