{
    "child_model_execute_cost_by_ms": [
        15.282999992370605,
        9.295999526977539
    ],
    "child_model_run_time": [
        [
            23272645,
            23287928
        ],
        [
            23298346,
            23307642
        ]
    ],
    "execute_cost": 24.578998565673828,
    "finish_time": 23307657,
    "limit_cost_by_ms": 19.128665924072266,
    "model_name": "resnet50",
    "recv_time": 23241772,
    "tag": "793",
    "total_cost_by_ms": 65.88500213623047,
    "wait_cost": 41.30600357055664
}
