{
    "child_model_execute_cost_by_ms": [
        8.559000015258789
    ],
    "child_model_run_time": [
        [
            23329727,
            23338286
        ]
    ],
    "execute_cost": 8.559000015258789,
    "finish_time": 23338301,
    "limit_cost_by_ms": 7.372000217437744,
    "model_name": "squeezenetv1",
    "recv_time": 23329564,
    "tag": "797",
    "total_cost_by_ms": 8.737000465393066,
    "wait_cost": 0.17800045013427734
}
