{
    "child_model_execute_cost_by_ms": [
        10.333000183105469
    ],
    "child_model_run_time": [
        [
            23432641,
            23442974
        ]
    ],
    "execute_cost": 10.333000183105469,
    "finish_time": 23442992,
    "limit_cost_by_ms": 8.862000465393066,
    "model_name": "googlenet",
    "recv_time": 23423134,
    "tag": "801",
    "total_cost_by_ms": 19.857999801635742,
    "wait_cost": 9.524999618530273
}
