{
    "child_model_execute_cost_by_ms": [
        3.0940001010894775,
        4.670000076293945
    ],
    "child_model_run_time": [
        [
            23460701,
            23463795
        ],
        [
            23463889,
            23468559
        ]
    ],
    "execute_cost": 7.763999938964844,
    "finish_time": 23468571,
    "limit_cost_by_ms": 6.379666805267334,
    "model_name": "yolov2",
    "recv_time": 23460545,
    "tag": "804",
    "total_cost_by_ms": 8.026000022888184,
    "wait_cost": 0.26200008392333984
}
