{
    "child_model_execute_cost_by_ms": [
        8.248000144958496
    ],
    "child_model_run_time": [
        [
            23709685,
            23717933
        ]
    ],
    "execute_cost": 8.248000144958496,
    "finish_time": 23717947,
    "limit_cost_by_ms": 7.372000217437744,
    "model_name": "squeezenetv1",
    "recv_time": 23709517,
    "tag": "817",
    "total_cost_by_ms": 8.430000305175781,
    "wait_cost": 0.18200016021728516
}
