{
    "child_model_execute_cost_by_ms": [
        3.188999891281128,
        4.564000129699707
    ],
    "child_model_run_time": [
        [
            23742325,
            23745514
        ],
        [
            23745558,
            23750122
        ]
    ],
    "execute_cost": 7.753000259399414,
    "finish_time": 23750134,
    "limit_cost_by_ms": 6.379666805267334,
    "model_name": "yolov2",
    "recv_time": 23736872,
    "tag": "820",
    "total_cost_by_ms": 13.26200008392334,
    "wait_cost": 5.508999824523926
}
