{
    "child_model_execute_cost_by_ms": [
        19.2810001373291,
        17.43899917602539,
        19.535999298095703
    ],
    "child_model_run_time": [
        [
            10118316,
            10137597
        ],
        [
            10137690,
            10155129
        ],
        [
            10155216,
            10174752
        ]
    ],
    "execute_cost": 56.25600051879883,
    "finish_time": 10174762,
    "limit_cost_by_ms": 47.44499969482422,
    "model_name": "vgg19",
    "recv_time": 10118186,
    "tag": "84",
    "total_cost_by_ms": 56.57600021362305,
    "wait_cost": 0.31999969482421875
}
