{
    "child_model_execute_cost_by_ms": [
        8.456999778747559
    ],
    "child_model_run_time": [
        [
            24007317,
            24015774
        ]
    ],
    "execute_cost": 8.456999778747559,
    "finish_time": 24015790,
    "limit_cost_by_ms": 7.372000217437744,
    "model_name": "squeezenetv1",
    "recv_time": 24003636,
    "tag": "834",
    "total_cost_by_ms": 12.154000282287598,
    "wait_cost": 3.697000503540039
}
