{
    "child_model_execute_cost_by_ms": [
        15.434000015258789,
        9.718000411987305
    ],
    "child_model_run_time": [
        [
            24377439,
            24392873
        ],
        [
            24420249,
            24429967
        ]
    ],
    "execute_cost": 25.152000427246094,
    "finish_time": 24429978,
    "limit_cost_by_ms": 19.128665924072266,
    "model_name": "resnet50",
    "recv_time": 24359678,
    "tag": "852",
    "total_cost_by_ms": 70.30000305175781,
    "wait_cost": 45.14800262451172
}
