{
    "child_model_execute_cost_by_ms": [
        14.321999549865723,
        8.869999885559082
    ],
    "child_model_run_time": [
        [
            24641845,
            24656167
        ],
        [
            24656254,
            24665124
        ]
    ],
    "execute_cost": 23.191999435424805,
    "finish_time": 24665132,
    "limit_cost_by_ms": 19.128665924072266,
    "model_name": "resnet50",
    "recv_time": 24629906,
    "tag": "866",
    "total_cost_by_ms": 35.22600173950195,
    "wait_cost": 12.034002304077148
}
