{
    "child_model_execute_cost_by_ms": [
        9.89799976348877
    ],
    "child_model_run_time": [
        [
            25074948,
            25084846
        ]
    ],
    "execute_cost": 9.89799976348877,
    "finish_time": 25084858,
    "limit_cost_by_ms": 8.862000465393066,
    "model_name": "googlenet",
    "recv_time": 25074766,
    "tag": "889",
    "total_cost_by_ms": 10.092000007629395,
    "wait_cost": 0.194000244140625
}
