{
    "child_model_execute_cost_by_ms": [
        19.174999237060547,
        17.496000289916992,
        20.902999877929688
    ],
    "child_model_run_time": [
        [
            25204826,
            25224001
        ],
        [
            25224052,
            25241548
        ],
        [
            25249545,
            25270448
        ]
    ],
    "execute_cost": 57.573997497558594,
    "finish_time": 25270454,
    "limit_cost_by_ms": 47.44499969482422,
    "model_name": "vgg19",
    "recv_time": 25204715,
    "tag": "896",
    "total_cost_by_ms": 65.73899841308594,
    "wait_cost": 8.165000915527344
}
