{
    "child_model_execute_cost_by_ms": [
        9.657999992370605
    ],
    "child_model_run_time": [
        [
            25451367,
            25461025
        ]
    ],
    "execute_cost": 9.657999992370605,
    "finish_time": 25461038,
    "limit_cost_by_ms": 8.862000465393066,
    "model_name": "googlenet",
    "recv_time": 25451245,
    "tag": "909",
    "total_cost_by_ms": 9.793000221252441,
    "wait_cost": 0.13500022888183594
}
