{
    "child_model_execute_cost_by_ms": [
        18.733999252319336,
        18.99799919128418,
        20.768999099731445
    ],
    "child_model_run_time": [
        [
            26205758,
            26224492
        ],
        [
            26265852,
            26284850
        ],
        [
            26294606,
            26315375
        ]
    ],
    "execute_cost": 58.500999450683594,
    "finish_time": 26315383,
    "limit_cost_by_ms": 47.44499969482422,
    "model_name": "vgg19",
    "recv_time": 26205643,
    "tag": "949",
    "total_cost_by_ms": 109.73999786376953,
    "wait_cost": 51.23899841308594
}
