{
    "child_model_execute_cost_by_ms": [
        8.637999534606934
    ],
    "child_model_run_time": [
        [
            26315417,
            26324055
        ]
    ],
    "execute_cost": 8.637999534606934,
    "finish_time": 26324065,
    "limit_cost_by_ms": 7.372000217437744,
    "model_name": "squeezenetv1",
    "recv_time": 26312512,
    "tag": "954",
    "total_cost_by_ms": 11.553000450134277,
    "wait_cost": 2.9150009155273438
}
