{
    "child_model_execute_cost_by_ms": [
        15.730999946594238,
        9.569999694824219
    ],
    "child_model_run_time": [
        [
            26610789,
            26626520
        ],
        [
            26634721,
            26644291
        ]
    ],
    "execute_cost": 25.30099868774414,
    "finish_time": 26644304,
    "limit_cost_by_ms": 19.128665924072266,
    "model_name": "resnet50",
    "recv_time": 26605426,
    "tag": "971",
    "total_cost_by_ms": 38.87799835205078,
    "wait_cost": 13.57699966430664
}
