{
    "child_model_execute_cost_by_ms": [
        9.82800006866455
    ],
    "child_model_run_time": [
        [
            26694356,
            26704184
        ]
    ],
    "execute_cost": 9.82800006866455,
    "finish_time": 26704195,
    "limit_cost_by_ms": 8.862000465393066,
    "model_name": "googlenet",
    "recv_time": 26694192,
    "tag": "974",
    "total_cost_by_ms": 10.003000259399414,
    "wait_cost": 0.17500019073486328
}
