{
    "child_model_execute_cost_by_ms": [
        2.986999988555908,
        4.61899995803833
    ],
    "child_model_run_time": [
        [
            26998708,
            27001695
        ],
        [
            27001732,
            27006351
        ]
    ],
    "execute_cost": 7.605999946594238,
    "finish_time": 27006358,
    "limit_cost_by_ms": 6.379666805267334,
    "model_name": "yolov2",
    "recv_time": 26997575,
    "tag": "991",
    "total_cost_by_ms": 8.782999992370605,
    "wait_cost": 1.1770000457763672
}
