{
    "child_model_execute_cost_by_ms": [
        8.187999725341797
    ],
    "child_model_run_time": [
        [
            11263256,
            11271444
        ]
    ],
    "execute_cost": 8.187999725341797,
    "finish_time": 11271459,
    "limit_cost_by_ms": 7.384666442871094,
    "model_name": "squeezenetv1",
    "recv_time": 11259308,
    "tag": "110",
    "total_cost_by_ms": 12.151000022888184,
    "wait_cost": 3.9630002975463867
}
