{
    "child_model_execute_cost_by_ms": [
        18.42099952697754,
        17.663000106811523,
        20.52400016784668
    ],
    "child_model_run_time": [
        [
            11211244,
            11229665
        ],
        [
            11229759,
            11247422
        ],
        [
            11280994,
            11301518
        ]
    ],
    "execute_cost": 56.608001708984375,
    "finish_time": 11301527,
    "limit_cost_by_ms": 47.409000396728516,
    "model_name": "vgg19",
    "recv_time": 11211090,
    "tag": "108",
    "total_cost_by_ms": 90.43699645996094,
    "wait_cost": 33.82899475097656
}
