{
    "child_model_execute_cost_by_ms": [
        19.034000396728516,
        18.84600067138672,
        20.36400032043457
    ],
    "child_model_run_time": [
        [
            11582737,
            11601771
        ],
        [
            11618856,
            11637702
        ],
        [
            11637824,
            11658188
        ]
    ],
    "execute_cost": 58.24400329589844,
    "finish_time": 11658196,
    "limit_cost_by_ms": 47.409000396728516,
    "model_name": "vgg19",
    "recv_time": 11582720,
    "tag": "123",
    "total_cost_by_ms": 75.47599792480469,
    "wait_cost": 17.23199462890625
}
