{
    "child_model_execute_cost_by_ms": [
        9.949999809265137
    ],
    "child_model_run_time": [
        [
            12006794,
            12016744
        ]
    ],
    "execute_cost": 9.949999809265137,
    "finish_time": 12016751,
    "limit_cost_by_ms": 8.923999786376953,
    "model_name": "googlenet",
    "recv_time": 11988975,
    "tag": "140",
    "total_cost_by_ms": 27.775999069213867,
    "wait_cost": 17.826000213623047
}
