{
    "child_model_execute_cost_by_ms": [
        17.951000213623047,
        17.875,
        19.819000244140625
    ],
    "child_model_run_time": [
        [
            8993127,
            9011078
        ],
        [
            9030169,
            9048044
        ],
        [
            9048094,
            9067913
        ]
    ],
    "execute_cost": 55.64500045776367,
    "finish_time": 9067922,
    "limit_cost_by_ms": 47.409000396728516,
    "model_name": "vgg19",
    "recv_time": 8993036,
    "tag": "13",
    "total_cost_by_ms": 74.88600158691406,
    "wait_cost": 19.24100112915039
}
