{
    "child_model_execute_cost_by_ms": [
        9.020999908447266
    ],
    "child_model_run_time": [
        [
            13935978,
            13944999
        ]
    ],
    "execute_cost": 9.020999908447266,
    "finish_time": 13945008,
    "limit_cost_by_ms": 7.384666442871094,
    "model_name": "squeezenetv1",
    "recv_time": 13924988,
    "tag": "223",
    "total_cost_by_ms": 20.020000457763672,
    "wait_cost": 10.999000549316406
}
