{
    "child_model_execute_cost_by_ms": [
        15.029999732971191,
        8.986000061035156
    ],
    "child_model_run_time": [
        [
            9262781,
            9277811
        ],
        [
            9277861,
            9286847
        ]
    ],
    "execute_cost": 24.01599884033203,
    "finish_time": 9286857,
    "limit_cost_by_ms": 19.13166618347168,
    "model_name": "resnet50",
    "recv_time": 9262654,
    "tag": "25",
    "total_cost_by_ms": 24.202999114990234,
    "wait_cost": 0.18700027465820313
}
