{
    "child_model_execute_cost_by_ms": [
        7.7779998779296875
    ],
    "child_model_run_time": [
        [
            14760561,
            14768339
        ]
    ],
    "execute_cost": 7.7779998779296875,
    "finish_time": 14768345,
    "limit_cost_by_ms": 7.384666442871094,
    "model_name": "squeezenetv1",
    "recv_time": 14760468,
    "tag": "258",
    "total_cost_by_ms": 7.876999855041504,
    "wait_cost": 0.0989999771118164
}
