{
    "child_model_execute_cost_by_ms": [
        19.465999603271484,
        19.018999099731445,
        20.68600082397461
    ],
    "child_model_run_time": [
        [
            15064023,
            15083489
        ],
        [
            15108062,
            15127081
        ],
        [
            15143410,
            15164096
        ]
    ],
    "execute_cost": 59.17100143432617,
    "finish_time": 15164106,
    "limit_cost_by_ms": 47.409000396728516,
    "model_name": "vgg19",
    "recv_time": 15063870,
    "tag": "272",
    "total_cost_by_ms": 100.23600006103516,
    "wait_cost": 41.064998626708984
}
