{
    "child_model_execute_cost_by_ms": [
        18.92300033569336,
        17.684999465942383,
        20.195999145507813
    ],
    "child_model_run_time": [
        [
            15274537,
            15293460
        ],
        [
            15293500,
            15311185
        ],
        [
            15311215,
            15331411
        ]
    ],
    "execute_cost": 56.80400085449219,
    "finish_time": 15331420,
    "limit_cost_by_ms": 47.409000396728516,
    "model_name": "vgg19",
    "recv_time": 15271077,
    "tag": "281",
    "total_cost_by_ms": 60.34299850463867,
    "wait_cost": 3.5389976501464844
}
