{
    "child_model_execute_cost_by_ms": [
        9.947999954223633
    ],
    "child_model_run_time": [
        [
            15562558,
            15572506
        ]
    ],
    "execute_cost": 9.947999954223633,
    "finish_time": 15572519,
    "limit_cost_by_ms": 8.923999786376953,
    "model_name": "googlenet",
    "recv_time": 15547612,
    "tag": "292",
    "total_cost_by_ms": 24.906999588012695,
    "wait_cost": 14.958999633789063
}
