{
    "child_model_execute_cost_by_ms": [
        18.691999435424805,
        17.53700065612793,
        20.80299949645996
    ],
    "child_model_run_time": [
        [
            15526114,
            15544806
        ],
        [
            15544849,
            15562386
        ],
        [
            15605398,
            15626201
        ]
    ],
    "execute_cost": 57.03199768066406,
    "finish_time": 15626211,
    "limit_cost_by_ms": 47.409000396728516,
    "model_name": "vgg19",
    "recv_time": 15525968,
    "tag": "291",
    "total_cost_by_ms": 100.24299621582031,
    "wait_cost": 43.21099853515625
}
