{
    "child_model_execute_cost_by_ms": [
        8.399999618530273
    ],
    "child_model_run_time": [
        [
            16316712,
            16325112
        ]
    ],
    "execute_cost": 8.399999618530273,
    "finish_time": 16325127,
    "limit_cost_by_ms": 7.384666442871094,
    "model_name": "squeezenetv1",
    "recv_time": 16315743,
    "tag": "324",
    "total_cost_by_ms": 9.383999824523926,
    "wait_cost": 0.9840002059936523
}
