{
    "child_model_execute_cost_by_ms": [
        7.703999996185303
    ],
    "child_model_run_time": [
        [
            16825541,
            16833245
        ]
    ],
    "execute_cost": 7.703999996185303,
    "finish_time": 16833256,
    "limit_cost_by_ms": 7.384666442871094,
    "model_name": "squeezenetv1",
    "recv_time": 16811146,
    "tag": "346",
    "total_cost_by_ms": 22.110000610351563,
    "wait_cost": 14.406000137329102
}
