{
    "child_model_execute_cost_by_ms": [
        19.6200008392334,
        20.20800018310547,
        20.844999313354492
    ],
    "child_model_run_time": [
        [
            16938128,
            16957748
        ],
        [
            16982568,
            17002776
        ],
        [
            17010677,
            17031522
        ]
    ],
    "execute_cost": 60.673004150390625,
    "finish_time": 17031529,
    "limit_cost_by_ms": 47.409000396728516,
    "model_name": "vgg19",
    "recv_time": 16937969,
    "tag": "352",
    "total_cost_by_ms": 93.55999755859375,
    "wait_cost": 32.886993408203125
}
