{
    "child_model_execute_cost_by_ms": [
        10.368000030517578
    ],
    "child_model_run_time": [
        [
            17207029,
            17217397
        ]
    ],
    "execute_cost": 10.368000030517578,
    "finish_time": 17217408,
    "limit_cost_by_ms": 8.923999786376953,
    "model_name": "googlenet",
    "recv_time": 17206932,
    "tag": "362",
    "total_cost_by_ms": 10.47599983215332,
    "wait_cost": 0.10799980163574219
}
