{
    "child_model_execute_cost_by_ms": [
        8.543000221252441
    ],
    "child_model_run_time": [
        [
            17255641,
            17264184
        ]
    ],
    "execute_cost": 8.543000221252441,
    "finish_time": 17264196,
    "limit_cost_by_ms": 7.384666442871094,
    "model_name": "squeezenetv1",
    "recv_time": 17253088,
    "tag": "365",
    "total_cost_by_ms": 11.107999801635742,
    "wait_cost": 2.564999580383301
}
