{
    "child_model_execute_cost_by_ms": [
        10.185999870300293
    ],
    "child_model_run_time": [
        [
            17593708,
            17603894
        ]
    ],
    "execute_cost": 10.185999870300293,
    "finish_time": 17603908,
    "limit_cost_by_ms": 8.923999786376953,
    "model_name": "googlenet",
    "recv_time": 17566795,
    "tag": "377",
    "total_cost_by_ms": 37.112998962402344,
    "wait_cost": 26.926998138427734
}
