{
    "child_model_execute_cost_by_ms": [
        18.33099937438965,
        19.503000259399414,
        21.302000045776367
    ],
    "child_model_run_time": [
        [
            17678760,
            17697091
        ],
        [
            17706610,
            17726113
        ],
        [
            17766133,
            17787435
        ]
    ],
    "execute_cost": 59.13600158691406,
    "finish_time": 17787445,
    "limit_cost_by_ms": 47.409000396728516,
    "model_name": "vgg19",
    "recv_time": 17678668,
    "tag": "382",
    "total_cost_by_ms": 108.7770004272461,
    "wait_cost": 49.64099884033203
}
