{
    "child_model_execute_cost_by_ms": [
        19.14299964904785,
        18.7810001373291,
        20.680999755859375
    ],
    "child_model_run_time": [
        [
            17889671,
            17908814
        ],
        [
            17916774,
            17935555
        ],
        [
            17935589,
            17956270
        ]
    ],
    "execute_cost": 58.60499954223633,
    "finish_time": 17956279,
    "limit_cost_by_ms": 47.409000396728516,
    "model_name": "vgg19",
    "recv_time": 17886926,
    "tag": "391",
    "total_cost_by_ms": 69.35299682617188,
    "wait_cost": 10.747997283935547
}
