{
    "child_model_execute_cost_by_ms": [
        8.663999557495117
    ],
    "child_model_run_time": [
        [
            17956324,
            17964988
        ]
    ],
    "execute_cost": 8.663999557495117,
    "finish_time": 17964999,
    "limit_cost_by_ms": 7.384666442871094,
    "model_name": "squeezenetv1",
    "recv_time": 17939789,
    "tag": "393",
    "total_cost_by_ms": 25.209999084472656,
    "wait_cost": 16.54599952697754
}
