{
    "child_model_execute_cost_by_ms": [
        15.35200023651123,
        10.147000312805176
    ],
    "child_model_run_time": [
        [
            8775878,
            8791230
        ],
        [
            8791250,
            8801397
        ]
    ],
    "execute_cost": 25.499000549316406,
    "finish_time": 8801404,
    "limit_cost_by_ms": 19.13166618347168,
    "model_name": "resnet50",
    "recv_time": 8764619,
    "tag": "5",
    "total_cost_by_ms": 36.78499984741211,
    "wait_cost": 11.285999298095703
}
