{
    "child_model_execute_cost_by_ms": [
        8.380000114440918
    ],
    "child_model_run_time": [
        [
            18412847,
            18421227
        ]
    ],
    "execute_cost": 8.380000114440918,
    "finish_time": 18421243,
    "limit_cost_by_ms": 7.384666442871094,
    "model_name": "squeezenetv1",
    "recv_time": 18395037,
    "tag": "413",
    "total_cost_by_ms": 26.20599937438965,
    "wait_cost": 17.826000213623047
}
