{
    "child_model_execute_cost_by_ms": [
        8.11400032043457
    ],
    "child_model_run_time": [
        [
            9810982,
            9819096
        ]
    ],
    "execute_cost": 8.11400032043457,
    "finish_time": 9819102,
    "limit_cost_by_ms": 7.384666442871094,
    "model_name": "squeezenetv1",
    "recv_time": 9810974,
    "tag": "47",
    "total_cost_by_ms": 8.128000259399414,
    "wait_cost": 0.01399993896484375
}
