{
    "child_model_execute_cost_by_ms": [
        8.501999855041504
    ],
    "child_model_run_time": [
        [
            19562566,
            19571068
        ]
    ],
    "execute_cost": 8.501999855041504,
    "finish_time": 19571078,
    "limit_cost_by_ms": 7.384666442871094,
    "model_name": "squeezenetv1",
    "recv_time": 19562383,
    "tag": "461",
    "total_cost_by_ms": 8.694999694824219,
    "wait_cost": 0.19299983978271484
}
