{
    "child_model_execute_cost_by_ms": [
        19.402000427246094,
        18.22599983215332,
        20.69700050354004
    ],
    "child_model_run_time": [
        [
            19615422,
            19634824
        ],
        [
            19634922,
            19653148
        ],
        [
            19653168,
            19673865
        ]
    ],
    "execute_cost": 58.32499694824219,
    "finish_time": 19673877,
    "limit_cost_by_ms": 47.409000396728516,
    "model_name": "vgg19",
    "recv_time": 19612265,
    "tag": "465",
    "total_cost_by_ms": 61.61199951171875,
    "wait_cost": 3.2870025634765625
}
