{
    "child_model_execute_cost_by_ms": [
        8.668000221252441
    ],
    "child_model_run_time": [
        [
            19673945,
            19682613
        ]
    ],
    "execute_cost": 8.668000221252441,
    "finish_time": 19682623,
    "limit_cost_by_ms": 7.384666442871094,
    "model_name": "squeezenetv1",
    "recv_time": 19653266,
    "tag": "466",
    "total_cost_by_ms": 29.35700035095215,
    "wait_cost": 20.68899917602539
}
