{
    "child_model_execute_cost_by_ms": [
        8.456999778747559
    ],
    "child_model_run_time": [
        [
            19702531,
            19710988
        ]
    ],
    "execute_cost": 8.456999778747559,
    "finish_time": 19710999,
    "limit_cost_by_ms": 7.384666442871094,
    "model_name": "squeezenetv1",
    "recv_time": 19696637,
    "tag": "468",
    "total_cost_by_ms": 14.362000465393066,
    "wait_cost": 5.905000686645508
}
