{
    "child_model_execute_cost_by_ms": [
        10.4350004196167
    ],
    "child_model_run_time": [
        [
            20617425,
            20627860
        ]
    ],
    "execute_cost": 10.4350004196167,
    "finish_time": 20627872,
    "limit_cost_by_ms": 8.923999786376953,
    "model_name": "googlenet",
    "recv_time": 20617260,
    "tag": "506",
    "total_cost_by_ms": 10.612000465393066,
    "wait_cost": 0.1770000457763672
}
