{
    "child_model_execute_cost_by_ms": [
        7.818999767303467
    ],
    "child_model_run_time": [
        [
            20972093,
            20979912
        ]
    ],
    "execute_cost": 7.818999767303467,
    "finish_time": 20979920,
    "limit_cost_by_ms": 7.384666442871094,
    "model_name": "squeezenetv1",
    "recv_time": 20965502,
    "tag": "521",
    "total_cost_by_ms": 14.418000221252441,
    "wait_cost": 6.599000453948975
}
