{
    "child_model_execute_cost_by_ms": [
        7.579999923706055
    ],
    "child_model_run_time": [
        [
            20979949,
            20987529
        ]
    ],
    "execute_cost": 7.579999923706055,
    "finish_time": 20987535,
    "limit_cost_by_ms": 7.384666442871094,
    "model_name": "squeezenetv1",
    "recv_time": 20971839,
    "tag": "524",
    "total_cost_by_ms": 15.696000099182129,
    "wait_cost": 8.116000175476074
}
