{
    "child_model_execute_cost_by_ms": [
        8.156999588012695
    ],
    "child_model_run_time": [
        [
            21199151,
            21207308
        ]
    ],
    "execute_cost": 8.156999588012695,
    "finish_time": 21207317,
    "limit_cost_by_ms": 7.384666442871094,
    "model_name": "squeezenetv1",
    "recv_time": 21178858,
    "tag": "533",
    "total_cost_by_ms": 28.458999633789063,
    "wait_cost": 20.302000045776367
}
