{
    "child_model_execute_cost_by_ms": [
        7.979000091552734
    ],
    "child_model_run_time": [
        [
            21565390,
            21573369
        ]
    ],
    "execute_cost": 7.979000091552734,
    "finish_time": 21573375,
    "limit_cost_by_ms": 7.384666442871094,
    "model_name": "squeezenetv1",
    "recv_time": 21559468,
    "tag": "547",
    "total_cost_by_ms": 13.906999588012695,
    "wait_cost": 5.927999496459961
}
