{
    "child_model_execute_cost_by_ms": [
        19.30500030517578,
        18.621000289916992,
        20.601999282836914
    ],
    "child_model_run_time": [
        [
            21594373,
            21613678
        ],
        [
            21621359,
            21639980
        ],
        [
            21640072,
            21660674
        ]
    ],
    "execute_cost": 58.52799987792969,
    "finish_time": 21660682,
    "limit_cost_by_ms": 47.409000396728516,
    "model_name": "vgg19",
    "recv_time": 21594356,
    "tag": "549",
    "total_cost_by_ms": 66.32599639892578,
    "wait_cost": 7.797996520996094
}
