{
    "child_model_execute_cost_by_ms": [
        10.236000061035156
    ],
    "child_model_run_time": [
        [
            21669022,
            21679258
        ]
    ],
    "execute_cost": 10.236000061035156,
    "finish_time": 21679269,
    "limit_cost_by_ms": 8.923999786376953,
    "model_name": "googlenet",
    "recv_time": 21669008,
    "tag": "552",
    "total_cost_by_ms": 10.26099967956543,
    "wait_cost": 0.024999618530273438
}
