{
    "child_model_execute_cost_by_ms": [
        19.339000701904297,
        17.86400032043457,
        20.381999969482422
    ],
    "child_model_run_time": [
        [
            21880389,
            21899728
        ],
        [
            21899776,
            21917640
        ],
        [
            21917685,
            21938067
        ]
    ],
    "execute_cost": 57.58500289916992,
    "finish_time": 21938076,
    "limit_cost_by_ms": 47.409000396728516,
    "model_name": "vgg19",
    "recv_time": 21858591,
    "tag": "561",
    "total_cost_by_ms": 79.48500061035156,
    "wait_cost": 21.89999771118164
}
