{
    "child_model_execute_cost_by_ms": [
        10.529000282287598
    ],
    "child_model_run_time": [
        [
            22074940,
            22085469
        ]
    ],
    "execute_cost": 10.529000282287598,
    "finish_time": 22085485,
    "limit_cost_by_ms": 8.923999786376953,
    "model_name": "googlenet",
    "recv_time": 22054882,
    "tag": "569",
    "total_cost_by_ms": 30.60300064086914,
    "wait_cost": 20.07400131225586
}
