{
    "child_model_execute_cost_by_ms": [
        7.7270002365112305
    ],
    "child_model_run_time": [
        [
            22844679,
            22852406
        ]
    ],
    "execute_cost": 7.7270002365112305,
    "finish_time": 22852419,
    "limit_cost_by_ms": 7.384666442871094,
    "model_name": "squeezenetv1",
    "recv_time": 22837561,
    "tag": "602",
    "total_cost_by_ms": 14.857999801635742,
    "wait_cost": 7.130999565124512
}
