{
    "child_model_execute_cost_by_ms": [
        18.684999465942383,
        18.836999893188477,
        19.986000061035156
    ],
    "child_model_run_time": [
        [
            10090980,
            10109665
        ],
        [
            10128564,
            10147401
        ],
        [
            10147501,
            10167487
        ]
    ],
    "execute_cost": 57.507999420166016,
    "finish_time": 10167497,
    "limit_cost_by_ms": 47.409000396728516,
    "model_name": "vgg19",
    "recv_time": 10090906,
    "tag": "59",
    "total_cost_by_ms": 76.59100341796875,
    "wait_cost": 19.083003997802734
}
