{
    "child_model_execute_cost_by_ms": [
        19.32900047302246,
        18.246000289916992,
        20.577999114990234
    ],
    "child_model_run_time": [
        [
            22792908,
            22812237
        ],
        [
            22812273,
            22830519
        ],
        [
            22861796,
            22882374
        ]
    ],
    "execute_cost": 58.15299987792969,
    "finish_time": 22882382,
    "limit_cost_by_ms": 47.409000396728516,
    "model_name": "vgg19",
    "recv_time": 22792750,
    "tag": "600",
    "total_cost_by_ms": 89.63200378417969,
    "wait_cost": 31.47900390625
}
