{
    "child_model_execute_cost_by_ms": [
        15.22700023651123,
        9.340999603271484
    ],
    "child_model_run_time": [
        [
            22985100,
            23000327
        ],
        [
            23000382,
            23009723
        ]
    ],
    "execute_cost": 24.56800079345703,
    "finish_time": 23009732,
    "limit_cost_by_ms": 19.13166618347168,
    "model_name": "resnet50",
    "recv_time": 22967553,
    "tag": "608",
    "total_cost_by_ms": 42.17900085449219,
    "wait_cost": 17.611000061035156
}
