{
    "child_model_execute_cost_by_ms": [
        7.699999809265137
    ],
    "child_model_run_time": [
        [
            10183208,
            10190908
        ]
    ],
    "execute_cost": 7.699999809265137,
    "finish_time": 10190920,
    "limit_cost_by_ms": 7.384666442871094,
    "model_name": "squeezenetv1",
    "recv_time": 10171113,
    "tag": "63",
    "total_cost_by_ms": 19.80699920654297,
    "wait_cost": 12.106999397277832
}
