{
    "child_model_execute_cost_by_ms": [
        8.071000099182129
    ],
    "child_model_run_time": [
        [
            23320539,
            23328610
        ]
    ],
    "execute_cost": 8.071000099182129,
    "finish_time": 23328620,
    "limit_cost_by_ms": 7.384666442871094,
    "model_name": "squeezenetv1",
    "recv_time": 23316168,
    "tag": "621",
    "total_cost_by_ms": 12.45199966430664,
    "wait_cost": 4.380999565124512
}
