{
    "child_model_execute_cost_by_ms": [
        8.031999588012695
    ],
    "child_model_run_time": [
        [
            23602141,
            23610173
        ]
    ],
    "execute_cost": 8.031999588012695,
    "finish_time": 23610178,
    "limit_cost_by_ms": 7.384666442871094,
    "model_name": "squeezenetv1",
    "recv_time": 23594386,
    "tag": "633",
    "total_cost_by_ms": 15.791999816894531,
    "wait_cost": 7.760000228881836
}
