{
    "child_model_execute_cost_by_ms": [
        9.291999816894531
    ],
    "child_model_run_time": [
        [
            10243817,
            10253109
        ]
    ],
    "execute_cost": 9.291999816894531,
    "finish_time": 10253120,
    "limit_cost_by_ms": 8.923999786376953,
    "model_name": "googlenet",
    "recv_time": 10241468,
    "tag": "66",
    "total_cost_by_ms": 11.652000427246094,
    "wait_cost": 2.3600006103515625
}
