{
    "child_model_execute_cost_by_ms": [
        15.689000129699707,
        9.32800006866455
    ],
    "child_model_run_time": [
        [
            23793953,
            23809642
        ],
        [
            23809693,
            23819021
        ]
    ],
    "execute_cost": 25.017000198364258,
    "finish_time": 23819029,
    "limit_cost_by_ms": 19.13166618347168,
    "model_name": "resnet50",
    "recv_time": 23789424,
    "tag": "642",
    "total_cost_by_ms": 29.604999542236328,
    "wait_cost": 4.58799934387207
}
