{
    "child_model_execute_cost_by_ms": [
        3.059999942779541,
        4.609000205993652
    ],
    "child_model_run_time": [
        [
            23838216,
            23841276
        ],
        [
            23841361,
            23845970
        ]
    ],
    "execute_cost": 7.669000148773193,
    "finish_time": 23845983,
    "limit_cost_by_ms": 6.194666862487793,
    "model_name": "yolov2",
    "recv_time": 23830249,
    "tag": "644",
    "total_cost_by_ms": 15.734000205993652,
    "wait_cost": 8.065000534057617
}
