{
    "child_model_execute_cost_by_ms": [
        18.222000122070313,
        18.364999771118164,
        20.766000747680664
    ],
    "child_model_run_time": [
        [
            24191353,
            24209575
        ],
        [
            24209668,
            24228033
        ],
        [
            24228128,
            24248894
        ]
    ],
    "execute_cost": 57.352996826171875,
    "finish_time": 24248902,
    "limit_cost_by_ms": 47.409000396728516,
    "model_name": "vgg19",
    "recv_time": 24176087,
    "tag": "658",
    "total_cost_by_ms": 72.81500244140625,
    "wait_cost": 15.462005615234375
}
