{
    "child_model_execute_cost_by_ms": [
        18.280000686645508,
        18.16200065612793,
        20.16900062561035
    ],
    "child_model_run_time": [
        [
            24468963,
            24487243
        ],
        [
            24495690,
            24513852
        ],
        [
            24513898,
            24534067
        ]
    ],
    "execute_cost": 56.611000061035156,
    "finish_time": 24534076,
    "limit_cost_by_ms": 47.409000396728516,
    "model_name": "vgg19",
    "recv_time": 24468949,
    "tag": "670",
    "total_cost_by_ms": 65.12699890136719,
    "wait_cost": 8.515998840332031
}
