{
    "child_model_execute_cost_by_ms": [
        3.062000036239624,
        4.581999778747559
    ],
    "child_model_run_time": [
        [
            24590612,
            24593674
        ],
        [
            24593779,
            24598361
        ]
    ],
    "execute_cost": 7.644000053405762,
    "finish_time": 24598373,
    "limit_cost_by_ms": 6.194666862487793,
    "model_name": "yolov2",
    "recv_time": 24586554,
    "tag": "676",
    "total_cost_by_ms": 11.819000244140625,
    "wait_cost": 4.175000190734863
}
