{
    "child_model_execute_cost_by_ms": [
        17.731000900268555,
        17.295000076293945,
        20.687000274658203
    ],
    "child_model_run_time": [
        [
            10283266,
            10300997
        ],
        [
            10301038,
            10318333
        ],
        [
            10342711,
            10363398
        ]
    ],
    "execute_cost": 55.7130012512207,
    "finish_time": 10363404,
    "limit_cost_by_ms": 47.409000396728516,
    "model_name": "vgg19",
    "recv_time": 10283257,
    "tag": "68",
    "total_cost_by_ms": 80.14700317382813,
    "wait_cost": 24.434001922607422
}
