{
    "child_model_execute_cost_by_ms": [
        18.097000122070313,
        17.343000411987305,
        20.518999099731445
    ],
    "child_model_run_time": [
        [
            25002350,
            25020447
        ],
        [
            25020499,
            25037842
        ],
        [
            25056504,
            25077023
        ]
    ],
    "execute_cost": 55.95899963378906,
    "finish_time": 25077028,
    "limit_cost_by_ms": 47.409000396728516,
    "model_name": "vgg19",
    "recv_time": 25002267,
    "tag": "692",
    "total_cost_by_ms": 74.76100158691406,
    "wait_cost": 18.802001953125
}
