{
    "child_model_execute_cost_by_ms": [
        18.597999572753906,
        17.9950008392334,
        20.466999053955078
    ],
    "child_model_run_time": [
        [
            25186448,
            25205046
        ],
        [
            25205093,
            25223088
        ],
        [
            25262096,
            25282563
        ]
    ],
    "execute_cost": 57.060001373291016,
    "finish_time": 25282571,
    "limit_cost_by_ms": 47.409000396728516,
    "model_name": "vgg19",
    "recv_time": 25186312,
    "tag": "700",
    "total_cost_by_ms": 96.25900268554688,
    "wait_cost": 39.19900131225586
}
