{
    "child_model_execute_cost_by_ms": [
        18.195999145507813,
        17.638999938964844,
        20.513999938964844
    ],
    "child_model_run_time": [
        [
            25590493,
            25608689
        ],
        [
            25608740,
            25626379
        ],
        [
            25626402,
            25646916
        ]
    ],
    "execute_cost": 56.3489990234375,
    "finish_time": 25646924,
    "limit_cost_by_ms": 47.409000396728516,
    "model_name": "vgg19",
    "recv_time": 25582276,
    "tag": "718",
    "total_cost_by_ms": 64.64800262451172,
    "wait_cost": 8.299003601074219
}
