{
    "child_model_execute_cost_by_ms": [
        6.890999794006348
    ],
    "child_model_run_time": [
        [
            25670281,
            25677172
        ]
    ],
    "execute_cost": 6.890999794006348,
    "finish_time": 25677184,
    "limit_cost_by_ms": 6.194666862487793,
    "model_name": "yolov2",
    "recv_time": 25666099,
    "tag": "723",
    "total_cost_by_ms": 11.085000038146973,
    "wait_cost": 4.194000244140625
}
