{
    "child_model_execute_cost_by_ms": [
        8.005999565124512
    ],
    "child_model_run_time": [
        [
            10446177,
            10454183
        ]
    ],
    "execute_cost": 8.005999565124512,
    "finish_time": 10454190,
    "limit_cost_by_ms": 7.384666442871094,
    "model_name": "squeezenetv1",
    "recv_time": 10446019,
    "tag": "74",
    "total_cost_by_ms": 8.170999526977539,
    "wait_cost": 0.16499996185302734
}
