{
    "child_model_execute_cost_by_ms": [
        7.822999954223633
    ],
    "child_model_run_time": [
        [
            26592636,
            26600459
        ]
    ],
    "execute_cost": 7.822999954223633,
    "finish_time": 26600467,
    "limit_cost_by_ms": 7.384666442871094,
    "model_name": "squeezenetv1",
    "recv_time": 26592544,
    "tag": "759",
    "total_cost_by_ms": 7.922999858856201,
    "wait_cost": 0.09999990463256836
}
