{
    "child_model_execute_cost_by_ms": [
        19.35099983215332,
        17.80500030517578,
        21.145999908447266
    ],
    "child_model_run_time": [
        [
            26624456,
            26643807
        ],
        [
            26643906,
            26661711
        ],
        [
            26669850,
            26690996
        ]
    ],
    "execute_cost": 58.301998138427734,
    "finish_time": 26691003,
    "limit_cost_by_ms": 47.409000396728516,
    "model_name": "vgg19",
    "recv_time": 26624297,
    "tag": "761",
    "total_cost_by_ms": 66.70600128173828,
    "wait_cost": 8.404003143310547
}
