{
    "child_model_execute_cost_by_ms": [
        10.46500015258789
    ],
    "child_model_run_time": [
        [
            27058409,
            27068874
        ]
    ],
    "execute_cost": 10.46500015258789,
    "finish_time": 27068885,
    "limit_cost_by_ms": 8.923999786376953,
    "model_name": "googlenet",
    "recv_time": 27029381,
    "tag": "778",
    "total_cost_by_ms": 39.50400161743164,
    "wait_cost": 29.03900146484375
}
