{
    "child_model_execute_cost_by_ms": [
        10.355999946594238
    ],
    "child_model_run_time": [
        [
            27268194,
            27278550
        ]
    ],
    "execute_cost": 10.355999946594238,
    "finish_time": 27278559,
    "limit_cost_by_ms": 8.923999786376953,
    "model_name": "googlenet",
    "recv_time": 27266084,
    "tag": "788",
    "total_cost_by_ms": 12.475000381469727,
    "wait_cost": 2.1190004348754883
}
