{
    "child_model_execute_cost_by_ms": [
        3.0959999561309814,
        4.742000102996826
    ],
    "child_model_run_time": [
        [
            27315022,
            27318118
        ],
        [
            27318158,
            27322900
        ]
    ],
    "execute_cost": 7.838000297546387,
    "finish_time": 27322910,
    "limit_cost_by_ms": 6.194666862487793,
    "model_name": "yolov2",
    "recv_time": 27302732,
    "tag": "790",
    "total_cost_by_ms": 20.17799949645996,
    "wait_cost": 12.339999198913574
}
