{
    "child_model_execute_cost_by_ms": [
        17.577999114990234,
        17.670000076293945,
        20.033000946044922
    ],
    "child_model_run_time": [
        [
            10562040,
            10579618
        ],
        [
            10579654,
            10597324
        ],
        [
            10607141,
            10627174
        ]
    ],
    "execute_cost": 55.281002044677734,
    "finish_time": 10627185,
    "limit_cost_by_ms": 47.409000396728516,
    "model_name": "vgg19",
    "recv_time": 10562035,
    "tag": "80",
    "total_cost_by_ms": 65.1500015258789,
    "wait_cost": 9.868999481201172
}
