{
    "child_model_execute_cost_by_ms": [
        8.628000259399414
    ],
    "child_model_run_time": [
        [
            27981294,
            27989922
        ]
    ],
    "execute_cost": 8.628000259399414,
    "finish_time": 27989934,
    "limit_cost_by_ms": 7.384666442871094,
    "model_name": "squeezenetv1",
    "recv_time": 27965992,
    "tag": "819",
    "total_cost_by_ms": 23.941999435424805,
    "wait_cost": 15.31399917602539
}
