{
    "child_model_execute_cost_by_ms": [
        8.876999855041504
    ],
    "child_model_run_time": [
        [
            28548166,
            28557043
        ]
    ],
    "execute_cost": 8.876999855041504,
    "finish_time": 28557055,
    "limit_cost_by_ms": 7.384666442871094,
    "model_name": "squeezenetv1",
    "recv_time": 28527454,
    "tag": "841",
    "total_cost_by_ms": 29.60099983215332,
    "wait_cost": 20.7239990234375
}
