{
    "child_model_execute_cost_by_ms": [
        8.61400032043457
    ],
    "child_model_run_time": [
        [
            10735600,
            10744214
        ]
    ],
    "execute_cost": 8.61400032043457,
    "finish_time": 10744223,
    "limit_cost_by_ms": 7.384666442871094,
    "model_name": "squeezenetv1",
    "recv_time": 10732019,
    "tag": "87",
    "total_cost_by_ms": 12.204000473022461,
    "wait_cost": 3.5900001525878906
}
