{
    "child_model_execute_cost_by_ms": [
        8.75100040435791
    ],
    "child_model_run_time": [
        [
            29020164,
            29028915
        ]
    ],
    "execute_cost": 8.75100040435791,
    "finish_time": 29028923,
    "limit_cost_by_ms": 7.384666442871094,
    "model_name": "squeezenetv1",
    "recv_time": 29019633,
    "tag": "861",
    "total_cost_by_ms": 9.289999961853027,
    "wait_cost": 0.5389995574951172
}
