{
    "child_model_execute_cost_by_ms": [
        10.109999656677246
    ],
    "child_model_run_time": [
        [
            29138866,
            29148976
        ]
    ],
    "execute_cost": 10.109999656677246,
    "finish_time": 29148987,
    "limit_cost_by_ms": 8.923999786376953,
    "model_name": "googlenet",
    "recv_time": 29138704,
    "tag": "867",
    "total_cost_by_ms": 10.282999992370605,
    "wait_cost": 0.17300033569335938
}
