{
    "child_model_execute_cost_by_ms": [
        19.600000381469727,
        18.263999938964844,
        20.187999725341797
    ],
    "child_model_run_time": [
        [
            29430409,
            29450009
        ],
        [
            29450057,
            29468321
        ],
        [
            29468342,
            29488530
        ]
    ],
    "execute_cost": 58.051998138427734,
    "finish_time": 29488538,
    "limit_cost_by_ms": 47.409000396728516,
    "model_name": "vgg19",
    "recv_time": 29411627,
    "tag": "880",
    "total_cost_by_ms": 76.91100311279297,
    "wait_cost": 18.859004974365234
}
