{
    "child_model_execute_cost_by_ms": [
        18.365999221801758,
        17.65999984741211,
        19.927000045776367
    ],
    "child_model_run_time": [
        [
            29489076,
            29507442
        ],
        [
            29533555,
            29551215
        ],
        [
            29551256,
            29571183
        ]
    ],
    "execute_cost": 55.9530029296875,
    "finish_time": 29571194,
    "limit_cost_by_ms": 47.409000396728516,
    "model_name": "vgg19",
    "recv_time": 29488942,
    "tag": "881",
    "total_cost_by_ms": 82.25199890136719,
    "wait_cost": 26.298995971679688
}
