{
    "child_model_execute_cost_by_ms": [
        8.303999900817871
    ],
    "child_model_run_time": [
        [
            29699130,
            29707434
        ]
    ],
    "execute_cost": 8.303999900817871,
    "finish_time": 29707448,
    "limit_cost_by_ms": 7.384666442871094,
    "model_name": "squeezenetv1",
    "recv_time": 29695686,
    "tag": "892",
    "total_cost_by_ms": 11.76200008392334,
    "wait_cost": 3.4580001831054688
}
