{
    "child_model_execute_cost_by_ms": [
        8.289999961853027
    ],
    "child_model_run_time": [
        [
            30373732,
            30382022
        ]
    ],
    "execute_cost": 8.289999961853027,
    "finish_time": 30382034,
    "limit_cost_by_ms": 7.384666442871094,
    "model_name": "squeezenetv1",
    "recv_time": 30367672,
    "tag": "919",
    "total_cost_by_ms": 14.362000465393066,
    "wait_cost": 6.072000503540039
}
