{
    "child_model_execute_cost_by_ms": [
        18.724000930786133,
        18.68000030517578,
        21.025999069213867
    ],
    "child_model_run_time": [
        [
            30440240,
            30458964
        ],
        [
            30467292,
            30485972
        ],
        [
            30519277,
            30540303
        ]
    ],
    "execute_cost": 58.43000030517578,
    "finish_time": 30540309,
    "limit_cost_by_ms": 47.409000396728516,
    "model_name": "vgg19",
    "recv_time": 30440206,
    "tag": "922",
    "total_cost_by_ms": 100.10299682617188,
    "wait_cost": 41.672996520996094
}
