{
    "child_model_execute_cost_by_ms": [
        18.10700035095215,
        18.062999725341797,
        20.746999740600586
    ],
    "child_model_run_time": [
        [
            30540639,
            30558746
        ],
        [
            30567286,
            30585349
        ],
        [
            30585441,
            30606188
        ]
    ],
    "execute_cost": 56.91699981689453,
    "finish_time": 30606196,
    "limit_cost_by_ms": 47.409000396728516,
    "model_name": "vgg19",
    "recv_time": 30540534,
    "tag": "926",
    "total_cost_by_ms": 65.66200256347656,
    "wait_cost": 8.745002746582031
}
