{
    "child_model_execute_cost_by_ms": [
        8.423999786376953
    ],
    "child_model_run_time": [
        [
            31419919,
            31428343
        ]
    ],
    "execute_cost": 8.423999786376953,
    "finish_time": 31428359,
    "limit_cost_by_ms": 7.384666442871094,
    "model_name": "squeezenetv1",
    "recv_time": 31402808,
    "tag": "962",
    "total_cost_by_ms": 25.551000595092773,
    "wait_cost": 17.12700080871582
}
