{
    "child_model_execute_cost_by_ms": [
        9.64900016784668
    ],
    "child_model_run_time": [
        [
            31786380,
            31796029
        ]
    ],
    "execute_cost": 9.64900016784668,
    "finish_time": 31796038,
    "limit_cost_by_ms": 8.923999786376953,
    "model_name": "googlenet",
    "recv_time": 31780810,
    "tag": "978",
    "total_cost_by_ms": 15.227999687194824,
    "wait_cost": 5.5789995193481445
}
