{
    "child_model_execute_cost_by_ms": [
        19.200000762939453,
        18.256999969482422,
        21.1560001373291
    ],
    "child_model_run_time": [
        [
            32067451,
            32086651
        ],
        [
            32086747,
            32105004
        ],
        [
            32113725,
            32134881
        ]
    ],
    "execute_cost": 58.612998962402344,
    "finish_time": 32134890,
    "limit_cost_by_ms": 47.409000396728516,
    "model_name": "vgg19",
    "recv_time": 32060005,
    "tag": "990",
    "total_cost_by_ms": 74.88500213623047,
    "wait_cost": 16.272003173828125
}
