{
    "child_model_execute_cost_by_ms": [
        8.656000137329102
    ],
    "child_model_run_time": [
        [
            32173079,
            32181735
        ]
    ],
    "execute_cost": 8.656000137329102,
    "finish_time": 32181747,
    "limit_cost_by_ms": 7.384666442871094,
    "model_name": "squeezenetv1",
    "recv_time": 32162427,
    "tag": "995",
    "total_cost_by_ms": 19.31999969482422,
    "wait_cost": 10.663999557495117
}
