{
    "child_model_execute_cost_by_ms": [
        8.454999923706055
    ],
    "child_model_run_time": [
        [
            10553510,
            10561965
        ]
    ],
    "execute_cost": 8.454999923706055,
    "finish_time": 10561975,
    "limit_cost_by_ms": 7.329333305358887,
    "model_name": "squeezenetv1",
    "recv_time": 10553495,
    "tag": "118",
    "total_cost_by_ms": 8.479999542236328,
    "wait_cost": 0.024999618530273438
}
