{
    "child_model_execute_cost_by_ms": [
        7.034999847412109
    ],
    "child_model_run_time": [
        [
            8884683,
            8891718
        ]
    ],
    "execute_cost": 7.034999847412109,
    "finish_time": 8891729,
    "limit_cost_by_ms": 6.355000019073486,
    "model_name": "yolov2",
    "recv_time": 8884672,
    "tag": "13",
    "total_cost_by_ms": 7.057000160217285,
    "wait_cost": 0.02200031280517578
}
