{
    "child_model_execute_cost_by_ms": [
        10.024999618530273
    ],
    "child_model_run_time": [
        [
            10761160,
            10771185
        ]
    ],
    "execute_cost": 10.024999618530273,
    "finish_time": 10771192,
    "limit_cost_by_ms": 9.105667114257813,
    "model_name": "googlenet",
    "recv_time": 10708742,
    "tag": "130",
    "total_cost_by_ms": 62.45000076293945,
    "wait_cost": 52.42500305175781
}
