{
    "child_model_execute_cost_by_ms": [
        8.182999610900879
    ],
    "child_model_run_time": [
        [
            10787942,
            10796125
        ]
    ],
    "execute_cost": 8.182999610900879,
    "finish_time": 10796132,
    "limit_cost_by_ms": 7.329333305358887,
    "model_name": "squeezenetv1",
    "recv_time": 10778653,
    "tag": "134",
    "total_cost_by_ms": 17.479000091552734,
    "wait_cost": 9.296000480651855
}
