{
    "child_model_execute_cost_by_ms": [
        8.409000396728516
    ],
    "child_model_run_time": [
        [
            10869277,
            10877686
        ]
    ],
    "execute_cost": 8.409000396728516,
    "finish_time": 10877695,
    "limit_cost_by_ms": 7.329333305358887,
    "model_name": "squeezenetv1",
    "recv_time": 10869225,
    "tag": "138",
    "total_cost_by_ms": 8.470000267028809,
    "wait_cost": 0.06099987030029297
}
