{
    "child_model_execute_cost_by_ms": [
        8.083999633789063
    ],
    "child_model_run_time": [
        [
            10975786,
            10983870
        ]
    ],
    "execute_cost": 8.083999633789063,
    "finish_time": 10983878,
    "limit_cost_by_ms": 7.329333305358887,
    "model_name": "squeezenetv1",
    "recv_time": 10975647,
    "tag": "145",
    "total_cost_by_ms": 8.230999946594238,
    "wait_cost": 0.14700031280517578
}
