{
    "child_model_execute_cost_by_ms": [
        45.422000885009766
    ],
    "child_model_run_time": [
        [
            8918052,
            8963474
        ]
    ],
    "execute_cost": 45.422000885009766,
    "finish_time": 8963481,
    "limit_cost_by_ms": 47.39066696166992,
    "model_name": "vgg19",
    "recv_time": 8915181,
    "tag": "17",
    "total_cost_by_ms": 48.29999923706055,
    "wait_cost": 2.8779983520507813
}
