{
    "child_model_execute_cost_by_ms": [
        6.525000095367432
    ],
    "child_model_run_time": [
        [
            11609743,
            11616268
        ]
    ],
    "execute_cost": 6.525000095367432,
    "finish_time": 11616278,
    "limit_cost_by_ms": 6.355000019073486,
    "model_name": "yolov2",
    "recv_time": 11609723,
    "tag": "186",
    "total_cost_by_ms": 6.554999828338623,
    "wait_cost": 0.029999732971191406
}
