{
    "child_model_execute_cost_by_ms": [
        9.34000015258789
    ],
    "child_model_run_time": [
        [
            11616554,
            11625894
        ]
    ],
    "execute_cost": 9.34000015258789,
    "finish_time": 11625901,
    "limit_cost_by_ms": 9.105667114257813,
    "model_name": "googlenet",
    "recv_time": 11616511,
    "tag": "187",
    "total_cost_by_ms": 9.390000343322754,
    "wait_cost": 0.05000019073486328
}
