{
    "child_model_execute_cost_by_ms": [
        19.070999145507813
    ],
    "child_model_run_time": [
        [
            11830960,
            11850031
        ]
    ],
    "execute_cost": 19.070999145507813,
    "finish_time": 11850042,
    "limit_cost_by_ms": 19.154333114624023,
    "model_name": "resnet50",
    "recv_time": 11830783,
    "tag": "201",
    "total_cost_by_ms": 19.259000778198242,
    "wait_cost": 0.1880016326904297
}
