{
    "child_model_execute_cost_by_ms": [
        19.128000259399414
    ],
    "child_model_run_time": [
        [
            11936937,
            11956065
        ]
    ],
    "execute_cost": 19.128000259399414,
    "finish_time": 11956077,
    "limit_cost_by_ms": 19.154333114624023,
    "model_name": "resnet50",
    "recv_time": 11936920,
    "tag": "208",
    "total_cost_by_ms": 19.156999588012695,
    "wait_cost": 0.02899932861328125
}
