{
    "child_model_execute_cost_by_ms": [
        6.428999900817871
    ],
    "child_model_run_time": [
        [
            12026341,
            12032770
        ]
    ],
    "execute_cost": 6.428999900817871,
    "finish_time": 12032778,
    "limit_cost_by_ms": 6.355000019073486,
    "model_name": "yolov2",
    "recv_time": 12026217,
    "tag": "213",
    "total_cost_by_ms": 6.560999870300293,
    "wait_cost": 0.13199996948242188
}
