{
    "child_model_execute_cost_by_ms": [
        8.178000450134277
    ],
    "child_model_run_time": [
        [
            12239239,
            12247417
        ]
    ],
    "execute_cost": 8.178000450134277,
    "finish_time": 12247427,
    "limit_cost_by_ms": 7.329333305358887,
    "model_name": "squeezenetv1",
    "recv_time": 12239224,
    "tag": "227",
    "total_cost_by_ms": 8.20300006866455,
    "wait_cost": 0.024999618530273438
}
