{
    "child_model_execute_cost_by_ms": [
        7.947000026702881
    ],
    "child_model_run_time": [
        [
            12374586,
            12382533
        ]
    ],
    "execute_cost": 7.947000026702881,
    "finish_time": 12382540,
    "limit_cost_by_ms": 7.329333305358887,
    "model_name": "squeezenetv1",
    "recv_time": 12374576,
    "tag": "236",
    "total_cost_by_ms": 7.964000225067139,
    "wait_cost": 0.017000198364257813
}
