{
    "child_model_execute_cost_by_ms": [
        7.392000198364258
    ],
    "child_model_run_time": [
        [
            12428071,
            12435463
        ]
    ],
    "execute_cost": 7.392000198364258,
    "finish_time": 12435471,
    "limit_cost_by_ms": 6.355000019073486,
    "model_name": "yolov2",
    "recv_time": 12425056,
    "tag": "238",
    "total_cost_by_ms": 10.414999961853027,
    "wait_cost": 3.0229997634887695
}
