{
    "child_model_execute_cost_by_ms": [
        8.104000091552734
    ],
    "child_model_run_time": [
        [
            12872621,
            12880725
        ]
    ],
    "execute_cost": 8.104000091552734,
    "finish_time": 12880735,
    "limit_cost_by_ms": 7.329333305358887,
    "model_name": "squeezenetv1",
    "recv_time": 12864013,
    "tag": "267",
    "total_cost_by_ms": 16.722000122070313,
    "wait_cost": 8.618000030517578
}
