{
    "child_model_execute_cost_by_ms": [
        6.439000129699707
    ],
    "child_model_run_time": [
        [
            9112817,
            9119256
        ]
    ],
    "execute_cost": 6.439000129699707,
    "finish_time": 9119267,
    "limit_cost_by_ms": 6.355000019073486,
    "model_name": "yolov2",
    "recv_time": 9112632,
    "tag": "28",
    "total_cost_by_ms": 6.635000228881836,
    "wait_cost": 0.1960000991821289
}
