{
    "child_model_execute_cost_by_ms": [
        6.702000141143799
    ],
    "child_model_run_time": [
        [
            12981031,
            12987733
        ]
    ],
    "execute_cost": 6.702000141143799,
    "finish_time": 12987743,
    "limit_cost_by_ms": 6.355000019073486,
    "model_name": "yolov2",
    "recv_time": 12974388,
    "tag": "274",
    "total_cost_by_ms": 13.354999542236328,
    "wait_cost": 6.652999401092529
}
