{
    "child_model_execute_cost_by_ms": [
        45.33300018310547
    ],
    "child_model_run_time": [
        [
            13413793,
            13459126
        ]
    ],
    "execute_cost": 45.33300018310547,
    "finish_time": 13459133,
    "limit_cost_by_ms": 47.39066696166992,
    "model_name": "vgg19",
    "recv_time": 13408809,
    "tag": "303",
    "total_cost_by_ms": 50.32400131225586,
    "wait_cost": 4.991001129150391
}
