{
    "child_model_execute_cost_by_ms": [
        18.937000274658203
    ],
    "child_model_run_time": [
        [
            13584285,
            13603222
        ]
    ],
    "execute_cost": 18.937000274658203,
    "finish_time": 13603231,
    "limit_cost_by_ms": 19.154333114624023,
    "model_name": "resnet50",
    "recv_time": 13584280,
    "tag": "313",
    "total_cost_by_ms": 18.951000213623047,
    "wait_cost": 0.01399993896484375
}
