{
    "child_model_execute_cost_by_ms": [
        44.893001556396484
    ],
    "child_model_run_time": [
        [
            13826420,
            13871313
        ]
    ],
    "execute_cost": 44.893001556396484,
    "finish_time": 13871324,
    "limit_cost_by_ms": 47.39066696166992,
    "model_name": "vgg19",
    "recv_time": 13826270,
    "tag": "329",
    "total_cost_by_ms": 45.05400085449219,
    "wait_cost": 0.16099929809570313
}
