{
    "child_model_execute_cost_by_ms": [
        10.104999542236328
    ],
    "child_model_run_time": [
        [
            13880253,
            13890358
        ]
    ],
    "execute_cost": 10.104999542236328,
    "finish_time": 13890365,
    "limit_cost_by_ms": 9.105667114257813,
    "model_name": "googlenet",
    "recv_time": 13880235,
    "tag": "331",
    "total_cost_by_ms": 10.130000114440918,
    "wait_cost": 0.025000572204589844
}
