{
    "child_model_execute_cost_by_ms": [
        19.077999114990234
    ],
    "child_model_run_time": [
        [
            14004309,
            14023387
        ]
    ],
    "execute_cost": 19.077999114990234,
    "finish_time": 14023394,
    "limit_cost_by_ms": 19.154333114624023,
    "model_name": "resnet50",
    "recv_time": 13997680,
    "tag": "340",
    "total_cost_by_ms": 25.714000701904297,
    "wait_cost": 6.6360015869140625
}
