{
    "child_model_execute_cost_by_ms": [
        8.619000434875488
    ],
    "child_model_run_time": [
        [
            14114000,
            14122619
        ]
    ],
    "execute_cost": 8.619000434875488,
    "finish_time": 14122632,
    "limit_cost_by_ms": 7.329333305358887,
    "model_name": "squeezenetv1",
    "recv_time": 14110118,
    "tag": "346",
    "total_cost_by_ms": 12.513999938964844,
    "wait_cost": 3.8949995040893555
}
