{
    "child_model_execute_cost_by_ms": [
        7.179999828338623
    ],
    "child_model_run_time": [
        [
            14389749,
            14396929
        ]
    ],
    "execute_cost": 7.179999828338623,
    "finish_time": 14396940,
    "limit_cost_by_ms": 6.355000019073486,
    "model_name": "yolov2",
    "recv_time": 14354143,
    "tag": "363",
    "total_cost_by_ms": 42.797000885009766,
    "wait_cost": 35.617000579833984
}
