{
    "child_model_execute_cost_by_ms": [
        7.401000022888184
    ],
    "child_model_run_time": [
        [
            14694112,
            14701513
        ]
    ],
    "execute_cost": 7.401000022888184,
    "finish_time": 14701521,
    "limit_cost_by_ms": 6.355000019073486,
    "model_name": "yolov2",
    "recv_time": 14666386,
    "tag": "383",
    "total_cost_by_ms": 35.1349983215332,
    "wait_cost": 27.733997344970703
}
