{
    "child_model_execute_cost_by_ms": [
        9.317000389099121
    ],
    "child_model_run_time": [
        [
            15056720,
            15066037
        ]
    ],
    "execute_cost": 9.317000389099121,
    "finish_time": 15066045,
    "limit_cost_by_ms": 9.105667114257813,
    "model_name": "googlenet",
    "recv_time": 15056712,
    "tag": "406",
    "total_cost_by_ms": 9.333000183105469,
    "wait_cost": 0.015999794006347656
}
