{
    "child_model_execute_cost_by_ms": [
        45.599998474121094
    ],
    "child_model_run_time": [
        [
            15299900,
            15345500
        ]
    ],
    "execute_cost": 45.599998474121094,
    "finish_time": 15345508,
    "limit_cost_by_ms": 47.39066696166992,
    "model_name": "vgg19",
    "recv_time": 15299884,
    "tag": "423",
    "total_cost_by_ms": 45.624000549316406,
    "wait_cost": 0.0240020751953125
}
