{
    "child_model_execute_cost_by_ms": [
        6.716000080108643
    ],
    "child_model_run_time": [
        [
            15376051,
            15382767
        ]
    ],
    "execute_cost": 6.716000080108643,
    "finish_time": 15382774,
    "limit_cost_by_ms": 6.355000019073486,
    "model_name": "yolov2",
    "recv_time": 15376044,
    "tag": "426",
    "total_cost_by_ms": 6.730000019073486,
    "wait_cost": 0.01399993896484375
}
