{
    "child_model_execute_cost_by_ms": [
        9.762999534606934
    ],
    "child_model_run_time": [
        [
            15383275,
            15393038
        ]
    ],
    "execute_cost": 9.762999534606934,
    "finish_time": 15393049,
    "limit_cost_by_ms": 9.105667114257813,
    "model_name": "googlenet",
    "recv_time": 15383147,
    "tag": "427",
    "total_cost_by_ms": 9.902000427246094,
    "wait_cost": 0.13900089263916016
}
