{
    "child_model_execute_cost_by_ms": [
        6.21999979019165
    ],
    "child_model_run_time": [
        [
            15495434,
            15501654
        ]
    ],
    "execute_cost": 6.21999979019165,
    "finish_time": 15501660,
    "limit_cost_by_ms": 6.355000019073486,
    "model_name": "yolov2",
    "recv_time": 15495369,
    "tag": "434",
    "total_cost_by_ms": 6.290999889373779,
    "wait_cost": 0.0710000991821289
}
