{
    "child_model_execute_cost_by_ms": [
        7.160999774932861
    ],
    "child_model_run_time": [
        [
            15546373,
            15553534
        ]
    ],
    "execute_cost": 7.160999774932861,
    "finish_time": 15553543,
    "limit_cost_by_ms": 6.355000019073486,
    "model_name": "yolov2",
    "recv_time": 15537539,
    "tag": "438",
    "total_cost_by_ms": 16.003999710083008,
    "wait_cost": 8.843000411987305
}
