{
    "child_model_execute_cost_by_ms": [
        8.984999656677246
    ],
    "child_model_run_time": [
        [
            15655047,
            15664032
        ]
    ],
    "execute_cost": 8.984999656677246,
    "finish_time": 15664050,
    "limit_cost_by_ms": 7.329333305358887,
    "model_name": "squeezenetv1",
    "recv_time": 15638999,
    "tag": "445",
    "total_cost_by_ms": 25.051000595092773,
    "wait_cost": 16.066001892089844
}
