{
    "child_model_execute_cost_by_ms": [
        8.26200008392334
    ],
    "child_model_run_time": [
        [
            15794950,
            15803212
        ]
    ],
    "execute_cost": 8.26200008392334,
    "finish_time": 15803219,
    "limit_cost_by_ms": 7.329333305358887,
    "model_name": "squeezenetv1",
    "recv_time": 15772232,
    "tag": "452",
    "total_cost_by_ms": 30.98699951171875,
    "wait_cost": 22.724998474121094
}
