{
    "child_model_execute_cost_by_ms": [
        9.824000358581543
    ],
    "child_model_run_time": [
        [
            15811188,
            15821012
        ]
    ],
    "execute_cost": 9.824000358581543,
    "finish_time": 15821022,
    "limit_cost_by_ms": 9.105667114257813,
    "model_name": "googlenet",
    "recv_time": 15811024,
    "tag": "454",
    "total_cost_by_ms": 9.998000144958496,
    "wait_cost": 0.17399978637695313
}
