{
    "child_model_execute_cost_by_ms": [
        8.194000244140625
    ],
    "child_model_run_time": [
        [
            15902285,
            15910479
        ]
    ],
    "execute_cost": 8.194000244140625,
    "finish_time": 15910486,
    "limit_cost_by_ms": 7.329333305358887,
    "model_name": "squeezenetv1",
    "recv_time": 15893358,
    "tag": "459",
    "total_cost_by_ms": 17.128000259399414,
    "wait_cost": 8.934000015258789
}
