{
    "child_model_execute_cost_by_ms": [
        6.276000022888184
    ],
    "child_model_run_time": [
        [
            16031420,
            16037696
        ]
    ],
    "execute_cost": 6.276000022888184,
    "finish_time": 16037704,
    "limit_cost_by_ms": 6.355000019073486,
    "model_name": "yolov2",
    "recv_time": 16031408,
    "tag": "468",
    "total_cost_by_ms": 6.296000003814697,
    "wait_cost": 0.019999980926513672
}
