{
    "child_model_execute_cost_by_ms": [
        8.340999603271484
    ],
    "child_model_run_time": [
        [
            16249873,
            16258214
        ]
    ],
    "execute_cost": 8.340999603271484,
    "finish_time": 16258224,
    "limit_cost_by_ms": 7.329333305358887,
    "model_name": "squeezenetv1",
    "recv_time": 16247045,
    "tag": "482",
    "total_cost_by_ms": 11.178999900817871,
    "wait_cost": 2.8380002975463867
}
