{
    "child_model_execute_cost_by_ms": [
        10.095999717712402
    ],
    "child_model_run_time": [
        [
            9481067,
            9491163
        ]
    ],
    "execute_cost": 10.095999717712402,
    "finish_time": 9491170,
    "limit_cost_by_ms": 9.105667114257813,
    "model_name": "googlenet",
    "recv_time": 9457307,
    "tag": "50",
    "total_cost_by_ms": 33.862998962402344,
    "wait_cost": 23.766998291015625
}
