{
    "child_model_execute_cost_by_ms": [
        8.348999977111816
    ],
    "child_model_run_time": [
        [
            9491292,
            9499641
        ]
    ],
    "execute_cost": 8.348999977111816,
    "finish_time": 9499653,
    "limit_cost_by_ms": 7.329333305358887,
    "model_name": "squeezenetv1",
    "recv_time": 9485850,
    "tag": "52",
    "total_cost_by_ms": 13.803000450134277,
    "wait_cost": 5.454000473022461
}
