{
    "child_model_execute_cost_by_ms": [
        46.73400115966797
    ],
    "child_model_run_time": [
        [
            16704501,
            16751235
        ]
    ],
    "execute_cost": 46.73400115966797,
    "finish_time": 16751243,
    "limit_cost_by_ms": 47.39066696166992,
    "model_name": "vgg19",
    "recv_time": 16686588,
    "tag": "511",
    "total_cost_by_ms": 64.65499877929688,
    "wait_cost": 17.920997619628906
}
