{
    "child_model_execute_cost_by_ms": [
        8.366000175476074
    ],
    "child_model_run_time": [
        [
            17077322,
            17085688
        ]
    ],
    "execute_cost": 8.366000175476074,
    "finish_time": 17085700,
    "limit_cost_by_ms": 7.329333305358887,
    "model_name": "squeezenetv1",
    "recv_time": 17077188,
    "tag": "533",
    "total_cost_by_ms": 8.51200008392334,
    "wait_cost": 0.14599990844726563
}
