{
    "child_model_execute_cost_by_ms": [
        46.71799850463867
    ],
    "child_model_run_time": [
        [
            17224237,
            17270955
        ]
    ],
    "execute_cost": 46.71799850463867,
    "finish_time": 17270965,
    "limit_cost_by_ms": 47.39066696166992,
    "model_name": "vgg19",
    "recv_time": 17224065,
    "tag": "543",
    "total_cost_by_ms": 46.900001525878906,
    "wait_cost": 0.18200302124023438
}
