{
    "child_model_execute_cost_by_ms": [
        8.845000267028809
    ],
    "child_model_run_time": [
        [
            17271419,
            17280264
        ]
    ],
    "execute_cost": 8.845000267028809,
    "finish_time": 17280275,
    "limit_cost_by_ms": 7.329333305358887,
    "model_name": "squeezenetv1",
    "recv_time": 17271289,
    "tag": "544",
    "total_cost_by_ms": 8.986000061035156,
    "wait_cost": 0.14099979400634766
}
