{
    "child_model_execute_cost_by_ms": [
        45.36199951171875
    ],
    "child_model_run_time": [
        [
            17433485,
            17478847
        ]
    ],
    "execute_cost": 45.36199951171875,
    "finish_time": 17478857,
    "limit_cost_by_ms": 47.39066696166992,
    "model_name": "vgg19",
    "recv_time": 17433471,
    "tag": "556",
    "total_cost_by_ms": 45.38600158691406,
    "wait_cost": 0.0240020751953125
}
