{
    "child_model_execute_cost_by_ms": [
        8.795000076293945
    ],
    "child_model_run_time": [
        [
            17496067,
            17504862
        ]
    ],
    "execute_cost": 8.795000076293945,
    "finish_time": 17504873,
    "limit_cost_by_ms": 7.329333305358887,
    "model_name": "squeezenetv1",
    "recv_time": 17496046,
    "tag": "559",
    "total_cost_by_ms": 8.82699966430664,
    "wait_cost": 0.03199958801269531
}
