{
    "child_model_execute_cost_by_ms": [
        10.180000305175781
    ],
    "child_model_run_time": [
        [
            17505002,
            17515182
        ]
    ],
    "execute_cost": 10.180000305175781,
    "finish_time": 17515195,
    "limit_cost_by_ms": 9.105667114257813,
    "model_name": "googlenet",
    "recv_time": 17499805,
    "tag": "560",
    "total_cost_by_ms": 15.390000343322754,
    "wait_cost": 5.210000038146973
}
