{
    "child_model_execute_cost_by_ms": [
        6.195000171661377
    ],
    "child_model_run_time": [
        [
            17607980,
            17614175
        ]
    ],
    "execute_cost": 6.195000171661377,
    "finish_time": 17614181,
    "limit_cost_by_ms": 6.355000019073486,
    "model_name": "yolov2",
    "recv_time": 17607973,
    "tag": "566",
    "total_cost_by_ms": 6.208000183105469,
    "wait_cost": 0.013000011444091797
}
