{
    "child_model_execute_cost_by_ms": [
        6.968999862670898
    ],
    "child_model_run_time": [
        [
            17735926,
            17742895
        ]
    ],
    "execute_cost": 6.968999862670898,
    "finish_time": 17742903,
    "limit_cost_by_ms": 6.355000019073486,
    "model_name": "yolov2",
    "recv_time": 17725748,
    "tag": "575",
    "total_cost_by_ms": 17.155000686645508,
    "wait_cost": 10.18600082397461
}
