{
    "child_model_execute_cost_by_ms": [
        46.63100051879883
    ],
    "child_model_run_time": [
        [
            17753521,
            17800152
        ]
    ],
    "execute_cost": 46.63100051879883,
    "finish_time": 17800164,
    "limit_cost_by_ms": 47.39066696166992,
    "model_name": "vgg19",
    "recv_time": 17721495,
    "tag": "574",
    "total_cost_by_ms": 78.66899871826172,
    "wait_cost": 32.03799819946289
}
