{
    "child_model_execute_cost_by_ms": [
        45.24800109863281
    ],
    "child_model_run_time": [
        [
            17942971,
            17988219
        ]
    ],
    "execute_cost": 45.24800109863281,
    "finish_time": 17988230,
    "limit_cost_by_ms": 47.39066696166992,
    "model_name": "vgg19",
    "recv_time": 17942862,
    "tag": "588",
    "total_cost_by_ms": 45.36800003051758,
    "wait_cost": 0.11999893188476563
}
