{
    "child_model_execute_cost_by_ms": [
        7.433000087738037
    ],
    "child_model_run_time": [
        [
            18438621,
            18446054
        ]
    ],
    "execute_cost": 7.433000087738037,
    "finish_time": 18446062,
    "limit_cost_by_ms": 6.355000019073486,
    "model_name": "yolov2",
    "recv_time": 18438613,
    "tag": "617",
    "total_cost_by_ms": 7.448999881744385,
    "wait_cost": 0.015999794006347656
}
