{
    "child_model_execute_cost_by_ms": [
        7.40500020980835
    ],
    "child_model_run_time": [
        [
            9697254,
            9704659
        ]
    ],
    "execute_cost": 7.40500020980835,
    "finish_time": 9704673,
    "limit_cost_by_ms": 6.355000019073486,
    "model_name": "yolov2",
    "recv_time": 9693891,
    "tag": "65",
    "total_cost_by_ms": 10.781999588012695,
    "wait_cost": 3.3769993782043457
}
