{
    "child_model_execute_cost_by_ms": [
        7.131999969482422
    ],
    "child_model_run_time": [
        [
            18830435,
            18837567
        ]
    ],
    "execute_cost": 7.131999969482422,
    "finish_time": 18837576,
    "limit_cost_by_ms": 6.355000019073486,
    "model_name": "yolov2",
    "recv_time": 18802891,
    "tag": "642",
    "total_cost_by_ms": 34.685001373291016,
    "wait_cost": 27.553001403808594
}
