{
    "child_model_execute_cost_by_ms": [
        8.906000137329102
    ],
    "child_model_run_time": [
        [
            18837855,
            18846761
        ]
    ],
    "execute_cost": 8.906000137329102,
    "finish_time": 18846776,
    "limit_cost_by_ms": 7.329333305358887,
    "model_name": "squeezenetv1",
    "recv_time": 18790696,
    "tag": "641",
    "total_cost_by_ms": 56.08000183105469,
    "wait_cost": 47.17400360107422
}
