{
    "child_model_execute_cost_by_ms": [
        6.389999866485596
    ],
    "child_model_run_time": [
        [
            18878847,
            18885237
        ]
    ],
    "execute_cost": 6.389999866485596,
    "finish_time": 18885244,
    "limit_cost_by_ms": 6.355000019073486,
    "model_name": "yolov2",
    "recv_time": 18878839,
    "tag": "645",
    "total_cost_by_ms": 6.40500020980835,
    "wait_cost": 0.015000343322753906
}
