{
    "child_model_execute_cost_by_ms": [
        10.958000183105469
    ],
    "child_model_run_time": [
        [
            18939641,
            18950599
        ]
    ],
    "execute_cost": 10.958000183105469,
    "finish_time": 18950616,
    "limit_cost_by_ms": 9.105667114257813,
    "model_name": "googlenet",
    "recv_time": 18917850,
    "tag": "648",
    "total_cost_by_ms": 32.76599884033203,
    "wait_cost": 21.807998657226563
}
