{
    "child_model_execute_cost_by_ms": [
        9.741999626159668
    ],
    "child_model_run_time": [
        [
            19096231,
            19105973
        ]
    ],
    "execute_cost": 9.741999626159668,
    "finish_time": 19105985,
    "limit_cost_by_ms": 9.105667114257813,
    "model_name": "googlenet",
    "recv_time": 19096078,
    "tag": "659",
    "total_cost_by_ms": 9.906999588012695,
    "wait_cost": 0.16499996185302734
}
