{
    "child_model_execute_cost_by_ms": [
        7.142000198364258
    ],
    "child_model_run_time": [
        [
            19400364,
            19407506
        ]
    ],
    "execute_cost": 7.142000198364258,
    "finish_time": 19407512,
    "limit_cost_by_ms": 6.355000019073486,
    "model_name": "yolov2",
    "recv_time": 19393668,
    "tag": "677",
    "total_cost_by_ms": 13.843999862670898,
    "wait_cost": 6.701999664306641
}
