{
    "child_model_execute_cost_by_ms": [
        9.793000221252441
    ],
    "child_model_run_time": [
        [
            19515042,
            19524835
        ]
    ],
    "execute_cost": 9.793000221252441,
    "finish_time": 19524846,
    "limit_cost_by_ms": 9.105667114257813,
    "model_name": "googlenet",
    "recv_time": 19515019,
    "tag": "685",
    "total_cost_by_ms": 9.82699966430664,
    "wait_cost": 0.03399944305419922
}
