{
    "child_model_execute_cost_by_ms": [
        7.574999809265137
    ],
    "child_model_run_time": [
        [
            19780303,
            19787878
        ]
    ],
    "execute_cost": 7.574999809265137,
    "finish_time": 19787885,
    "limit_cost_by_ms": 6.355000019073486,
    "model_name": "yolov2",
    "recv_time": 19763836,
    "tag": "700",
    "total_cost_by_ms": 24.048999786376953,
    "wait_cost": 16.4739990234375
}
