{
    "child_model_execute_cost_by_ms": [
        6.7829999923706055
    ],
    "child_model_run_time": [
        [
            19921674,
            19928457
        ]
    ],
    "execute_cost": 6.7829999923706055,
    "finish_time": 19928463,
    "limit_cost_by_ms": 6.355000019073486,
    "model_name": "yolov2",
    "recv_time": 19910334,
    "tag": "709",
    "total_cost_by_ms": 18.128999710083008,
    "wait_cost": 11.345999717712402
}
