{
    "child_model_execute_cost_by_ms": [
        7.485000133514404
    ],
    "child_model_run_time": [
        [
            20100134,
            20107619
        ]
    ],
    "execute_cost": 7.485000133514404,
    "finish_time": 20107628,
    "limit_cost_by_ms": 6.355000019073486,
    "model_name": "yolov2",
    "recv_time": 20066632,
    "tag": "720",
    "total_cost_by_ms": 40.99599838256836,
    "wait_cost": 33.5109977722168
}
