{
    "child_model_execute_cost_by_ms": [
        8.348999977111816
    ],
    "child_model_run_time": [
        [
            20358411,
            20366760
        ]
    ],
    "execute_cost": 8.348999977111816,
    "finish_time": 20366770,
    "limit_cost_by_ms": 7.329333305358887,
    "model_name": "squeezenetv1",
    "recv_time": 20358403,
    "tag": "737",
    "total_cost_by_ms": 8.366999626159668,
    "wait_cost": 0.017999649047851563
}
