{
    "child_model_execute_cost_by_ms": [
        9.72700023651123
    ],
    "child_model_run_time": [
        [
            9870689,
            9880416
        ]
    ],
    "execute_cost": 9.72700023651123,
    "finish_time": 9880432,
    "limit_cost_by_ms": 9.105667114257813,
    "model_name": "googlenet",
    "recv_time": 9862865,
    "tag": "76",
    "total_cost_by_ms": 17.566999435424805,
    "wait_cost": 7.839999198913574
}
