{
    "child_model_execute_cost_by_ms": [
        6.603000164031982
    ],
    "child_model_run_time": [
        [
            20671277,
            20677880
        ]
    ],
    "execute_cost": 6.603000164031982,
    "finish_time": 20677886,
    "limit_cost_by_ms": 6.355000019073486,
    "model_name": "yolov2",
    "recv_time": 20671269,
    "tag": "756",
    "total_cost_by_ms": 6.617000102996826,
    "wait_cost": 0.01399993896484375
}
