{
    "child_model_execute_cost_by_ms": [
        7.609000205993652
    ],
    "child_model_run_time": [
        [
            20898551,
            20906160
        ]
    ],
    "execute_cost": 7.609000205993652,
    "finish_time": 20906167,
    "limit_cost_by_ms": 7.329333305358887,
    "model_name": "squeezenetv1",
    "recv_time": 20898544,
    "tag": "771",
    "total_cost_by_ms": 7.623000144958496,
    "wait_cost": 0.01399993896484375
}
