{
    "child_model_execute_cost_by_ms": [
        6.210999965667725
    ],
    "child_model_run_time": [
        [
            21117503,
            21123714
        ]
    ],
    "execute_cost": 6.210999965667725,
    "finish_time": 21123719,
    "limit_cost_by_ms": 6.355000019073486,
    "model_name": "yolov2",
    "recv_time": 21117436,
    "tag": "785",
    "total_cost_by_ms": 6.2829999923706055,
    "wait_cost": 0.07200002670288086
}
