{
    "child_model_execute_cost_by_ms": [
        7.581999778747559
    ],
    "child_model_run_time": [
        [
            21217434,
            21225016
        ]
    ],
    "execute_cost": 7.581999778747559,
    "finish_time": 21225025,
    "limit_cost_by_ms": 7.329333305358887,
    "model_name": "squeezenetv1",
    "recv_time": 21217367,
    "tag": "791",
    "total_cost_by_ms": 7.6579999923706055,
    "wait_cost": 0.07600021362304688
}
