{
    "child_model_execute_cost_by_ms": [
        8.029999732971191
    ],
    "child_model_run_time": [
        [
            8795365,
            8803395
        ]
    ],
    "execute_cost": 8.029999732971191,
    "finish_time": 8803404,
    "limit_cost_by_ms": 6.355000019073486,
    "model_name": "yolov2",
    "recv_time": 8795256,
    "tag": "9",
    "total_cost_by_ms": 8.14799976348877,
    "wait_cost": 0.11800003051757813
}
