{
    "child_model_execute_cost_by_ms": [
        6.585000038146973
    ],
    "child_model_run_time": [
        [
            21409562,
            21416147
        ]
    ],
    "execute_cost": 6.585000038146973,
    "finish_time": 21416152,
    "limit_cost_by_ms": 6.355000019073486,
    "model_name": "yolov2",
    "recv_time": 21399389,
    "tag": "802",
    "total_cost_by_ms": 16.76300048828125,
    "wait_cost": 10.178000450134277
}
