{
    "child_model_execute_cost_by_ms": [
        6.35699987411499
    ],
    "child_model_run_time": [
        [
            21444050,
            21450407
        ]
    ],
    "execute_cost": 6.35699987411499,
    "finish_time": 21450417,
    "limit_cost_by_ms": 6.355000019073486,
    "model_name": "yolov2",
    "recv_time": 21424773,
    "tag": "805",
    "total_cost_by_ms": 25.643999099731445,
    "wait_cost": 19.286998748779297
}
