{
    "child_model_execute_cost_by_ms": [
        47.24399948120117
    ],
    "child_model_run_time": [
        [
            21656090,
            21703334
        ]
    ],
    "execute_cost": 47.24399948120117,
    "finish_time": 21703346,
    "limit_cost_by_ms": 47.39066696166992,
    "model_name": "vgg19",
    "recv_time": 21635713,
    "tag": "818",
    "total_cost_by_ms": 67.63300323486328,
    "wait_cost": 20.38900375366211
}
