{
    "child_model_execute_cost_by_ms": [
        7.039999961853027
    ],
    "child_model_run_time": [
        [
            22035911,
            22042951
        ]
    ],
    "execute_cost": 7.039999961853027,
    "finish_time": 22042958,
    "limit_cost_by_ms": 6.355000019073486,
    "model_name": "yolov2",
    "recv_time": 22035805,
    "tag": "841",
    "total_cost_by_ms": 7.1529998779296875,
    "wait_cost": 0.11299991607666016
}
