{
    "child_model_execute_cost_by_ms": [
        7.335000038146973
    ],
    "child_model_run_time": [
        [
            22106501,
            22113836
        ]
    ],
    "execute_cost": 7.335000038146973,
    "finish_time": 22113846,
    "limit_cost_by_ms": 6.355000019073486,
    "model_name": "yolov2",
    "recv_time": 22083970,
    "tag": "846",
    "total_cost_by_ms": 29.875999450683594,
    "wait_cost": 22.541000366210938
}
