{
    "child_model_execute_cost_by_ms": [
        7.86299991607666
    ],
    "child_model_run_time": [
        [
            10049357,
            10057220
        ]
    ],
    "execute_cost": 7.86299991607666,
    "finish_time": 10057228,
    "limit_cost_by_ms": 7.329333305358887,
    "model_name": "squeezenetv1",
    "recv_time": 10047622,
    "tag": "87",
    "total_cost_by_ms": 9.605999946594238,
    "wait_cost": 1.7430000305175781
}
