{
    "child_model_execute_cost_by_ms": [
        9.899999618530273
    ],
    "child_model_run_time": [
        [
            22369622,
            22379522
        ]
    ],
    "execute_cost": 9.899999618530273,
    "finish_time": 22379536,
    "limit_cost_by_ms": 9.105667114257813,
    "model_name": "googlenet",
    "recv_time": 22369601,
    "tag": "863",
    "total_cost_by_ms": 9.9350004196167,
    "wait_cost": 0.03500080108642578
}
