{
    "child_model_execute_cost_by_ms": [
        20.760000228881836
    ],
    "child_model_run_time": [
        [
            22744092,
            22764852
        ]
    ],
    "execute_cost": 20.760000228881836,
    "finish_time": 22764865,
    "limit_cost_by_ms": 19.154333114624023,
    "model_name": "resnet50",
    "recv_time": 22744010,
    "tag": "885",
    "total_cost_by_ms": 20.854999542236328,
    "wait_cost": 0.09499931335449219
}
