{
    "child_model_execute_cost_by_ms": [
        9.72700023651123
    ],
    "child_model_run_time": [
        [
            22883486,
            22893213
        ]
    ],
    "execute_cost": 9.72700023651123,
    "finish_time": 22893225,
    "limit_cost_by_ms": 9.105667114257813,
    "model_name": "googlenet",
    "recv_time": 22883348,
    "tag": "894",
    "total_cost_by_ms": 9.876999855041504,
    "wait_cost": 0.14999961853027344
}
