{
    "child_model_execute_cost_by_ms": [
        6.176000118255615
    ],
    "child_model_run_time": [
        [
            22995617,
            23001793
        ]
    ],
    "execute_cost": 6.176000118255615,
    "finish_time": 23001799,
    "limit_cost_by_ms": 6.355000019073486,
    "model_name": "yolov2",
    "recv_time": 22995506,
    "tag": "901",
    "total_cost_by_ms": 6.293000221252441,
    "wait_cost": 0.11700010299682617
}
