{
    "child_model_execute_cost_by_ms": [
        19.382999420166016
    ],
    "child_model_run_time": [
        [
            23109655,
            23129038
        ]
    ],
    "execute_cost": 19.382999420166016,
    "finish_time": 23129049,
    "limit_cost_by_ms": 19.154333114624023,
    "model_name": "resnet50",
    "recv_time": 23109493,
    "tag": "909",
    "total_cost_by_ms": 19.555999755859375,
    "wait_cost": 0.17300033569335938
}
