{
    "child_model_execute_cost_by_ms": [
        7.421000003814697
    ],
    "child_model_run_time": [
        [
            23186052,
            23193473
        ]
    ],
    "execute_cost": 7.421000003814697,
    "finish_time": 23193483,
    "limit_cost_by_ms": 6.355000019073486,
    "model_name": "yolov2",
    "recv_time": 23173377,
    "tag": "913",
    "total_cost_by_ms": 20.106000900268555,
    "wait_cost": 12.685001373291016
}
