{
    "child_model_execute_cost_by_ms": [
        45.097999572753906
    ],
    "child_model_run_time": [
        [
            23428882,
            23473980
        ]
    ],
    "execute_cost": 45.097999572753906,
    "finish_time": 23473993,
    "limit_cost_by_ms": 47.39066696166992,
    "model_name": "vgg19",
    "recv_time": 23428769,
    "tag": "929",
    "total_cost_by_ms": 45.2239990234375,
    "wait_cost": 0.12599945068359375
}
