{
    "child_model_execute_cost_by_ms": [
        47.15599822998047
    ],
    "child_model_run_time": [
        [
            23557648,
            23604804
        ]
    ],
    "execute_cost": 47.15599822998047,
    "finish_time": 23604813,
    "limit_cost_by_ms": 47.39066696166992,
    "model_name": "vgg19",
    "recv_time": 23545331,
    "tag": "937",
    "total_cost_by_ms": 59.481998443603516,
    "wait_cost": 12.326000213623047
}
