{
    "child_model_execute_cost_by_ms": [
        7.427000045776367
    ],
    "child_model_run_time": [
        [
            23793145,
            23800572
        ]
    ],
    "execute_cost": 7.427000045776367,
    "finish_time": 23800580,
    "limit_cost_by_ms": 6.355000019073486,
    "model_name": "yolov2",
    "recv_time": 23789686,
    "tag": "951",
    "total_cost_by_ms": 10.894000053405762,
    "wait_cost": 3.4670000076293945
}
