{
    "child_model_execute_cost_by_ms": [
        45.189998626708984
    ],
    "child_model_run_time": [
        [
            24052259,
            24097449
        ]
    ],
    "execute_cost": 45.189998626708984,
    "finish_time": 24097459,
    "limit_cost_by_ms": 47.39066696166992,
    "model_name": "vgg19",
    "recv_time": 24052088,
    "tag": "968",
    "total_cost_by_ms": 45.37099838256836,
    "wait_cost": 0.180999755859375
}
