{
    "child_model_execute_cost_by_ms": [
        7.988999843597412
    ],
    "child_model_run_time": [
        [
            24246575,
            24254564
        ]
    ],
    "execute_cost": 7.988999843597412,
    "finish_time": 24254573,
    "limit_cost_by_ms": 7.329333305358887,
    "model_name": "squeezenetv1",
    "recv_time": 24246568,
    "tag": "979",
    "total_cost_by_ms": 8.005000114440918,
    "wait_cost": 0.01600027084350586
}
