{
    "child_model_execute_cost_by_ms": [
        52.10599899291992
    ],
    "child_model_run_time": [
        [
            11091127,
            11143233
        ]
    ],
    "execute_cost": 52.10599899291992,
    "finish_time": 11143241,
    "limit_cost_by_ms": 18.942333221435547,
    "model_name": "resnet50",
    "recv_time": 11091097,
    "tag": "119",
    "total_cost_by_ms": 52.14400100708008,
    "wait_cost": 0.03800201416015625
}
