{
    "child_model_execute_cost_by_ms": [
        45.17100143432617
    ],
    "child_model_run_time": [
        [
            11143729,
            11188900
        ]
    ],
    "execute_cost": 45.17100143432617,
    "finish_time": 11188903,
    "limit_cost_by_ms": 46.90833282470703,
    "model_name": "vgg19",
    "recv_time": 11143717,
    "tag": "120",
    "total_cost_by_ms": 45.18600082397461,
    "wait_cost": 0.0149993896484375
}
