{
    "child_model_execute_cost_by_ms": [
        39.69599914550781
    ],
    "child_model_run_time": [
        [
            11358566,
            11398262
        ]
    ],
    "execute_cost": 39.69599914550781,
    "finish_time": 11398267,
    "limit_cost_by_ms": 6.184333324432373,
    "model_name": "yolov2",
    "recv_time": 11358554,
    "tag": "131",
    "total_cost_by_ms": 39.7130012512207,
    "wait_cost": 0.017002105712890625
}
