{
    "child_model_execute_cost_by_ms": [
        42.11800003051758
    ],
    "child_model_run_time": [
        [
            11485472,
            11527590
        ]
    ],
    "execute_cost": 42.11800003051758,
    "finish_time": 11527594,
    "limit_cost_by_ms": 6.184333324432373,
    "model_name": "yolov2",
    "recv_time": 11485434,
    "tag": "136",
    "total_cost_by_ms": 42.15999984741211,
    "wait_cost": 0.04199981689453125
}
