{
    "child_model_execute_cost_by_ms": [
        30.23699951171875
    ],
    "child_model_run_time": [
        [
            11669381,
            11699618
        ]
    ],
    "execute_cost": 30.23699951171875,
    "finish_time": 11699627,
    "limit_cost_by_ms": 18.942333221435547,
    "model_name": "resnet50",
    "recv_time": 11665277,
    "tag": "145",
    "total_cost_by_ms": 34.349998474121094,
    "wait_cost": 4.112998962402344
}
