{
    "child_model_execute_cost_by_ms": [
        57.18299865722656
    ],
    "child_model_run_time": [
        [
            11700005,
            11757188
        ]
    ],
    "execute_cost": 57.18299865722656,
    "finish_time": 11757194,
    "limit_cost_by_ms": 46.90833282470703,
    "model_name": "vgg19",
    "recv_time": 11699993,
    "tag": "146",
    "total_cost_by_ms": 57.20100021362305,
    "wait_cost": 0.018001556396484375
}
