{
    "child_model_execute_cost_by_ms": [
        54.05699920654297
    ],
    "child_model_run_time": [
        [
            12540688,
            12594745
        ]
    ],
    "execute_cost": 54.05699920654297,
    "finish_time": 12594752,
    "limit_cost_by_ms": 46.90833282470703,
    "model_name": "vgg19",
    "recv_time": 12540673,
    "tag": "187",
    "total_cost_by_ms": 54.07899856567383,
    "wait_cost": 0.021999359130859375
}
