{
    "child_model_execute_cost_by_ms": [
        8.79800033569336
    ],
    "child_model_run_time": [
        [
            9040136,
            9048934
        ]
    ],
    "execute_cost": 8.79800033569336,
    "finish_time": 9048941,
    "limit_cost_by_ms": 7.303666591644287,
    "model_name": "squeezenetv1",
    "recv_time": 9040067,
    "tag": "20",
    "total_cost_by_ms": 8.87399959564209,
    "wait_cost": 0.07599925994873047
}
