{
    "child_model_execute_cost_by_ms": [
        8.567999839782715
    ],
    "child_model_run_time": [
        [
            12704716,
            12713284
        ]
    ],
    "execute_cost": 8.567999839782715,
    "finish_time": 12713289,
    "limit_cost_by_ms": 7.303666591644287,
    "model_name": "squeezenetv1",
    "recv_time": 12704630,
    "tag": "194",
    "total_cost_by_ms": 8.659000396728516,
    "wait_cost": 0.09100055694580078
}
