{
    "child_model_execute_cost_by_ms": [
        56.71799850463867
    ],
    "child_model_run_time": [
        [
            12722441,
            12779159
        ]
    ],
    "execute_cost": 56.71799850463867,
    "finish_time": 12779166,
    "limit_cost_by_ms": 18.942333221435547,
    "model_name": "resnet50",
    "recv_time": 12722342,
    "tag": "196",
    "total_cost_by_ms": 56.82400131225586,
    "wait_cost": 0.1060028076171875
}
