{
    "child_model_execute_cost_by_ms": [
        8.394000053405762
    ],
    "child_model_run_time": [
        [
            12798862,
            12807256
        ]
    ],
    "execute_cost": 8.394000053405762,
    "finish_time": 12807263,
    "limit_cost_by_ms": 7.303666591644287,
    "model_name": "squeezenetv1",
    "recv_time": 12798771,
    "tag": "199",
    "total_cost_by_ms": 8.491999626159668,
    "wait_cost": 0.09799957275390625
}
