{
    "child_model_execute_cost_by_ms": [
        55.69599914550781
    ],
    "child_model_run_time": [
        [
            13208326,
            13264022
        ]
    ],
    "execute_cost": 55.69599914550781,
    "finish_time": 13264027,
    "limit_cost_by_ms": 8.752666473388672,
    "model_name": "googlenet",
    "recv_time": 13208312,
    "tag": "219",
    "total_cost_by_ms": 55.71500015258789,
    "wait_cost": 0.019001007080078125
}
