{
    "child_model_execute_cost_by_ms": [
        40.86199951171875
    ],
    "child_model_run_time": [
        [
            13636174,
            13677036
        ]
    ],
    "execute_cost": 40.86199951171875,
    "finish_time": 13677042,
    "limit_cost_by_ms": 6.184333324432373,
    "model_name": "yolov2",
    "recv_time": 13636155,
    "tag": "239",
    "total_cost_by_ms": 40.887001037597656,
    "wait_cost": 0.02500152587890625
}
