{
    "child_model_execute_cost_by_ms": [
        6.625
    ],
    "child_model_run_time": [
        [
            13848979,
            13855604
        ]
    ],
    "execute_cost": 6.625,
    "finish_time": 13855611,
    "limit_cost_by_ms": 6.184333324432373,
    "model_name": "yolov2",
    "recv_time": 13848899,
    "tag": "248",
    "total_cost_by_ms": 6.711999893188477,
    "wait_cost": 0.08699989318847656
}
