{
    "child_model_execute_cost_by_ms": [
        61.06800079345703
    ],
    "child_model_run_time": [
        [
            13856174,
            13917242
        ]
    ],
    "execute_cost": 61.06800079345703,
    "finish_time": 13917249,
    "limit_cost_by_ms": 8.752666473388672,
    "model_name": "googlenet",
    "recv_time": 13856163,
    "tag": "250",
    "total_cost_by_ms": 61.08599853515625,
    "wait_cost": 0.01799774169921875
}
