{
    "child_model_execute_cost_by_ms": [
        34.9010009765625
    ],
    "child_model_run_time": [
        [
            9151777,
            9186678
        ]
    ],
    "execute_cost": 34.9010009765625,
    "finish_time": 9186686,
    "limit_cost_by_ms": 7.303666591644287,
    "model_name": "squeezenetv1",
    "recv_time": 9151765,
    "tag": "26",
    "total_cost_by_ms": 34.92100143432617,
    "wait_cost": 0.020000457763671875
}
