{
    "child_model_execute_cost_by_ms": [
        55.72200012207031
    ],
    "child_model_run_time": [
        [
            13960836,
            14016558
        ]
    ],
    "execute_cost": 55.72200012207031,
    "finish_time": 14016564,
    "limit_cost_by_ms": 6.184333324432373,
    "model_name": "yolov2",
    "recv_time": 13960825,
    "tag": "254",
    "total_cost_by_ms": 55.73899841308594,
    "wait_cost": 0.016998291015625
}
