{
    "child_model_execute_cost_by_ms": [
        52.34000015258789
    ],
    "child_model_run_time": [
        [
            14049191,
            14101531
        ]
    ],
    "execute_cost": 52.34000015258789,
    "finish_time": 14101536,
    "limit_cost_by_ms": 18.942333221435547,
    "model_name": "resnet50",
    "recv_time": 14049108,
    "tag": "258",
    "total_cost_by_ms": 52.428001403808594,
    "wait_cost": 0.08800125122070313
}
