{
    "child_model_execute_cost_by_ms": [
        46.608001708984375
    ],
    "child_model_run_time": [
        [
            14077909,
            14124517
        ]
    ],
    "execute_cost": 46.608001708984375,
    "finish_time": 14124520,
    "limit_cost_by_ms": 8.752666473388672,
    "model_name": "googlenet",
    "recv_time": 14077812,
    "tag": "260",
    "total_cost_by_ms": 46.70800018310547,
    "wait_cost": 0.09999847412109375
}
