{
    "child_model_execute_cost_by_ms": [
        43.8390007019043
    ],
    "child_model_run_time": [
        [
            14365949,
            14409788
        ]
    ],
    "execute_cost": 43.8390007019043,
    "finish_time": 14409795,
    "limit_cost_by_ms": 46.90833282470703,
    "model_name": "vgg19",
    "recv_time": 14365901,
    "tag": "273",
    "total_cost_by_ms": 43.89400100708008,
    "wait_cost": 0.05500030517578125
}
