{
    "child_model_execute_cost_by_ms": [
        20.125
    ],
    "child_model_run_time": [
        [
            14489588,
            14509713
        ]
    ],
    "execute_cost": 20.125,
    "finish_time": 14509722,
    "limit_cost_by_ms": 18.942333221435547,
    "model_name": "resnet50",
    "recv_time": 14489577,
    "tag": "278",
    "total_cost_by_ms": 20.145000457763672,
    "wait_cost": 0.020000457763671875
}
