{
    "child_model_execute_cost_by_ms": [
        54.77399826049805
    ],
    "child_model_run_time": [
        [
            14871811,
            14926585
        ]
    ],
    "execute_cost": 54.77399826049805,
    "finish_time": 14926590,
    "limit_cost_by_ms": 18.942333221435547,
    "model_name": "resnet50",
    "recv_time": 14871643,
    "tag": "298",
    "total_cost_by_ms": 54.946998596191406,
    "wait_cost": 0.17300033569335938
}
