{
    "child_model_execute_cost_by_ms": [
        9.899999618530273
    ],
    "child_model_run_time": [
        [
            15088115,
            15098015
        ]
    ],
    "execute_cost": 9.899999618530273,
    "finish_time": 15098021,
    "limit_cost_by_ms": 8.752666473388672,
    "model_name": "googlenet",
    "recv_time": 15088101,
    "tag": "307",
    "total_cost_by_ms": 9.920000076293945,
    "wait_cost": 0.020000457763671875
}
