{
    "child_model_execute_cost_by_ms": [
        6.5
    ],
    "child_model_run_time": [
        [
            15164773,
            15171273
        ]
    ],
    "execute_cost": 6.5,
    "finish_time": 15171279,
    "limit_cost_by_ms": 6.184333324432373,
    "model_name": "yolov2",
    "recv_time": 15164761,
    "tag": "310",
    "total_cost_by_ms": 6.51800012588501,
    "wait_cost": 0.018000125885009766
}
