{
    "child_model_execute_cost_by_ms": [
        15.317000389099121
    ],
    "child_model_run_time": [
        [
            15397285,
            15412602
        ]
    ],
    "execute_cost": 15.317000389099121,
    "finish_time": 15412607,
    "limit_cost_by_ms": 7.303666591644287,
    "model_name": "squeezenetv1",
    "recv_time": 15397184,
    "tag": "321",
    "total_cost_by_ms": 15.42300033569336,
    "wait_cost": 0.10599994659423828
}
