{
    "child_model_execute_cost_by_ms": [
        72.25
    ],
    "child_model_run_time": [
        [
            15418968,
            15491218
        ]
    ],
    "execute_cost": 72.25,
    "finish_time": 15491226,
    "limit_cost_by_ms": 46.90833282470703,
    "model_name": "vgg19",
    "recv_time": 15418960,
    "tag": "324",
    "total_cost_by_ms": 72.26599884033203,
    "wait_cost": 0.01599884033203125
}
