{
    "child_model_execute_cost_by_ms": [
        57.569000244140625
    ],
    "child_model_run_time": [
        [
            15746084,
            15803653
        ]
    ],
    "execute_cost": 57.569000244140625,
    "finish_time": 15803661,
    "limit_cost_by_ms": 46.90833282470703,
    "model_name": "vgg19",
    "recv_time": 15746069,
    "tag": "337",
    "total_cost_by_ms": 57.59199905395508,
    "wait_cost": 0.022998809814453125
}
