{
    "child_model_execute_cost_by_ms": [
        79.9739990234375
    ],
    "child_model_run_time": [
        [
            15825849,
            15905823
        ]
    ],
    "execute_cost": 79.9739990234375,
    "finish_time": 15905831,
    "limit_cost_by_ms": 18.942333221435547,
    "model_name": "resnet50",
    "recv_time": 15825745,
    "tag": "342",
    "total_cost_by_ms": 80.08599853515625,
    "wait_cost": 0.11199951171875
}
