{
    "child_model_execute_cost_by_ms": [
        48.99300003051758
    ],
    "child_model_run_time": [
        [
            16493283,
            16542276
        ]
    ],
    "execute_cost": 48.99300003051758,
    "finish_time": 16542281,
    "limit_cost_by_ms": 18.942333221435547,
    "model_name": "resnet50",
    "recv_time": 16493164,
    "tag": "374",
    "total_cost_by_ms": 49.117000579833984,
    "wait_cost": 0.12400054931640625
}
