{
    "child_model_execute_cost_by_ms": [
        66.40499877929688
    ],
    "child_model_run_time": [
        [
            16697671,
            16764076
        ]
    ],
    "execute_cost": 66.40499877929688,
    "finish_time": 16764080,
    "limit_cost_by_ms": 46.90833282470703,
    "model_name": "vgg19",
    "recv_time": 16697657,
    "tag": "385",
    "total_cost_by_ms": 66.4229965209961,
    "wait_cost": 0.01799774169921875
}
