{
    "child_model_execute_cost_by_ms": [
        7.394000053405762
    ],
    "child_model_run_time": [
        [
            17114272,
            17121666
        ]
    ],
    "execute_cost": 7.394000053405762,
    "finish_time": 17121675,
    "limit_cost_by_ms": 6.184333324432373,
    "model_name": "yolov2",
    "recv_time": 17114226,
    "tag": "402",
    "total_cost_by_ms": 7.448999881744385,
    "wait_cost": 0.05499982833862305
}
