{
    "child_model_execute_cost_by_ms": [
        7.2210001945495605
    ],
    "child_model_run_time": [
        [
            17215774,
            17222995
        ]
    ],
    "execute_cost": 7.2210001945495605,
    "finish_time": 17223001,
    "limit_cost_by_ms": 6.184333324432373,
    "model_name": "yolov2",
    "recv_time": 17215766,
    "tag": "407",
    "total_cost_by_ms": 7.235000133514404,
    "wait_cost": 0.01399993896484375
}
