{
    "child_model_execute_cost_by_ms": [
        44.9640007019043
    ],
    "child_model_run_time": [
        [
            17732057,
            17777021
        ]
    ],
    "execute_cost": 44.9640007019043,
    "finish_time": 17777027,
    "limit_cost_by_ms": 46.90833282470703,
    "model_name": "vgg19",
    "recv_time": 17731958,
    "tag": "432",
    "total_cost_by_ms": 45.069000244140625,
    "wait_cost": 0.10499954223632813
}
