{
    "child_model_execute_cost_by_ms": [
        8.586999893188477
    ],
    "child_model_run_time": [
        [
            17785046,
            17793633
        ]
    ],
    "execute_cost": 8.586999893188477,
    "finish_time": 17793641,
    "limit_cost_by_ms": 7.303666591644287,
    "model_name": "squeezenetv1",
    "recv_time": 17785029,
    "tag": "434",
    "total_cost_by_ms": 8.612000465393066,
    "wait_cost": 0.025000572204589844
}
