{
    "child_model_execute_cost_by_ms": [
        70.6969985961914
    ],
    "child_model_run_time": [
        [
            17817373,
            17888070
        ]
    ],
    "execute_cost": 70.6969985961914,
    "finish_time": 17888077,
    "limit_cost_by_ms": 18.942333221435547,
    "model_name": "resnet50",
    "recv_time": 17817355,
    "tag": "436",
    "total_cost_by_ms": 70.72200012207031,
    "wait_cost": 0.02500152587890625
}
