{
    "child_model_execute_cost_by_ms": [
        32.810001373291016
    ],
    "child_model_run_time": [
        [
            18496727,
            18529537
        ]
    ],
    "execute_cost": 32.810001373291016,
    "finish_time": 18529542,
    "limit_cost_by_ms": 8.752666473388672,
    "model_name": "googlenet",
    "recv_time": 18496717,
    "tag": "468",
    "total_cost_by_ms": 32.82500076293945,
    "wait_cost": 0.0149993896484375
}
