{
    "child_model_execute_cost_by_ms": [
        7.2230000495910645
    ],
    "child_model_run_time": [
        [
            9642069,
            9649292
        ]
    ],
    "execute_cost": 7.2230000495910645,
    "finish_time": 9649300,
    "limit_cost_by_ms": 6.184333324432373,
    "model_name": "yolov2",
    "recv_time": 9641909,
    "tag": "48",
    "total_cost_by_ms": 7.390999794006348,
    "wait_cost": 0.1679997444152832
}
