{
    "child_model_execute_cost_by_ms": [
        29.9689998626709
    ],
    "child_model_run_time": [
        [
            9649802,
            9679771
        ]
    ],
    "execute_cost": 29.9689998626709,
    "finish_time": 9679778,
    "limit_cost_by_ms": 8.752666473388672,
    "model_name": "googlenet",
    "recv_time": 9649785,
    "tag": "49",
    "total_cost_by_ms": 29.993000030517578,
    "wait_cost": 0.024000167846679688
}
