{
    "child_model_execute_cost_by_ms": [
        40.882999420166016
    ],
    "child_model_run_time": [
        [
            18825974,
            18866857
        ]
    ],
    "execute_cost": 40.882999420166016,
    "finish_time": 18866860,
    "limit_cost_by_ms": 7.303666591644287,
    "model_name": "squeezenetv1",
    "recv_time": 18825963,
    "tag": "484",
    "total_cost_by_ms": 40.89699935913086,
    "wait_cost": 0.01399993896484375
}
