{
    "child_model_execute_cost_by_ms": [
        71.66300201416016
    ],
    "child_model_run_time": [
        [
            19032967,
            19104630
        ]
    ],
    "execute_cost": 71.66300201416016,
    "finish_time": 19104638,
    "limit_cost_by_ms": 18.942333221435547,
    "model_name": "resnet50",
    "recv_time": 19032796,
    "tag": "496",
    "total_cost_by_ms": 71.84200286865234,
    "wait_cost": 0.1790008544921875
}
