{
    "child_model_execute_cost_by_ms": [
        44.0989990234375
    ],
    "child_model_run_time": [
        [
            19271623,
            19315722
        ]
    ],
    "execute_cost": 44.0989990234375,
    "finish_time": 19315728,
    "limit_cost_by_ms": 46.90833282470703,
    "model_name": "vgg19",
    "recv_time": 19271531,
    "tag": "506",
    "total_cost_by_ms": 44.196998596191406,
    "wait_cost": 0.09799957275390625
}
