{
    "child_model_execute_cost_by_ms": [
        20.010000228881836
    ],
    "child_model_run_time": [
        [
            19316248,
            19336258
        ]
    ],
    "execute_cost": 20.010000228881836,
    "finish_time": 19336265,
    "limit_cost_by_ms": 18.942333221435547,
    "model_name": "resnet50",
    "recv_time": 19316146,
    "tag": "507",
    "total_cost_by_ms": 20.118999481201172,
    "wait_cost": 0.10899925231933594
}
