{
    "child_model_execute_cost_by_ms": [
        10.057000160217285
    ],
    "child_model_run_time": [
        [
            19336777,
            19346834
        ]
    ],
    "execute_cost": 10.057000160217285,
    "finish_time": 19346842,
    "limit_cost_by_ms": 8.752666473388672,
    "model_name": "googlenet",
    "recv_time": 19336668,
    "tag": "508",
    "total_cost_by_ms": 10.173999786376953,
    "wait_cost": 0.11699962615966797
}
