{
    "child_model_execute_cost_by_ms": [
        51.66999816894531
    ],
    "child_model_run_time": [
        [
            19447729,
            19499399
        ]
    ],
    "execute_cost": 51.66999816894531,
    "finish_time": 19499402,
    "limit_cost_by_ms": 6.184333324432373,
    "model_name": "yolov2",
    "recv_time": 19447721,
    "tag": "515",
    "total_cost_by_ms": 51.680999755859375,
    "wait_cost": 0.0110015869140625
}
