{
    "child_model_execute_cost_by_ms": [
        24.18899917602539
    ],
    "child_model_run_time": [
        [
            19495203,
            19519392
        ]
    ],
    "execute_cost": 24.18899917602539,
    "finish_time": 19519397,
    "limit_cost_by_ms": 7.303666591644287,
    "model_name": "squeezenetv1",
    "recv_time": 19495196,
    "tag": "516",
    "total_cost_by_ms": 24.201000213623047,
    "wait_cost": 0.01200103759765625
}
