{
    "child_model_execute_cost_by_ms": [
        45.45399856567383
    ],
    "child_model_run_time": [
        [
            19519831,
            19565285
        ]
    ],
    "execute_cost": 45.45399856567383,
    "finish_time": 19565291,
    "limit_cost_by_ms": 46.90833282470703,
    "model_name": "vgg19",
    "recv_time": 19519705,
    "tag": "517",
    "total_cost_by_ms": 45.58599853515625,
    "wait_cost": 0.13199996948242188
}
