{
    "child_model_execute_cost_by_ms": [
        14.402000427246094
    ],
    "child_model_run_time": [
        [
            19907977,
            19922379
        ]
    ],
    "execute_cost": 14.402000427246094,
    "finish_time": 19922381,
    "limit_cost_by_ms": 7.303666591644287,
    "model_name": "squeezenetv1",
    "recv_time": 19907970,
    "tag": "535",
    "total_cost_by_ms": 14.41100025177002,
    "wait_cost": 0.008999824523925781
}
