{
    "child_model_execute_cost_by_ms": [
        53.21500015258789
    ],
    "child_model_run_time": [
        [
            9750271,
            9803486
        ]
    ],
    "execute_cost": 53.21500015258789,
    "finish_time": 9803492,
    "limit_cost_by_ms": 6.184333324432373,
    "model_name": "yolov2",
    "recv_time": 9750098,
    "tag": "55",
    "total_cost_by_ms": 53.39400100708008,
    "wait_cost": 0.1790008544921875
}
