{
    "child_model_execute_cost_by_ms": [
        10.437999725341797
    ],
    "child_model_run_time": [
        [
            20232502,
            20242940
        ]
    ],
    "execute_cost": 10.437999725341797,
    "finish_time": 20242949,
    "limit_cost_by_ms": 8.752666473388672,
    "model_name": "googlenet",
    "recv_time": 20232483,
    "tag": "549",
    "total_cost_by_ms": 10.465999603271484,
    "wait_cost": 0.0279998779296875
}
