{
    "child_model_execute_cost_by_ms": [
        20.618000030517578
    ],
    "child_model_run_time": [
        [
            20470539,
            20491157
        ]
    ],
    "execute_cost": 20.618000030517578,
    "finish_time": 20491161,
    "limit_cost_by_ms": 7.303666591644287,
    "model_name": "squeezenetv1",
    "recv_time": 20470531,
    "tag": "561",
    "total_cost_by_ms": 20.6299991607666,
    "wait_cost": 0.011999130249023438
}
