{
    "child_model_execute_cost_by_ms": [
        21.034000396728516
    ],
    "child_model_run_time": [
        [
            20534686,
            20555720
        ]
    ],
    "execute_cost": 21.034000396728516,
    "finish_time": 20555722,
    "limit_cost_by_ms": 8.752666473388672,
    "model_name": "googlenet",
    "recv_time": 20534591,
    "tag": "563",
    "total_cost_by_ms": 21.131000518798828,
    "wait_cost": 0.0970001220703125
}
