{
    "child_model_execute_cost_by_ms": [
        21.937999725341797
    ],
    "child_model_run_time": [
        [
            20877390,
            20899328
        ]
    ],
    "execute_cost": 21.937999725341797,
    "finish_time": 20899334,
    "limit_cost_by_ms": 6.184333324432373,
    "model_name": "yolov2",
    "recv_time": 20877354,
    "tag": "580",
    "total_cost_by_ms": 21.979999542236328,
    "wait_cost": 0.04199981689453125
}
