{
    "child_model_execute_cost_by_ms": [
        6.744999885559082
    ],
    "child_model_run_time": [
        [
            20990179,
            20996924
        ]
    ],
    "execute_cost": 6.744999885559082,
    "finish_time": 20996931,
    "limit_cost_by_ms": 6.184333324432373,
    "model_name": "yolov2",
    "recv_time": 20990167,
    "tag": "586",
    "total_cost_by_ms": 6.763999938964844,
    "wait_cost": 0.01900005340576172
}
