{
    "child_model_execute_cost_by_ms": [
        24.83099937438965
    ],
    "child_model_run_time": [
        [
            21199318,
            21224149
        ]
    ],
    "execute_cost": 24.83099937438965,
    "finish_time": 21224156,
    "limit_cost_by_ms": 6.184333324432373,
    "model_name": "yolov2",
    "recv_time": 21199277,
    "tag": "596",
    "total_cost_by_ms": 24.878999710083008,
    "wait_cost": 0.048000335693359375
}
