{
    "child_model_execute_cost_by_ms": [
        7.164999961853027
    ],
    "child_model_run_time": [
        [
            8781105,
            8788270
        ]
    ],
    "execute_cost": 7.164999961853027,
    "finish_time": 8788277,
    "limit_cost_by_ms": 6.184333324432373,
    "model_name": "yolov2",
    "recv_time": 8781014,
    "tag": "7",
    "total_cost_by_ms": 7.263000011444092,
    "wait_cost": 0.09800004959106445
}
