{
    "child_model_execute_cost_by_ms": [
        73.60700225830078
    ],
    "child_model_run_time": [
        [
            22363870,
            22437477
        ]
    ],
    "execute_cost": 73.60700225830078,
    "finish_time": 22437483,
    "limit_cost_by_ms": 6.184333324432373,
    "model_name": "yolov2",
    "recv_time": 22363859,
    "tag": "652",
    "total_cost_by_ms": 73.6240005493164,
    "wait_cost": 0.016998291015625
}
