{
    "child_model_execute_cost_by_ms": [
        44.75699996948242
    ],
    "child_model_run_time": [
        [
            22446766,
            22491523
        ]
    ],
    "execute_cost": 44.75699996948242,
    "finish_time": 22491526,
    "limit_cost_by_ms": 46.90833282470703,
    "model_name": "vgg19",
    "recv_time": 22446645,
    "tag": "654",
    "total_cost_by_ms": 44.88100051879883,
    "wait_cost": 0.12400054931640625
}
