{
    "child_model_execute_cost_by_ms": [
        8.0649995803833
    ],
    "child_model_run_time": [
        [
            22753735,
            22761800
        ]
    ],
    "execute_cost": 8.0649995803833,
    "finish_time": 22761805,
    "limit_cost_by_ms": 7.303666591644287,
    "model_name": "squeezenetv1",
    "recv_time": 22753729,
    "tag": "668",
    "total_cost_by_ms": 8.076000213623047,
    "wait_cost": 0.011000633239746094
}
