{
    "child_model_execute_cost_by_ms": [
        39.92399978637695
    ],
    "child_model_run_time": [
        [
            23303892,
            23343816
        ]
    ],
    "execute_cost": 39.92399978637695,
    "finish_time": 23343822,
    "limit_cost_by_ms": 18.942333221435547,
    "model_name": "resnet50",
    "recv_time": 23303880,
    "tag": "695",
    "total_cost_by_ms": 39.94200134277344,
    "wait_cost": 0.018001556396484375
}
