{
    "child_model_execute_cost_by_ms": [
        41.8380012512207
    ],
    "child_model_run_time": [
        [
            23372042,
            23413880
        ]
    ],
    "execute_cost": 41.8380012512207,
    "finish_time": 23413886,
    "limit_cost_by_ms": 8.752666473388672,
    "model_name": "googlenet",
    "recv_time": 23371931,
    "tag": "698",
    "total_cost_by_ms": 41.95500183105469,
    "wait_cost": 0.11700057983398438
}
