{
    "child_model_execute_cost_by_ms": [
        48.000999450683594
    ],
    "child_model_run_time": [
        [
            23440117,
            23488118
        ]
    ],
    "execute_cost": 48.000999450683594,
    "finish_time": 23488124,
    "limit_cost_by_ms": 18.942333221435547,
    "model_name": "resnet50",
    "recv_time": 23440102,
    "tag": "701",
    "total_cost_by_ms": 48.02199935913086,
    "wait_cost": 0.020999908447265625
}
