{
    "child_model_execute_cost_by_ms": [
        9.958000183105469
    ],
    "child_model_run_time": [
        [
            23894636,
            23904594
        ]
    ],
    "execute_cost": 9.958000183105469,
    "finish_time": 23904602,
    "limit_cost_by_ms": 8.752666473388672,
    "model_name": "googlenet",
    "recv_time": 23894537,
    "tag": "722",
    "total_cost_by_ms": 10.0649995803833,
    "wait_cost": 0.10699939727783203
}
