{
    "child_model_execute_cost_by_ms": [
        61.3849983215332
    ],
    "child_model_run_time": [
        [
            24227492,
            24288877
        ]
    ],
    "execute_cost": 61.3849983215332,
    "finish_time": 24288884,
    "limit_cost_by_ms": 6.184333324432373,
    "model_name": "yolov2",
    "recv_time": 24227411,
    "tag": "740",
    "total_cost_by_ms": 61.472999572753906,
    "wait_cost": 0.08800125122070313
}
