{
    "child_model_execute_cost_by_ms": [
        41.63999938964844
    ],
    "child_model_run_time": [
        [
            24682535,
            24724175
        ]
    ],
    "execute_cost": 41.63999938964844,
    "finish_time": 24724178,
    "limit_cost_by_ms": 6.184333324432373,
    "model_name": "yolov2",
    "recv_time": 24682453,
    "tag": "761",
    "total_cost_by_ms": 41.724998474121094,
    "wait_cost": 0.08499908447265625
}
