{
    "child_model_execute_cost_by_ms": [
        51.979000091552734
    ],
    "child_model_run_time": [
        [
            24813228,
            24865207
        ]
    ],
    "execute_cost": 51.979000091552734,
    "finish_time": 24865211,
    "limit_cost_by_ms": 46.90833282470703,
    "model_name": "vgg19",
    "recv_time": 24813183,
    "tag": "767",
    "total_cost_by_ms": 52.02799987792969,
    "wait_cost": 0.048999786376953125
}
