{
    "child_model_execute_cost_by_ms": [
        47.224998474121094
    ],
    "child_model_run_time": [
        [
            25710812,
            25758037
        ]
    ],
    "execute_cost": 47.224998474121094,
    "finish_time": 25758042,
    "limit_cost_by_ms": 6.184333324432373,
    "model_name": "yolov2",
    "recv_time": 25710776,
    "tag": "809",
    "total_cost_by_ms": 47.26599884033203,
    "wait_cost": 0.0410003662109375
}
