{
    "child_model_execute_cost_by_ms": [
        6.552000045776367
    ],
    "child_model_run_time": [
        [
            25906689,
            25913241
        ]
    ],
    "execute_cost": 6.552000045776367,
    "finish_time": 25913249,
    "limit_cost_by_ms": 6.184333324432373,
    "model_name": "yolov2",
    "recv_time": 25906651,
    "tag": "818",
    "total_cost_by_ms": 6.5980000495910645,
    "wait_cost": 0.046000003814697266
}
