{
    "child_model_execute_cost_by_ms": [
        44.4900016784668
    ],
    "child_model_run_time": [
        [
            26319349,
            26363839
        ]
    ],
    "execute_cost": 44.4900016784668,
    "finish_time": 26363845,
    "limit_cost_by_ms": 46.90833282470703,
    "model_name": "vgg19",
    "recv_time": 26319275,
    "tag": "839",
    "total_cost_by_ms": 44.56999969482422,
    "wait_cost": 0.07999801635742188
}
