{
    "child_model_execute_cost_by_ms": [
        19.740999221801758
    ],
    "child_model_run_time": [
        [
            26374814,
            26394555
        ]
    ],
    "execute_cost": 19.740999221801758,
    "finish_time": 26394559,
    "limit_cost_by_ms": 18.942333221435547,
    "model_name": "resnet50",
    "recv_time": 26374720,
    "tag": "841",
    "total_cost_by_ms": 19.839000701904297,
    "wait_cost": 0.09800148010253906
}
