{
    "child_model_execute_cost_by_ms": [
        45.71099853515625
    ],
    "child_model_run_time": [
        [
            26465638,
            26511349
        ]
    ],
    "execute_cost": 45.71099853515625,
    "finish_time": 26511351,
    "limit_cost_by_ms": 46.90833282470703,
    "model_name": "vgg19",
    "recv_time": 26465453,
    "tag": "846",
    "total_cost_by_ms": 45.89799880981445,
    "wait_cost": 0.18700027465820313
}
