{
    "child_model_execute_cost_by_ms": [
        36.54100036621094
    ],
    "child_model_run_time": [
        [
            26570151,
            26606692
        ]
    ],
    "execute_cost": 36.54100036621094,
    "finish_time": 26606699,
    "limit_cost_by_ms": 8.752666473388672,
    "model_name": "googlenet",
    "recv_time": 26570145,
    "tag": "851",
    "total_cost_by_ms": 36.55400085449219,
    "wait_cost": 0.01300048828125
}
