{
    "child_model_execute_cost_by_ms": [
        53.058998107910156
    ],
    "child_model_run_time": [
        [
            10434926,
            10487985
        ]
    ],
    "execute_cost": 53.058998107910156,
    "finish_time": 10487992,
    "limit_cost_by_ms": 7.303666591644287,
    "model_name": "squeezenetv1",
    "recv_time": 10434913,
    "tag": "88",
    "total_cost_by_ms": 53.07899856567383,
    "wait_cost": 0.020000457763671875
}
