{
    "child_model_execute_cost_by_ms": [
        38.099998474121094
    ],
    "child_model_run_time": [
        [
            27045302,
            27083402
        ]
    ],
    "execute_cost": 38.099998474121094,
    "finish_time": 27083405,
    "limit_cost_by_ms": 7.303666591644287,
    "model_name": "squeezenetv1",
    "recv_time": 27045287,
    "tag": "874",
    "total_cost_by_ms": 38.11800003051758,
    "wait_cost": 0.018001556396484375
}
