{
    "child_model_execute_cost_by_ms": [
        14.04699993133545
    ],
    "child_model_run_time": [
        [
            27725301,
            27739348
        ]
    ],
    "execute_cost": 14.04699993133545,
    "finish_time": 27739353,
    "limit_cost_by_ms": 8.752666473388672,
    "model_name": "googlenet",
    "recv_time": 27725296,
    "tag": "907",
    "total_cost_by_ms": 14.057000160217285,
    "wait_cost": 0.010000228881835938
}
