{
    "child_model_execute_cost_by_ms": [
        13.086999893188477
    ],
    "child_model_run_time": [
        [
            27808411,
            27821498
        ]
    ],
    "execute_cost": 13.086999893188477,
    "finish_time": 27821504,
    "limit_cost_by_ms": 6.184333324432373,
    "model_name": "yolov2",
    "recv_time": 27808376,
    "tag": "911",
    "total_cost_by_ms": 13.128000259399414,
    "wait_cost": 0.0410003662109375
}
