{
    "child_model_execute_cost_by_ms": [
        8.232000350952148
    ],
    "child_model_run_time": [
        [
            28185811,
            28194043
        ]
    ],
    "execute_cost": 8.232000350952148,
    "finish_time": 28194045,
    "limit_cost_by_ms": 7.303666591644287,
    "model_name": "squeezenetv1",
    "recv_time": 28185799,
    "tag": "929",
    "total_cost_by_ms": 8.246000289916992,
    "wait_cost": 0.01399993896484375
}
