{
    "child_model_execute_cost_by_ms": [
        44.073001861572266
    ],
    "child_model_run_time": [
        [
            10587309,
            10631382
        ]
    ],
    "execute_cost": 44.073001861572266,
    "finish_time": 10631389,
    "limit_cost_by_ms": 46.90833282470703,
    "model_name": "vgg19",
    "recv_time": 10587296,
    "tag": "94",
    "total_cost_by_ms": 44.09299850463867,
    "wait_cost": 0.01999664306640625
}
