{
    "child_model_execute_cost_by_ms": [
        55.73099899291992
    ],
    "child_model_run_time": [
        [
            28527013,
            28582744
        ]
    ],
    "execute_cost": 55.73099899291992,
    "finish_time": 28582750,
    "limit_cost_by_ms": 6.184333324432373,
    "model_name": "yolov2",
    "recv_time": 28527000,
    "tag": "947",
    "total_cost_by_ms": 55.75,
    "wait_cost": 0.019001007080078125
}
