{
    "child_model_execute_cost_by_ms": [
        8.343000411987305
    ],
    "child_model_run_time": [
        [
            10649131,
            10657474
        ]
    ],
    "execute_cost": 8.343000411987305,
    "finish_time": 10657481,
    "limit_cost_by_ms": 7.303666591644287,
    "model_name": "squeezenetv1",
    "recv_time": 10649068,
    "tag": "97",
    "total_cost_by_ms": 8.413000106811523,
    "wait_cost": 0.06999969482421875
}
