{
    "child_model_execute_cost_by_ms": [
        25.875
    ],
    "child_model_run_time": [
        [
            28898300,
            28924175
        ]
    ],
    "execute_cost": 25.875,
    "finish_time": 28924180,
    "limit_cost_by_ms": 8.752666473388672,
    "model_name": "googlenet",
    "recv_time": 28898293,
    "tag": "964",
    "total_cost_by_ms": 25.886999130249023,
    "wait_cost": 0.011999130249023438
}
