{
    "child_model_execute_cost_by_ms": [
        6.604000091552734
    ],
    "child_model_run_time": [
        [
            29063524,
            29070128
        ]
    ],
    "execute_cost": 6.604000091552734,
    "finish_time": 29070135,
    "limit_cost_by_ms": 6.184333324432373,
    "model_name": "yolov2",
    "recv_time": 29063512,
    "tag": "971",
    "total_cost_by_ms": 6.623000144958496,
    "wait_cost": 0.01900005340576172
}
