{
    "child_model_execute_cost_by_ms": [
        45.58100128173828
    ],
    "child_model_run_time": [
        [
            29160586,
            29206167
        ]
    ],
    "execute_cost": 45.58100128173828,
    "finish_time": 29206175,
    "limit_cost_by_ms": 46.90833282470703,
    "model_name": "vgg19",
    "recv_time": 29160531,
    "tag": "976",
    "total_cost_by_ms": 45.64400100708008,
    "wait_cost": 0.06299972534179688
}
