{
    "child_model_execute_cost_by_ms": [
        43.95600128173828
    ],
    "child_model_run_time": [
        [
            29180414,
            29224370
        ]
    ],
    "execute_cost": 43.95600128173828,
    "finish_time": 29224374,
    "limit_cost_by_ms": 7.303666591644287,
    "model_name": "squeezenetv1",
    "recv_time": 29180399,
    "tag": "978",
    "total_cost_by_ms": 43.974998474121094,
    "wait_cost": 0.0189971923828125
}
