name,min,avg,max
googlenet,1.0292186818065823,2.1342625864562708,5.13685510692623
squeezenetv1,1.0929572429160268,2.383808120684151,4.937540400585148
yolov2,1.17319428163263,2.5994476763524554,4.785803106878317
vgg19,1.1743934312146558,1.6265278377958592,2.385690509424788
resnet50,1.1851394882331823,1.9253667304204591,3.4743375663975127
total,1.0292186818065823,2.1083621890212387,5.13685510692623
