name,Std. Deviation of RR
googlenet,0.8594632797695283
squeezenetv1,0.9854966173208329
yolov2,1.0335086105818778
vgg19,0.34671695320337376
resnet50,0.5562161835515012
total,0.8629036660178628
