name,Max RR
DLIR,5.13685510692623
BNST,8.866406428454754
FIFO,11.482049908939796
OYST,4.859002359684064
PARALLEL,15.430604464154982
