name,Average RR
DLIR,2.1083621890212387
BNST,2.3046602807744474
FIFO,2.508821071927117
OYST,2.103425235752557
PARALLEL,3.059418589731961
