name,Std. Deviation of RR
DLIR,0.8629036660178628
BNST,1.8243732796672554
FIFO,2.087867759988032
OYST,0.8694480172471251
PARALLEL,2.6987512373627625
