name,Average RR, Max RR
DLIR,2.1083621890212387,5.13685510692623
BNST,2.3046602807744474,8.866406428454754
FIFO,2.508821071927117,11.482049908939796
OYST,2.103425235752557,4.859002359684064
PARALLEL,3.059418589731961,15.430604464154982
