{
    "child_model_execute_cost_by_ms": [
        53.52299880981445
    ],
    "child_model_run_time": [
        [
            10987754,
            11041277
        ]
    ],
    "execute_cost": 53.52299880981445,
    "finish_time": 11041284,
    "limit_cost_by_ms": 46.82600021362305,
    "model_name": "vgg19",
    "recv_time": 10987573,
    "tag": "118",
    "total_cost_by_ms": 53.71099853515625,
    "wait_cost": 0.18799972534179688
}
