{
    "child_model_execute_cost_by_ms": [
        20.750999450683594
    ],
    "child_model_run_time": [
        [
            11028003,
            11048754
        ]
    ],
    "execute_cost": 20.750999450683594,
    "finish_time": 11048759,
    "limit_cost_by_ms": 6.129000186920166,
    "model_name": "yolov2",
    "recv_time": 11027831,
    "tag": "119",
    "total_cost_by_ms": 20.92799949645996,
    "wait_cost": 0.1770000457763672
}
