{
    "child_model_execute_cost_by_ms": [
        53.42900085449219
    ],
    "child_model_run_time": [
        [
            11267224,
            11320653
        ]
    ],
    "execute_cost": 53.42900085449219,
    "finish_time": 11320658,
    "limit_cost_by_ms": 46.82600021362305,
    "model_name": "vgg19",
    "recv_time": 11267161,
    "tag": "132",
    "total_cost_by_ms": 53.49700164794922,
    "wait_cost": 0.06800079345703125
}
