{
    "child_model_execute_cost_by_ms": [
        46.819000244140625
    ],
    "child_model_run_time": [
        [
            11292014,
            11338833
        ]
    ],
    "execute_cost": 46.819000244140625,
    "finish_time": 11338835,
    "limit_cost_by_ms": 8.807000160217285,
    "model_name": "googlenet",
    "recv_time": 11291999,
    "tag": "134",
    "total_cost_by_ms": 46.83599853515625,
    "wait_cost": 0.016998291015625
}
