{
    "child_model_execute_cost_by_ms": [
        52.50699996948242
    ],
    "child_model_run_time": [
        [
            11495358,
            11547865
        ]
    ],
    "execute_cost": 52.50699996948242,
    "finish_time": 11547872,
    "limit_cost_by_ms": 7.269000053405762,
    "model_name": "squeezenetv1",
    "recv_time": 11495344,
    "tag": "145",
    "total_cost_by_ms": 52.52799987792969,
    "wait_cost": 0.020999908447265625
}
