{
    "child_model_execute_cost_by_ms": [
        23.489999771118164
    ],
    "child_model_run_time": [
        [
            11626528,
            11650018
        ]
    ],
    "execute_cost": 23.489999771118164,
    "finish_time": 11650022,
    "limit_cost_by_ms": 7.269000053405762,
    "model_name": "squeezenetv1",
    "recv_time": 11626515,
    "tag": "150",
    "total_cost_by_ms": 23.506999969482422,
    "wait_cost": 0.017000198364257813
}
