{
    "child_model_execute_cost_by_ms": [
        24.917999267578125
    ],
    "child_model_run_time": [
        [
            11963898,
            11988816
        ]
    ],
    "execute_cost": 24.917999267578125,
    "finish_time": 11988819,
    "limit_cost_by_ms": 8.807000160217285,
    "model_name": "googlenet",
    "recv_time": 11963885,
    "tag": "169",
    "total_cost_by_ms": 24.93400001525879,
    "wait_cost": 0.016000747680664063
}
