{
    "child_model_execute_cost_by_ms": [
        6.295000076293945
    ],
    "child_model_run_time": [
        [
            12053258,
            12059553
        ]
    ],
    "execute_cost": 6.295000076293945,
    "finish_time": 12059558,
    "limit_cost_by_ms": 6.129000186920166,
    "model_name": "yolov2",
    "recv_time": 12053176,
    "tag": "172",
    "total_cost_by_ms": 6.381999969482422,
    "wait_cost": 0.08699989318847656
}
