{
    "child_model_execute_cost_by_ms": [
        6.572000026702881
    ],
    "child_model_run_time": [
        [
            12590356,
            12596928
        ]
    ],
    "execute_cost": 6.572000026702881,
    "finish_time": 12596935,
    "limit_cost_by_ms": 6.129000186920166,
    "model_name": "yolov2",
    "recv_time": 12590187,
    "tag": "201",
    "total_cost_by_ms": 6.748000144958496,
    "wait_cost": 0.17600011825561523
}
