{
    "child_model_execute_cost_by_ms": [
        44.0369987487793
    ],
    "child_model_run_time": [
        [
            12823109,
            12867146
        ]
    ],
    "execute_cost": 44.0369987487793,
    "finish_time": 12867153,
    "limit_cost_by_ms": 46.82600021362305,
    "model_name": "vgg19",
    "recv_time": 12823095,
    "tag": "215",
    "total_cost_by_ms": 44.05799865722656,
    "wait_cost": 0.020999908447265625
}
