{
    "child_model_execute_cost_by_ms": [
        23.77400016784668
    ],
    "child_model_run_time": [
        [
            12961351,
            12985125
        ]
    ],
    "execute_cost": 23.77400016784668,
    "finish_time": 12985130,
    "limit_cost_by_ms": 8.807000160217285,
    "model_name": "googlenet",
    "recv_time": 12961183,
    "tag": "221",
    "total_cost_by_ms": 23.94700050354004,
    "wait_cost": 0.17300033569335938
}
