{
    "child_model_execute_cost_by_ms": [
        35.77000045776367
    ],
    "child_model_run_time": [
        [
            13158792,
            13194562
        ]
    ],
    "execute_cost": 35.77000045776367,
    "finish_time": 13194565,
    "limit_cost_by_ms": 8.807000160217285,
    "model_name": "googlenet",
    "recv_time": 13158662,
    "tag": "232",
    "total_cost_by_ms": 35.90299987792969,
    "wait_cost": 0.13299942016601563
}
