{
    "child_model_execute_cost_by_ms": [
        8.432999610900879
    ],
    "child_model_run_time": [
        [
            13659540,
            13667973
        ]
    ],
    "execute_cost": 8.432999610900879,
    "finish_time": 13667980,
    "limit_cost_by_ms": 7.269000053405762,
    "model_name": "squeezenetv1",
    "recv_time": 13659523,
    "tag": "259",
    "total_cost_by_ms": 8.456999778747559,
    "wait_cost": 0.024000167846679688
}
