{
    "child_model_execute_cost_by_ms": [
        44.46799850463867
    ],
    "child_model_run_time": [
        [
            13668391,
            13712859
        ]
    ],
    "execute_cost": 44.46799850463867,
    "finish_time": 13712863,
    "limit_cost_by_ms": 46.82600021362305,
    "model_name": "vgg19",
    "recv_time": 13668375,
    "tag": "260",
    "total_cost_by_ms": 44.487998962402344,
    "wait_cost": 0.020000457763671875
}
