{
    "child_model_execute_cost_by_ms": [
        17.66200065612793
    ],
    "child_model_run_time": [
        [
            14022242,
            14039904
        ]
    ],
    "execute_cost": 17.66200065612793,
    "finish_time": 14039908,
    "limit_cost_by_ms": 8.807000160217285,
    "model_name": "googlenet",
    "recv_time": 14022235,
    "tag": "277",
    "total_cost_by_ms": 17.67300033569336,
    "wait_cost": 0.010999679565429688
}
