{
    "child_model_execute_cost_by_ms": [
        44.12699890136719
    ],
    "child_model_run_time": [
        [
            14144181,
            14188308
        ]
    ],
    "execute_cost": 44.12699890136719,
    "finish_time": 14188315,
    "limit_cost_by_ms": 46.82600021362305,
    "model_name": "vgg19",
    "recv_time": 14144169,
    "tag": "285",
    "total_cost_by_ms": 44.145999908447266,
    "wait_cost": 0.019001007080078125
}
