{
    "child_model_execute_cost_by_ms": [
        50.60599899291992
    ],
    "child_model_run_time": [
        [
            14266098,
            14316704
        ]
    ],
    "execute_cost": 50.60599899291992,
    "finish_time": 14316707,
    "limit_cost_by_ms": 19.195999145507813,
    "model_name": "resnet50",
    "recv_time": 14266085,
    "tag": "291",
    "total_cost_by_ms": 50.62200164794922,
    "wait_cost": 0.016002655029296875
}
