{
    "child_model_execute_cost_by_ms": [
        8.805000305175781
    ],
    "child_model_run_time": [
        [
            14500979,
            14509784
        ]
    ],
    "execute_cost": 8.805000305175781,
    "finish_time": 14509788,
    "limit_cost_by_ms": 7.269000053405762,
    "model_name": "squeezenetv1",
    "recv_time": 14500968,
    "tag": "303",
    "total_cost_by_ms": 8.819999694824219,
    "wait_cost": 0.0149993896484375
}
