{
    "child_model_execute_cost_by_ms": [
        17.55900001525879
    ],
    "child_model_run_time": [
        [
            14992339,
            15009898
        ]
    ],
    "execute_cost": 17.55900001525879,
    "finish_time": 15009903,
    "limit_cost_by_ms": 7.269000053405762,
    "model_name": "squeezenetv1",
    "recv_time": 14992173,
    "tag": "329",
    "total_cost_by_ms": 17.729999542236328,
    "wait_cost": 0.17099952697753906
}
