{
    "child_model_execute_cost_by_ms": [
        9.590999603271484
    ],
    "child_model_run_time": [
        [
            15580191,
            15589782
        ]
    ],
    "execute_cost": 9.590999603271484,
    "finish_time": 15589788,
    "limit_cost_by_ms": 8.807000160217285,
    "model_name": "googlenet",
    "recv_time": 15580102,
    "tag": "358",
    "total_cost_by_ms": 9.685999870300293,
    "wait_cost": 0.0950002670288086
}
