{
    "child_model_execute_cost_by_ms": [
        9.855999946594238
    ],
    "child_model_run_time": [
        [
            15770794,
            15780650
        ]
    ],
    "execute_cost": 9.855999946594238,
    "finish_time": 15780659,
    "limit_cost_by_ms": 8.807000160217285,
    "model_name": "googlenet",
    "recv_time": 15770687,
    "tag": "368",
    "total_cost_by_ms": 9.972000122070313,
    "wait_cost": 0.11600017547607422
}
