{
    "child_model_execute_cost_by_ms": [
        32.28900146484375
    ],
    "child_model_run_time": [
        [
            16129708,
            16161997
        ]
    ],
    "execute_cost": 32.28900146484375,
    "finish_time": 16162007,
    "limit_cost_by_ms": 6.129000186920166,
    "model_name": "yolov2",
    "recv_time": 16129606,
    "tag": "387",
    "total_cost_by_ms": 32.4010009765625,
    "wait_cost": 0.11199951171875
}
