{
    "child_model_execute_cost_by_ms": [
        43.9370002746582
    ],
    "child_model_run_time": [
        [
            16202412,
            16246349
        ]
    ],
    "execute_cost": 43.9370002746582,
    "finish_time": 16246355,
    "limit_cost_by_ms": 46.82600021362305,
    "model_name": "vgg19",
    "recv_time": 16202264,
    "tag": "391",
    "total_cost_by_ms": 44.090999603271484,
    "wait_cost": 0.15399932861328125
}
