{
    "child_model_execute_cost_by_ms": [
        10.012999534606934
    ],
    "child_model_run_time": [
        [
            16263227,
            16273240
        ]
    ],
    "execute_cost": 10.012999534606934,
    "finish_time": 16273248,
    "limit_cost_by_ms": 8.807000160217285,
    "model_name": "googlenet",
    "recv_time": 16263208,
    "tag": "394",
    "total_cost_by_ms": 10.039999961853027,
    "wait_cost": 0.02700042724609375
}
