{
    "child_model_execute_cost_by_ms": [
        50.59700012207031
    ],
    "child_model_run_time": [
        [
            16296410,
            16347007
        ]
    ],
    "execute_cost": 50.59700012207031,
    "finish_time": 16347012,
    "limit_cost_by_ms": 6.129000186920166,
    "model_name": "yolov2",
    "recv_time": 16296300,
    "tag": "397",
    "total_cost_by_ms": 50.71200180053711,
    "wait_cost": 0.11500167846679688
}
