{
    "child_model_execute_cost_by_ms": [
        55.91999816894531
    ],
    "child_model_run_time": [
        [
            9519544,
            9575464
        ]
    ],
    "execute_cost": 55.91999816894531,
    "finish_time": 9575470,
    "limit_cost_by_ms": 46.82600021362305,
    "model_name": "vgg19",
    "recv_time": 9519430,
    "tag": "41",
    "total_cost_by_ms": 56.040000915527344,
    "wait_cost": 0.12000274658203125
}
