{
    "child_model_execute_cost_by_ms": [
        45.10599899291992
    ],
    "child_model_run_time": [
        [
            16678679,
            16723785
        ]
    ],
    "execute_cost": 45.10599899291992,
    "finish_time": 16723792,
    "limit_cost_by_ms": 46.82600021362305,
    "model_name": "vgg19",
    "recv_time": 16678659,
    "tag": "417",
    "total_cost_by_ms": 45.132999420166016,
    "wait_cost": 0.02700042724609375
}
