{
    "child_model_execute_cost_by_ms": [
        8.701000213623047
    ],
    "child_model_run_time": [
        [
            17147024,
            17155725
        ]
    ],
    "execute_cost": 8.701000213623047,
    "finish_time": 17155733,
    "limit_cost_by_ms": 7.269000053405762,
    "model_name": "squeezenetv1",
    "recv_time": 17147006,
    "tag": "442",
    "total_cost_by_ms": 8.72700023651123,
    "wait_cost": 0.026000022888183594
}
