{
    "child_model_execute_cost_by_ms": [
        44.11199951171875
    ],
    "child_model_run_time": [
        [
            17156111,
            17200223
        ]
    ],
    "execute_cost": 44.11199951171875,
    "finish_time": 17200230,
    "limit_cost_by_ms": 46.82600021362305,
    "model_name": "vgg19",
    "recv_time": 17156100,
    "tag": "443",
    "total_cost_by_ms": 44.130001068115234,
    "wait_cost": 0.018001556396484375
}
