{
    "child_model_execute_cost_by_ms": [
        9.777000427246094
    ],
    "child_model_run_time": [
        [
            17200647,
            17210424
        ]
    ],
    "execute_cost": 9.777000427246094,
    "finish_time": 17210431,
    "limit_cost_by_ms": 8.807000160217285,
    "model_name": "googlenet",
    "recv_time": 17200561,
    "tag": "444",
    "total_cost_by_ms": 9.869999885559082,
    "wait_cost": 0.09299945831298828
}
