{
    "child_model_execute_cost_by_ms": [
        9.88700008392334
    ],
    "child_model_run_time": [
        [
            17579545,
            17589432
        ]
    ],
    "execute_cost": 9.88700008392334,
    "finish_time": 17589440,
    "limit_cost_by_ms": 8.807000160217285,
    "model_name": "googlenet",
    "recv_time": 17579445,
    "tag": "464",
    "total_cost_by_ms": 9.994999885559082,
    "wait_cost": 0.10799980163574219
}
