{
    "child_model_execute_cost_by_ms": [
        6.589000225067139
    ],
    "child_model_run_time": [
        [
            17609663,
            17616252
        ]
    ],
    "execute_cost": 6.589000225067139,
    "finish_time": 17616256,
    "limit_cost_by_ms": 6.129000186920166,
    "model_name": "yolov2",
    "recv_time": 17609567,
    "tag": "466",
    "total_cost_by_ms": 6.689000129699707,
    "wait_cost": 0.09999990463256836
}
