{
    "child_model_execute_cost_by_ms": [
        18.937000274658203
    ],
    "child_model_run_time": [
        [
            17787720,
            17806657
        ]
    ],
    "execute_cost": 18.937000274658203,
    "finish_time": 17806664,
    "limit_cost_by_ms": 7.269000053405762,
    "model_name": "squeezenetv1",
    "recv_time": 17787626,
    "tag": "476",
    "total_cost_by_ms": 19.038000106811523,
    "wait_cost": 0.10099983215332031
}
