{
    "child_model_execute_cost_by_ms": [
        45.1150016784668
    ],
    "child_model_run_time": [
        [
            17814316,
            17859431
        ]
    ],
    "execute_cost": 45.1150016784668,
    "finish_time": 17859438,
    "limit_cost_by_ms": 46.82600021362305,
    "model_name": "vgg19",
    "recv_time": 17814304,
    "tag": "478",
    "total_cost_by_ms": 45.13399887084961,
    "wait_cost": 0.0189971923828125
}
