{
    "child_model_execute_cost_by_ms": [
        6.486000061035156
    ],
    "child_model_run_time": [
        [
            17998713,
            18005199
        ]
    ],
    "execute_cost": 6.486000061035156,
    "finish_time": 18005204,
    "limit_cost_by_ms": 6.129000186920166,
    "model_name": "yolov2",
    "recv_time": 17998698,
    "tag": "487",
    "total_cost_by_ms": 6.50600004196167,
    "wait_cost": 0.019999980926513672
}
