{
    "child_model_execute_cost_by_ms": [
        6.900000095367432
    ],
    "child_model_run_time": [
        [
            18262529,
            18269429
        ]
    ],
    "execute_cost": 6.900000095367432,
    "finish_time": 18269433,
    "limit_cost_by_ms": 6.129000186920166,
    "model_name": "yolov2",
    "recv_time": 18262521,
    "tag": "501",
    "total_cost_by_ms": 6.9120001792907715,
    "wait_cost": 0.012000083923339844
}
