{
    "child_model_execute_cost_by_ms": [
        43.97200012207031
    ],
    "child_model_run_time": [
        [
            18370803,
            18414775
        ]
    ],
    "execute_cost": 43.97200012207031,
    "finish_time": 18414781,
    "limit_cost_by_ms": 46.82600021362305,
    "model_name": "vgg19",
    "recv_time": 18370789,
    "tag": "508",
    "total_cost_by_ms": 43.992000579833984,
    "wait_cost": 0.020000457763671875
}
