{
    "child_model_execute_cost_by_ms": [
        86.75199890136719
    ],
    "child_model_run_time": [
        [
            9728806,
            9815558
        ]
    ],
    "execute_cost": 86.75199890136719,
    "finish_time": 9815564,
    "limit_cost_by_ms": 8.807000160217285,
    "model_name": "googlenet",
    "recv_time": 9728791,
    "tag": "52",
    "total_cost_by_ms": 86.77300262451172,
    "wait_cost": 0.02100372314453125
}
