{
    "child_model_execute_cost_by_ms": [
        45.111000061035156
    ],
    "child_model_run_time": [
        [
            18842340,
            18887451
        ]
    ],
    "execute_cost": 45.111000061035156,
    "finish_time": 18887457,
    "limit_cost_by_ms": 46.82600021362305,
    "model_name": "vgg19",
    "recv_time": 18842320,
    "tag": "532",
    "total_cost_by_ms": 45.137001037597656,
    "wait_cost": 0.0260009765625
}
