{
    "child_model_execute_cost_by_ms": [
        30.082000732421875
    ],
    "child_model_run_time": [
        [
            19382630,
            19412712
        ]
    ],
    "execute_cost": 30.082000732421875,
    "finish_time": 19412718,
    "limit_cost_by_ms": 19.195999145507813,
    "model_name": "resnet50",
    "recv_time": 19382613,
    "tag": "560",
    "total_cost_by_ms": 30.104999542236328,
    "wait_cost": 0.022998809814453125
}
