{
    "child_model_execute_cost_by_ms": [
        45.262001037597656
    ],
    "child_model_run_time": [
        [
            19509678,
            19554940
        ]
    ],
    "execute_cost": 45.262001037597656,
    "finish_time": 19554947,
    "limit_cost_by_ms": 46.82600021362305,
    "model_name": "vgg19",
    "recv_time": 19509658,
    "tag": "567",
    "total_cost_by_ms": 45.28900146484375,
    "wait_cost": 0.02700042724609375
}
