{
    "child_model_execute_cost_by_ms": [
        40.95399856567383
    ],
    "child_model_run_time": [
        [
            19538360,
            19579314
        ]
    ],
    "execute_cost": 40.95399856567383,
    "finish_time": 19579318,
    "limit_cost_by_ms": 8.807000160217285,
    "model_name": "googlenet",
    "recv_time": 19538258,
    "tag": "568",
    "total_cost_by_ms": 41.060001373291016,
    "wait_cost": 0.1060028076171875
}
