{
    "child_model_execute_cost_by_ms": [
        20.695999145507813
    ],
    "child_model_run_time": [
        [
            19750661,
            19771357
        ]
    ],
    "execute_cost": 20.695999145507813,
    "finish_time": 19771361,
    "limit_cost_by_ms": 8.807000160217285,
    "model_name": "googlenet",
    "recv_time": 19750499,
    "tag": "578",
    "total_cost_by_ms": 20.86199951171875,
    "wait_cost": 0.1660003662109375
}
