{
    "child_model_execute_cost_by_ms": [
        45.42399978637695
    ],
    "child_model_run_time": [
        [
            19799093,
            19844517
        ]
    ],
    "execute_cost": 45.42399978637695,
    "finish_time": 19844519,
    "limit_cost_by_ms": 46.82600021362305,
    "model_name": "vgg19",
    "recv_time": 19798989,
    "tag": "582",
    "total_cost_by_ms": 45.529998779296875,
    "wait_cost": 0.10599899291992188
}
