{
    "child_model_execute_cost_by_ms": [
        9.878999710083008
    ],
    "child_model_run_time": [
        [
            20136888,
            20146767
        ]
    ],
    "execute_cost": 9.878999710083008,
    "finish_time": 20146772,
    "limit_cost_by_ms": 8.807000160217285,
    "model_name": "googlenet",
    "recv_time": 20136880,
    "tag": "599",
    "total_cost_by_ms": 9.892000198364258,
    "wait_cost": 0.01300048828125
}
