{
    "child_model_execute_cost_by_ms": [
        45.29899978637695
    ],
    "child_model_run_time": [
        [
            8846551,
            8891850
        ]
    ],
    "execute_cost": 45.29899978637695,
    "finish_time": 8891856,
    "limit_cost_by_ms": 19.195999145507813,
    "model_name": "resnet50",
    "recv_time": 8846543,
    "tag": "8",
    "total_cost_by_ms": 45.3129997253418,
    "wait_cost": 0.01399993896484375
}
