{
    "child_model_execute_cost_by_ms": [
        45.005001068115234
    ],
    "child_model_run_time": [
        [
            20174900,
            20219905
        ]
    ],
    "execute_cost": 45.005001068115234,
    "finish_time": 20219909,
    "limit_cost_by_ms": 46.82600021362305,
    "model_name": "vgg19",
    "recv_time": 20174789,
    "tag": "602",
    "total_cost_by_ms": 45.119998931884766,
    "wait_cost": 0.11499786376953125
}
