{
    "child_model_execute_cost_by_ms": [
        22.601999282836914
    ],
    "child_model_run_time": [
        [
            10000385,
            10022987
        ]
    ],
    "execute_cost": 22.601999282836914,
    "finish_time": 10022993,
    "limit_cost_by_ms": 7.269000053405762,
    "model_name": "squeezenetv1",
    "recv_time": 9999965,
    "tag": "65",
    "total_cost_by_ms": 23.027999877929688,
    "wait_cost": 0.42600059509277344
}
