{
    "child_model_execute_cost_by_ms": [
        44.643001556396484
    ],
    "child_model_run_time": [
        [
            20917312,
            20961955
        ]
    ],
    "execute_cost": 44.643001556396484,
    "finish_time": 20961961,
    "limit_cost_by_ms": 46.82600021362305,
    "model_name": "vgg19",
    "recv_time": 20917298,
    "tag": "641",
    "total_cost_by_ms": 44.66299819946289,
    "wait_cost": 0.01999664306640625
}
