{
    "child_model_execute_cost_by_ms": [
        40.36800003051758
    ],
    "child_model_run_time": [
        [
            21505833,
            21546201
        ]
    ],
    "execute_cost": 40.36800003051758,
    "finish_time": 21546208,
    "limit_cost_by_ms": 19.195999145507813,
    "model_name": "resnet50",
    "recv_time": 21505818,
    "tag": "672",
    "total_cost_by_ms": 40.38999938964844,
    "wait_cost": 0.021999359130859375
}
