{
    "child_model_execute_cost_by_ms": [
        20.913999557495117
    ],
    "child_model_run_time": [
        [
            21642358,
            21663272
        ]
    ],
    "execute_cost": 20.913999557495117,
    "finish_time": 21663277,
    "limit_cost_by_ms": 6.129000186920166,
    "model_name": "yolov2",
    "recv_time": 21642346,
    "tag": "679",
    "total_cost_by_ms": 20.930999755859375,
    "wait_cost": 0.017000198364257813
}
