{
    "child_model_execute_cost_by_ms": [
        10.82800006866455
    ],
    "child_model_run_time": [
        [
            22024755,
            22035583
        ]
    ],
    "execute_cost": 10.82800006866455,
    "finish_time": 22035591,
    "limit_cost_by_ms": 8.807000160217285,
    "model_name": "googlenet",
    "recv_time": 22024667,
    "tag": "698",
    "total_cost_by_ms": 10.923999786376953,
    "wait_cost": 0.09599971771240234
}
