{
    "child_model_execute_cost_by_ms": [
        37.29399871826172
    ],
    "child_model_run_time": [
        [
            10168676,
            10205970
        ]
    ],
    "execute_cost": 37.29399871826172,
    "finish_time": 10205978,
    "limit_cost_by_ms": 6.129000186920166,
    "model_name": "yolov2",
    "recv_time": 10168591,
    "tag": "74",
    "total_cost_by_ms": 37.387001037597656,
    "wait_cost": 0.0930023193359375
}
