{
    "child_model_execute_cost_by_ms": [
        46.356998443603516
    ],
    "child_model_run_time": [
        [
            22631050,
            22677407
        ]
    ],
    "execute_cost": 46.356998443603516,
    "finish_time": 22677412,
    "limit_cost_by_ms": 46.82600021362305,
    "model_name": "vgg19",
    "recv_time": 22631038,
    "tag": "732",
    "total_cost_by_ms": 46.374000549316406,
    "wait_cost": 0.017002105712890625
}
