{
    "child_model_execute_cost_by_ms": [
        60.50600051879883
    ],
    "child_model_run_time": [
        [
            22714153,
            22774659
        ]
    ],
    "execute_cost": 60.50600051879883,
    "finish_time": 22774664,
    "limit_cost_by_ms": 46.82600021362305,
    "model_name": "vgg19",
    "recv_time": 22714052,
    "tag": "737",
    "total_cost_by_ms": 60.61199951171875,
    "wait_cost": 0.10599899291992188
}
