{
    "child_model_execute_cost_by_ms": [
        27.183000564575195
    ],
    "child_model_run_time": [
        [
            23258277,
            23285460
        ]
    ],
    "execute_cost": 27.183000564575195,
    "finish_time": 23285466,
    "limit_cost_by_ms": 8.807000160217285,
    "model_name": "googlenet",
    "recv_time": 23258268,
    "tag": "764",
    "total_cost_by_ms": 27.197999954223633,
    "wait_cost": 0.0149993896484375
}
