{
    "child_model_execute_cost_by_ms": [
        45.40599822998047
    ],
    "child_model_run_time": [
        [
            23873723,
            23919129
        ]
    ],
    "execute_cost": 45.40599822998047,
    "finish_time": 23919134,
    "limit_cost_by_ms": 46.82600021362305,
    "model_name": "vgg19",
    "recv_time": 23873608,
    "tag": "796",
    "total_cost_by_ms": 45.5260009765625,
    "wait_cost": 0.12000274658203125
}
