{
    "child_model_execute_cost_by_ms": [
        19.400999069213867
    ],
    "child_model_run_time": [
        [
            23950222,
            23969623
        ]
    ],
    "execute_cost": 19.400999069213867,
    "finish_time": 23969630,
    "limit_cost_by_ms": 19.195999145507813,
    "model_name": "resnet50",
    "recv_time": 23950061,
    "tag": "800",
    "total_cost_by_ms": 19.569000244140625,
    "wait_cost": 0.1680011749267578
}
