{
    "child_model_execute_cost_by_ms": [
        9.840999603271484
    ],
    "child_model_run_time": [
        [
            10307345,
            10317186
        ]
    ],
    "execute_cost": 9.840999603271484,
    "finish_time": 10317195,
    "limit_cost_by_ms": 8.807000160217285,
    "model_name": "googlenet",
    "recv_time": 10307204,
    "tag": "81",
    "total_cost_by_ms": 9.991000175476074,
    "wait_cost": 0.15000057220458984
}
