{
    "child_model_execute_cost_by_ms": [
        44.87200164794922
    ],
    "child_model_run_time": [
        [
            23970133,
            24015005
        ]
    ],
    "execute_cost": 44.87200164794922,
    "finish_time": 24015009,
    "limit_cost_by_ms": 46.82600021362305,
    "model_name": "vgg19",
    "recv_time": 23970018,
    "tag": "801",
    "total_cost_by_ms": 44.99100112915039,
    "wait_cost": 0.11899948120117188
}
