{
    "child_model_execute_cost_by_ms": [
        16.56399917602539
    ],
    "child_model_run_time": [
        [
            24151885,
            24168449
        ]
    ],
    "execute_cost": 16.56399917602539,
    "finish_time": 24168455,
    "limit_cost_by_ms": 6.129000186920166,
    "model_name": "yolov2",
    "recv_time": 24151871,
    "tag": "811",
    "total_cost_by_ms": 16.583999633789063,
    "wait_cost": 0.020000457763671875
}
