{
    "child_model_execute_cost_by_ms": [
        12.140000343322754
    ],
    "child_model_run_time": [
        [
            24315623,
            24327763
        ]
    ],
    "execute_cost": 12.140000343322754,
    "finish_time": 24327770,
    "limit_cost_by_ms": 7.269000053405762,
    "model_name": "squeezenetv1",
    "recv_time": 24315610,
    "tag": "819",
    "total_cost_by_ms": 12.15999984741211,
    "wait_cost": 0.01999950408935547
}
