{
    "child_model_execute_cost_by_ms": [
        8.654999732971191
    ],
    "child_model_run_time": [
        [
            24611391,
            24620046
        ]
    ],
    "execute_cost": 8.654999732971191,
    "finish_time": 24620053,
    "limit_cost_by_ms": 7.269000053405762,
    "model_name": "squeezenetv1",
    "recv_time": 24611378,
    "tag": "834",
    "total_cost_by_ms": 8.675000190734863,
    "wait_cost": 0.020000457763671875
}
