{
    "child_model_execute_cost_by_ms": [
        70.84600067138672
    ],
    "child_model_run_time": [
        [
            24620656,
            24691502
        ]
    ],
    "execute_cost": 70.84600067138672,
    "finish_time": 24691511,
    "limit_cost_by_ms": 19.195999145507813,
    "model_name": "resnet50",
    "recv_time": 24620566,
    "tag": "836",
    "total_cost_by_ms": 70.94499969482422,
    "wait_cost": 0.0989990234375
}
