{
    "child_model_execute_cost_by_ms": [
        57.3129997253418
    ],
    "child_model_run_time": [
        [
            24659768,
            24717081
        ]
    ],
    "execute_cost": 57.3129997253418,
    "finish_time": 24717089,
    "limit_cost_by_ms": 6.129000186920166,
    "model_name": "yolov2",
    "recv_time": 24659663,
    "tag": "837",
    "total_cost_by_ms": 57.42599868774414,
    "wait_cost": 0.11299896240234375
}
