{
    "child_model_execute_cost_by_ms": [
        12.892999649047852
    ],
    "child_model_run_time": [
        [
            10385625,
            10398518
        ]
    ],
    "execute_cost": 12.892999649047852,
    "finish_time": 10398523,
    "limit_cost_by_ms": 7.269000053405762,
    "model_name": "squeezenetv1",
    "recv_time": 10385618,
    "tag": "85",
    "total_cost_by_ms": 12.904999732971191,
    "wait_cost": 0.012000083923339844
}
