{
    "child_model_execute_cost_by_ms": [
        56.40299987792969
    ],
    "child_model_run_time": [
        [
            24840026,
            24896429
        ]
    ],
    "execute_cost": 56.40299987792969,
    "finish_time": 24896434,
    "limit_cost_by_ms": 46.82600021362305,
    "model_name": "vgg19",
    "recv_time": 24835959,
    "tag": "846",
    "total_cost_by_ms": 60.474998474121094,
    "wait_cost": 4.071998596191406
}
