{
    "child_model_execute_cost_by_ms": [
        37.847999572753906
    ],
    "child_model_run_time": [
        [
            25087366,
            25125214
        ]
    ],
    "execute_cost": 37.847999572753906,
    "finish_time": 25125223,
    "limit_cost_by_ms": 6.129000186920166,
    "model_name": "yolov2",
    "recv_time": 25087266,
    "tag": "858",
    "total_cost_by_ms": 37.957000732421875,
    "wait_cost": 0.10900115966796875
}
