{
    "child_model_execute_cost_by_ms": [
        50.40700149536133
    ],
    "child_model_run_time": [
        [
            25465264,
            25515671
        ]
    ],
    "execute_cost": 50.40700149536133,
    "finish_time": 25515676,
    "limit_cost_by_ms": 6.129000186920166,
    "model_name": "yolov2",
    "recv_time": 25465242,
    "tag": "878",
    "total_cost_by_ms": 50.433998107910156,
    "wait_cost": 0.026996612548828125
}
