{
    "child_model_execute_cost_by_ms": [
        6.6579999923706055
    ],
    "child_model_run_time": [
        [
            25747993,
            25754651
        ]
    ],
    "execute_cost": 6.6579999923706055,
    "finish_time": 25754658,
    "limit_cost_by_ms": 6.129000186920166,
    "model_name": "yolov2",
    "recv_time": 25747809,
    "tag": "891",
    "total_cost_by_ms": 6.848999977111816,
    "wait_cost": 0.19099998474121094
}
