{
    "child_model_execute_cost_by_ms": [
        8.680000305175781
    ],
    "child_model_run_time": [
        [
            25910783,
            25919463
        ]
    ],
    "execute_cost": 8.680000305175781,
    "finish_time": 25919467,
    "limit_cost_by_ms": 7.269000053405762,
    "model_name": "squeezenetv1",
    "recv_time": 25910767,
    "tag": "899",
    "total_cost_by_ms": 8.699999809265137,
    "wait_cost": 0.01999950408935547
}
