{
    "child_model_execute_cost_by_ms": [
        85.12699890136719
    ],
    "child_model_run_time": [
        [
            8855348,
            8940475
        ]
    ],
    "execute_cost": 85.12699890136719,
    "finish_time": 8940482,
    "limit_cost_by_ms": 46.82600021362305,
    "model_name": "vgg19",
    "recv_time": 8855312,
    "tag": "10",
    "total_cost_by_ms": 85.16999816894531,
    "wait_cost": 0.042999267578125
}
