{
    "child_model_execute_cost_by_ms": [
        50.3120002746582
    ],
    "child_model_run_time": [
        [
            26042212,
            26092524
        ]
    ],
    "execute_cost": 50.3120002746582,
    "finish_time": 26092531,
    "limit_cost_by_ms": 46.82600021362305,
    "model_name": "vgg19",
    "recv_time": 26042194,
    "tag": "906",
    "total_cost_by_ms": 50.33700180053711,
    "wait_cost": 0.02500152587890625
}
