{
    "child_model_execute_cost_by_ms": [
        6.515999794006348
    ],
    "child_model_run_time": [
        [
            26614652,
            26621168
        ]
    ],
    "execute_cost": 6.515999794006348,
    "finish_time": 26621176,
    "limit_cost_by_ms": 6.129000186920166,
    "model_name": "yolov2",
    "recv_time": 26614574,
    "tag": "936",
    "total_cost_by_ms": 6.6020002365112305,
    "wait_cost": 0.08600044250488281
}
