{
    "child_model_execute_cost_by_ms": [
        45.005001068115234
    ],
    "child_model_run_time": [
        [
            26897720,
            26942725
        ]
    ],
    "execute_cost": 45.005001068115234,
    "finish_time": 26942732,
    "limit_cost_by_ms": 46.82600021362305,
    "model_name": "vgg19",
    "recv_time": 26897707,
    "tag": "952",
    "total_cost_by_ms": 45.025001525878906,
    "wait_cost": 0.020000457763671875
}
