{
    "child_model_execute_cost_by_ms": [
        20.020999908447266
    ],
    "child_model_run_time": [
        [
            27244161,
            27264182
        ]
    ],
    "execute_cost": 20.020999908447266,
    "finish_time": 27264184,
    "limit_cost_by_ms": 19.195999145507813,
    "model_name": "resnet50",
    "recv_time": 27244146,
    "tag": "970",
    "total_cost_by_ms": 20.038000106811523,
    "wait_cost": 0.017000198364257813
}
