{
    "child_model_execute_cost_by_ms": [
        56.34700012207031
    ],
    "child_model_run_time": [
        [
            27666450,
            27722797
        ]
    ],
    "execute_cost": 56.34700012207031,
    "finish_time": 27722805,
    "limit_cost_by_ms": 6.129000186920166,
    "model_name": "yolov2",
    "recv_time": 27666290,
    "tag": "993",
    "total_cost_by_ms": 56.51499938964844,
    "wait_cost": 0.167999267578125
}
