{
    "child_model_execute_cost_by_ms": [
        24.291000366210938
    ],
    "child_model_run_time": [
        [
            27783361,
            27807652
        ]
    ],
    "execute_cost": 24.291000366210938,
    "finish_time": 27807657,
    "limit_cost_by_ms": 6.129000186920166,
    "model_name": "yolov2",
    "recv_time": 27783208,
    "tag": "998",
    "total_cost_by_ms": 24.448999404907227,
    "wait_cost": 0.15799903869628906
}
