name,min,avg,max
vgg19,1.0,1.0730762915647285,1.5955223045085847
resnet50,1.0,1.5188276372789271,3.5460508927690264
yolov2,1.011056807145386,3.0909010173454643,11.947345568527918
googlenet,1.039702382808911,2.4534080594073147,7.981732107437564
squeezenetv1,1.0445491703514584,2.474199605150316,8.858277639757413
total,1.0,2.1711059881316337,11.947345568527918
