name,Std. Deviation of RR
vgg19,0.12865761855337793
resnet50,0.7603175235076555
yolov2,2.5668262029295734
googlenet,1.7140638276635904
squeezenetv1,1.9908478226154784
total,1.8701848061185815
