{
    "child_model_execute_cost_by_ms": [
        22.739999771118164
    ],
    "child_model_run_time": [
        [
            8721421,
            8744161
        ]
    ],
    "execute_cost": 22.739999771118164,
    "finish_time": 8744169,
    "limit_cost_by_ms": 19.21066665649414,
    "model_name": "resnet50",
    "recv_time": 8714564,
    "tag": "2",
    "total_cost_by_ms": 29.604999542236328,
    "wait_cost": 6.864999771118164
}
