{
    "child_model_execute_cost_by_ms": [
        6.900000095367432
    ],
    "child_model_run_time": [
        [
            10550456,
            10557356
        ]
    ],
    "execute_cost": 6.900000095367432,
    "finish_time": 10557365,
    "limit_cost_by_ms": 6.210333347320557,
    "model_name": "yolov2",
    "recv_time": 10550309,
    "tag": "106",
    "total_cost_by_ms": 7.056000232696533,
    "wait_cost": 0.15600013732910156
}
