{
    "child_model_execute_cost_by_ms": [
        10.479999542236328
    ],
    "child_model_run_time": [
        [
            10768250,
            10778730
        ]
    ],
    "execute_cost": 10.479999542236328,
    "finish_time": 10778743,
    "limit_cost_by_ms": 9.050666809082031,
    "model_name": "googlenet",
    "recv_time": 10759113,
    "tag": "119",
    "total_cost_by_ms": 19.6299991607666,
    "wait_cost": 9.149999618530273
}
