{
    "child_model_execute_cost_by_ms": [
        19.735000610351563
    ],
    "child_model_run_time": [
        [
            10778767,
            10798502
        ]
    ],
    "execute_cost": 19.735000610351563,
    "finish_time": 10798510,
    "limit_cost_by_ms": 19.21066665649414,
    "model_name": "resnet50",
    "recv_time": 10774732,
    "tag": "120",
    "total_cost_by_ms": 23.777999877929688,
    "wait_cost": 4.042999267578125
}
