{
    "child_model_execute_cost_by_ms": [
        6.507999897003174
    ],
    "child_model_run_time": [
        [
            10798972,
            10805480
        ]
    ],
    "execute_cost": 6.507999897003174,
    "finish_time": 10805490,
    "limit_cost_by_ms": 6.210333347320557,
    "model_name": "yolov2",
    "recv_time": 10798863,
    "tag": "121",
    "total_cost_by_ms": 6.626999855041504,
    "wait_cost": 0.11899995803833008
}
