{
    "child_model_execute_cost_by_ms": [
        9.824999809265137
    ],
    "child_model_run_time": [
        [
            11016804,
            11026629
        ]
    ],
    "execute_cost": 9.824999809265137,
    "finish_time": 11026645,
    "limit_cost_by_ms": 9.050666809082031,
    "model_name": "googlenet",
    "recv_time": 11016786,
    "tag": "134",
    "total_cost_by_ms": 9.859000205993652,
    "wait_cost": 0.034000396728515625
}
