{
    "child_model_execute_cost_by_ms": [
        10.720000267028809
    ],
    "child_model_run_time": [
        [
            11423131,
            11433851
        ]
    ],
    "execute_cost": 10.720000267028809,
    "finish_time": 11433869,
    "limit_cost_by_ms": 9.050666809082031,
    "model_name": "googlenet",
    "recv_time": 11381072,
    "tag": "156",
    "total_cost_by_ms": 52.797000885009766,
    "wait_cost": 42.07699966430664
}
