{
    "child_model_execute_cost_by_ms": [
        21.034000396728516
    ],
    "child_model_run_time": [
        [
            11531784,
            11552818
        ]
    ],
    "execute_cost": 21.034000396728516,
    "finish_time": 11552827,
    "limit_cost_by_ms": 19.21066665649414,
    "model_name": "resnet50",
    "recv_time": 11525834,
    "tag": "163",
    "total_cost_by_ms": 26.993000030517578,
    "wait_cost": 5.9589996337890625
}
