{
    "child_model_execute_cost_by_ms": [
        6.822000026702881
    ],
    "child_model_run_time": [
        [
            11561948,
            11568770
        ]
    ],
    "execute_cost": 6.822000026702881,
    "finish_time": 11568780,
    "limit_cost_by_ms": 6.210333347320557,
    "model_name": "yolov2",
    "recv_time": 11561912,
    "tag": "165",
    "total_cost_by_ms": 6.868000030517578,
    "wait_cost": 0.046000003814697266
}
