{
    "child_model_execute_cost_by_ms": [
        44.63600158691406
    ],
    "child_model_run_time": [
        [
            11605023,
            11649659
        ]
    ],
    "execute_cost": 44.63600158691406,
    "finish_time": 11649670,
    "limit_cost_by_ms": 47.36066818237305,
    "model_name": "vgg19",
    "recv_time": 11605006,
    "tag": "169",
    "total_cost_by_ms": 44.66400146484375,
    "wait_cost": 0.0279998779296875
}
