{
    "child_model_execute_cost_by_ms": [
        8.920999526977539
    ],
    "child_model_run_time": [
        [
            11649763,
            11658684
        ]
    ],
    "execute_cost": 8.920999526977539,
    "finish_time": 11658693,
    "limit_cost_by_ms": 7.429999828338623,
    "model_name": "squeezenetv1",
    "recv_time": 11628569,
    "tag": "170",
    "total_cost_by_ms": 30.124000549316406,
    "wait_cost": 21.203001022338867
}
