{
    "child_model_execute_cost_by_ms": [
        10.496000289916992
    ],
    "child_model_run_time": [
        [
            11776401,
            11786897
        ]
    ],
    "execute_cost": 10.496000289916992,
    "finish_time": 11786907,
    "limit_cost_by_ms": 9.050666809082031,
    "model_name": "googlenet",
    "recv_time": 11776304,
    "tag": "178",
    "total_cost_by_ms": 10.602999687194824,
    "wait_cost": 0.10699939727783203
}
