{
    "child_model_execute_cost_by_ms": [
        44.60599899291992
    ],
    "child_model_run_time": [
        [
            11951947,
            11996553
        ]
    ],
    "execute_cost": 44.60599899291992,
    "finish_time": 11996564,
    "limit_cost_by_ms": 47.36066818237305,
    "model_name": "vgg19",
    "recv_time": 11951846,
    "tag": "190",
    "total_cost_by_ms": 44.71799850463867,
    "wait_cost": 0.11199951171875
}
