{
    "child_model_execute_cost_by_ms": [
        19.19700050354004
    ],
    "child_model_run_time": [
        [
            12163726,
            12182923
        ]
    ],
    "execute_cost": 19.19700050354004,
    "finish_time": 12182932,
    "limit_cost_by_ms": 19.21066665649414,
    "model_name": "resnet50",
    "recv_time": 12163636,
    "tag": "202",
    "total_cost_by_ms": 19.29599952697754,
    "wait_cost": 0.0989990234375
}
