{
    "child_model_execute_cost_by_ms": [
        9.755999565124512
    ],
    "child_model_run_time": [
        [
            12283831,
            12293587
        ]
    ],
    "execute_cost": 9.755999565124512,
    "finish_time": 12293602,
    "limit_cost_by_ms": 9.050666809082031,
    "model_name": "googlenet",
    "recv_time": 12283811,
    "tag": "209",
    "total_cost_by_ms": 9.791000366210938,
    "wait_cost": 0.03500080108642578
}
