{
    "child_model_execute_cost_by_ms": [
        20.381000518798828
    ],
    "child_model_run_time": [
        [
            12464914,
            12485295
        ]
    ],
    "execute_cost": 20.381000518798828,
    "finish_time": 12485302,
    "limit_cost_by_ms": 19.21066665649414,
    "model_name": "resnet50",
    "recv_time": 12461432,
    "tag": "219",
    "total_cost_by_ms": 23.8700008392334,
    "wait_cost": 3.4890003204345703
}
