{
    "child_model_execute_cost_by_ms": [
        19.077999114990234
    ],
    "child_model_run_time": [
        [
            12511210,
            12530288
        ]
    ],
    "execute_cost": 19.077999114990234,
    "finish_time": 12530298,
    "limit_cost_by_ms": 19.21066665649414,
    "model_name": "resnet50",
    "recv_time": 12511114,
    "tag": "223",
    "total_cost_by_ms": 19.18400001525879,
    "wait_cost": 0.10600090026855469
}
