{
    "child_model_execute_cost_by_ms": [
        44.944000244140625
    ],
    "child_model_run_time": [
        [
            9123679,
            9168623
        ]
    ],
    "execute_cost": 44.944000244140625,
    "finish_time": 9168635,
    "limit_cost_by_ms": 47.36066818237305,
    "model_name": "vgg19",
    "recv_time": 9121436,
    "tag": "24",
    "total_cost_by_ms": 47.19900131225586,
    "wait_cost": 2.2550010681152344
}
