{
    "child_model_execute_cost_by_ms": [
        8.532999992370605
    ],
    "child_model_run_time": [
        [
            12863273,
            12871806
        ]
    ],
    "execute_cost": 8.532999992370605,
    "finish_time": 12871814,
    "limit_cost_by_ms": 7.429999828338623,
    "model_name": "squeezenetv1",
    "recv_time": 12860575,
    "tag": "243",
    "total_cost_by_ms": 11.23900032043457,
    "wait_cost": 2.706000328063965
}
