{
    "child_model_execute_cost_by_ms": [
        43.92499923706055
    ],
    "child_model_run_time": [
        [
            13431042,
            13474967
        ]
    ],
    "execute_cost": 43.92499923706055,
    "finish_time": 13474978,
    "limit_cost_by_ms": 47.36066818237305,
    "model_name": "vgg19",
    "recv_time": 13430937,
    "tag": "276",
    "total_cost_by_ms": 44.04100036621094,
    "wait_cost": 0.11600112915039063
}
