{
    "child_model_execute_cost_by_ms": [
        44.92900085449219
    ],
    "child_model_run_time": [
        [
            13560804,
            13605733
        ]
    ],
    "execute_cost": 44.92900085449219,
    "finish_time": 13605744,
    "limit_cost_by_ms": 47.36066818237305,
    "model_name": "vgg19",
    "recv_time": 13560700,
    "tag": "284",
    "total_cost_by_ms": 45.04399871826172,
    "wait_cost": 0.11499786376953125
}
