{
    "child_model_execute_cost_by_ms": [
        7.60699987411499
    ],
    "child_model_run_time": [
        [
            13605805,
            13613412
        ]
    ],
    "execute_cost": 7.60699987411499,
    "finish_time": 13613418,
    "limit_cost_by_ms": 6.210333347320557,
    "model_name": "yolov2",
    "recv_time": 13591091,
    "tag": "285",
    "total_cost_by_ms": 22.32699966430664,
    "wait_cost": 14.719999313354492
}
