{
    "child_model_execute_cost_by_ms": [
        9.74899959564209
    ],
    "child_model_run_time": [
        [
            13635746,
            13645495
        ]
    ],
    "execute_cost": 9.74899959564209,
    "finish_time": 13645506,
    "limit_cost_by_ms": 9.050666809082031,
    "model_name": "googlenet",
    "recv_time": 13635635,
    "tag": "287",
    "total_cost_by_ms": 9.871000289916992,
    "wait_cost": 0.12200069427490234
}
