{
    "child_model_execute_cost_by_ms": [
        6.802000045776367
    ],
    "child_model_run_time": [
        [
            14212464,
            14219266
        ]
    ],
    "execute_cost": 6.802000045776367,
    "finish_time": 14219274,
    "limit_cost_by_ms": 6.210333347320557,
    "model_name": "yolov2",
    "recv_time": 14196978,
    "tag": "320",
    "total_cost_by_ms": 22.29599952697754,
    "wait_cost": 15.493999481201172
}
