{
    "child_model_execute_cost_by_ms": [
        9.345000267028809
    ],
    "child_model_run_time": [
        [
            14313324,
            14322669
        ]
    ],
    "execute_cost": 9.345000267028809,
    "finish_time": 14322676,
    "limit_cost_by_ms": 9.050666809082031,
    "model_name": "googlenet",
    "recv_time": 14313223,
    "tag": "326",
    "total_cost_by_ms": 9.45300006866455,
    "wait_cost": 0.10799980163574219
}
