{
    "child_model_execute_cost_by_ms": [
        6.9629998207092285
    ],
    "child_model_run_time": [
        [
            14434287,
            14441250
        ]
    ],
    "execute_cost": 6.9629998207092285,
    "finish_time": 14441257,
    "limit_cost_by_ms": 6.210333347320557,
    "model_name": "yolov2",
    "recv_time": 14415672,
    "tag": "333",
    "total_cost_by_ms": 25.584999084472656,
    "wait_cost": 18.621999740600586
}
