{
    "child_model_execute_cost_by_ms": [
        46.8390007019043
    ],
    "child_model_run_time": [
        [
            14700105,
            14746944
        ]
    ],
    "execute_cost": 46.8390007019043,
    "finish_time": 14746954,
    "limit_cost_by_ms": 47.36066818237305,
    "model_name": "vgg19",
    "recv_time": 14691925,
    "tag": "350",
    "total_cost_by_ms": 55.02899932861328,
    "wait_cost": 8.189998626708984
}
