{
    "child_model_execute_cost_by_ms": [
        10.076000213623047
    ],
    "child_model_run_time": [
        [
            14755298,
            14765374
        ]
    ],
    "execute_cost": 10.076000213623047,
    "finish_time": 14765389,
    "limit_cost_by_ms": 9.050666809082031,
    "model_name": "googlenet",
    "recv_time": 14755163,
    "tag": "352",
    "total_cost_by_ms": 10.22599983215332,
    "wait_cost": 0.14999961853027344
}
