{
    "child_model_execute_cost_by_ms": [
        19.283000946044922
    ],
    "child_model_run_time": [
        [
            14801238,
            14820521
        ]
    ],
    "execute_cost": 19.283000946044922,
    "finish_time": 14820535,
    "limit_cost_by_ms": 19.21066665649414,
    "model_name": "resnet50",
    "recv_time": 14801134,
    "tag": "356",
    "total_cost_by_ms": 19.400999069213867,
    "wait_cost": 0.11799812316894531
}
