{
    "child_model_execute_cost_by_ms": [
        45.263999938964844
    ],
    "child_model_run_time": [
        [
            14922243,
            14967507
        ]
    ],
    "execute_cost": 45.263999938964844,
    "finish_time": 14967516,
    "limit_cost_by_ms": 47.36066818237305,
    "model_name": "vgg19",
    "recv_time": 14916790,
    "tag": "363",
    "total_cost_by_ms": 50.72600173950195,
    "wait_cost": 5.462001800537109
}
