{
    "child_model_execute_cost_by_ms": [
        7.620999813079834
    ],
    "child_model_run_time": [
        [
            15091368,
            15098989
        ]
    ],
    "execute_cost": 7.620999813079834,
    "finish_time": 15098997,
    "limit_cost_by_ms": 6.210333347320557,
    "model_name": "yolov2",
    "recv_time": 15091355,
    "tag": "371",
    "total_cost_by_ms": 7.642000198364258,
    "wait_cost": 0.021000385284423828
}
