{
    "child_model_execute_cost_by_ms": [
        8.253000259399414
    ],
    "child_model_run_time": [
        [
            15130313,
            15138566
        ]
    ],
    "execute_cost": 8.253000259399414,
    "finish_time": 15138576,
    "limit_cost_by_ms": 7.429999828338623,
    "model_name": "squeezenetv1",
    "recv_time": 15130141,
    "tag": "374",
    "total_cost_by_ms": 8.4350004196167,
    "wait_cost": 0.18200016021728516
}
