{
    "child_model_execute_cost_by_ms": [
        10.829000473022461
    ],
    "child_model_run_time": [
        [
            15331808,
            15342637
        ]
    ],
    "execute_cost": 10.829000473022461,
    "finish_time": 15342649,
    "limit_cost_by_ms": 9.050666809082031,
    "model_name": "googlenet",
    "recv_time": 15306305,
    "tag": "385",
    "total_cost_by_ms": 36.34400177001953,
    "wait_cost": 25.51500129699707
}
