{
    "child_model_execute_cost_by_ms": [
        19.29400062561035
    ],
    "child_model_run_time": [
        [
            15468489,
            15487783
        ]
    ],
    "execute_cost": 19.29400062561035,
    "finish_time": 15487795,
    "limit_cost_by_ms": 19.21066665649414,
    "model_name": "resnet50",
    "recv_time": 15468346,
    "tag": "394",
    "total_cost_by_ms": 19.448999404907227,
    "wait_cost": 0.154998779296875
}
