{
    "child_model_execute_cost_by_ms": [
        6.385000228881836
    ],
    "child_model_run_time": [
        [
            15832820,
            15839205
        ]
    ],
    "execute_cost": 6.385000228881836,
    "finish_time": 15839214,
    "limit_cost_by_ms": 6.210333347320557,
    "model_name": "yolov2",
    "recv_time": 15813360,
    "tag": "415",
    "total_cost_by_ms": 25.854000091552734,
    "wait_cost": 19.4689998626709
}
