{
    "child_model_execute_cost_by_ms": [
        8.359999656677246
    ],
    "child_model_run_time": [
        [
            16267130,
            16275490
        ]
    ],
    "execute_cost": 8.359999656677246,
    "finish_time": 16275499,
    "limit_cost_by_ms": 7.429999828338623,
    "model_name": "squeezenetv1",
    "recv_time": 16267119,
    "tag": "440",
    "total_cost_by_ms": 8.380000114440918,
    "wait_cost": 0.020000457763671875
}
