{
    "child_model_execute_cost_by_ms": [
        7.2210001945495605
    ],
    "child_model_run_time": [
        [
            9510061,
            9517282
        ]
    ],
    "execute_cost": 7.2210001945495605,
    "finish_time": 9517295,
    "limit_cost_by_ms": 6.210333347320557,
    "model_name": "yolov2",
    "recv_time": 9490145,
    "tag": "45",
    "total_cost_by_ms": 27.149999618530273,
    "wait_cost": 19.928998947143555
}
