{
    "child_model_execute_cost_by_ms": [
        6.386000156402588
    ],
    "child_model_run_time": [
        [
            16275990,
            16282376
        ]
    ],
    "execute_cost": 6.386000156402588,
    "finish_time": 16282383,
    "limit_cost_by_ms": 6.210333347320557,
    "model_name": "yolov2",
    "recv_time": 16275976,
    "tag": "441",
    "total_cost_by_ms": 6.4070000648498535,
    "wait_cost": 0.020999908447265625
}
