{
    "child_model_execute_cost_by_ms": [
        10.102999687194824
    ],
    "child_model_run_time": [
        [
            16420971,
            16431074
        ]
    ],
    "execute_cost": 10.102999687194824,
    "finish_time": 16431092,
    "limit_cost_by_ms": 9.050666809082031,
    "model_name": "googlenet",
    "recv_time": 16412347,
    "tag": "450",
    "total_cost_by_ms": 18.7450008392334,
    "wait_cost": 8.642001152038574
}
