{
    "child_model_execute_cost_by_ms": [
        6.406000137329102
    ],
    "child_model_run_time": [
        [
            16736963,
            16743369
        ]
    ],
    "execute_cost": 6.406000137329102,
    "finish_time": 16743376,
    "limit_cost_by_ms": 6.210333347320557,
    "model_name": "yolov2",
    "recv_time": 16736948,
    "tag": "468",
    "total_cost_by_ms": 6.427999973297119,
    "wait_cost": 0.021999835968017578
}
