{
    "child_model_execute_cost_by_ms": [
        19.767000198364258
    ],
    "child_model_run_time": [
        [
            17049333,
            17069100
        ]
    ],
    "execute_cost": 19.767000198364258,
    "finish_time": 17069111,
    "limit_cost_by_ms": 19.21066665649414,
    "model_name": "resnet50",
    "recv_time": 17049311,
    "tag": "486",
    "total_cost_by_ms": 19.799999237060547,
    "wait_cost": 0.03299903869628906
}
