{
    "child_model_execute_cost_by_ms": [
        6.359000205993652
    ],
    "child_model_run_time": [
        [
            17079828,
            17086187
        ]
    ],
    "execute_cost": 6.359000205993652,
    "finish_time": 17086195,
    "limit_cost_by_ms": 6.210333347320557,
    "model_name": "yolov2",
    "recv_time": 17079808,
    "tag": "488",
    "total_cost_by_ms": 6.38700008392334,
    "wait_cost": 0.0279998779296875
}
