{
    "child_model_execute_cost_by_ms": [
        44.441001892089844
    ],
    "child_model_run_time": [
        [
            17086796,
            17131237
        ]
    ],
    "execute_cost": 44.441001892089844,
    "finish_time": 17131249,
    "limit_cost_by_ms": 47.36066818237305,
    "model_name": "vgg19",
    "recv_time": 17086680,
    "tag": "489",
    "total_cost_by_ms": 44.569000244140625,
    "wait_cost": 0.12799835205078125
}
