{
    "child_model_execute_cost_by_ms": [
        9.54800033569336
    ],
    "child_model_run_time": [
        [
            17162392,
            17171940
        ]
    ],
    "execute_cost": 9.54800033569336,
    "finish_time": 17171947,
    "limit_cost_by_ms": 9.050666809082031,
    "model_name": "googlenet",
    "recv_time": 17162339,
    "tag": "492",
    "total_cost_by_ms": 9.607999801635742,
    "wait_cost": 0.05999946594238281
}
