{
    "child_model_execute_cost_by_ms": [
        6.263000011444092
    ],
    "child_model_run_time": [
        [
            17423544,
            17429807
        ]
    ],
    "execute_cost": 6.263000011444092,
    "finish_time": 17429812,
    "limit_cost_by_ms": 6.210333347320557,
    "model_name": "yolov2",
    "recv_time": 17423533,
    "tag": "508",
    "total_cost_by_ms": 6.2789998054504395,
    "wait_cost": 0.015999794006347656
}
