{
    "child_model_execute_cost_by_ms": [
        6.682000160217285
    ],
    "child_model_run_time": [
        [
            17635450,
            17642132
        ]
    ],
    "execute_cost": 6.682000160217285,
    "finish_time": 17642140,
    "limit_cost_by_ms": 6.210333347320557,
    "model_name": "yolov2",
    "recv_time": 17635433,
    "tag": "520",
    "total_cost_by_ms": 6.706999778747559,
    "wait_cost": 0.024999618530273438
}
