{
    "child_model_execute_cost_by_ms": [
        7.201000213623047
    ],
    "child_model_run_time": [
        [
            18533151,
            18540352
        ]
    ],
    "execute_cost": 7.201000213623047,
    "finish_time": 18540361,
    "limit_cost_by_ms": 6.210333347320557,
    "model_name": "yolov2",
    "recv_time": 18533137,
    "tag": "571",
    "total_cost_by_ms": 7.223999977111816,
    "wait_cost": 0.02299976348876953
}
