{
    "child_model_execute_cost_by_ms": [
        8.300000190734863
    ],
    "child_model_run_time": [
        [
            18906366,
            18914666
        ]
    ],
    "execute_cost": 8.300000190734863,
    "finish_time": 18914676,
    "limit_cost_by_ms": 7.429999828338623,
    "model_name": "squeezenetv1",
    "recv_time": 18906350,
    "tag": "593",
    "total_cost_by_ms": 8.326000213623047,
    "wait_cost": 0.026000022888183594
}
