{
    "child_model_execute_cost_by_ms": [
        6.459000110626221
    ],
    "child_model_run_time": [
        [
            18915201,
            18921660
        ]
    ],
    "execute_cost": 6.459000110626221,
    "finish_time": 18921668,
    "limit_cost_by_ms": 6.210333347320557,
    "model_name": "yolov2",
    "recv_time": 18915184,
    "tag": "594",
    "total_cost_by_ms": 6.484000205993652,
    "wait_cost": 0.02500009536743164
}
