{
    "child_model_execute_cost_by_ms": [
        46.26100158691406
    ],
    "child_model_run_time": [
        [
            19047334,
            19093595
        ]
    ],
    "execute_cost": 46.26100158691406,
    "finish_time": 19093607,
    "limit_cost_by_ms": 47.36066818237305,
    "model_name": "vgg19",
    "recv_time": 19047238,
    "tag": "602",
    "total_cost_by_ms": 46.36899948120117,
    "wait_cost": 0.10799789428710938
}
