{
    "child_model_execute_cost_by_ms": [
        19.18199920654297
    ],
    "child_model_run_time": [
        [
            19492128,
            19511310
        ]
    ],
    "execute_cost": 19.18199920654297,
    "finish_time": 19511324,
    "limit_cost_by_ms": 19.21066665649414,
    "model_name": "resnet50",
    "recv_time": 19492032,
    "tag": "628",
    "total_cost_by_ms": 19.29199981689453,
    "wait_cost": 0.1100006103515625
}
