{
    "child_model_execute_cost_by_ms": [
        6.552999973297119
    ],
    "child_model_run_time": [
        [
            19679259,
            19685812
        ]
    ],
    "execute_cost": 6.552999973297119,
    "finish_time": 19685821,
    "limit_cost_by_ms": 6.210333347320557,
    "model_name": "yolov2",
    "recv_time": 19679240,
    "tag": "637",
    "total_cost_by_ms": 6.580999851226807,
    "wait_cost": 0.0279998779296875
}
