{
    "child_model_execute_cost_by_ms": [
        10.800999641418457
    ],
    "child_model_run_time": [
        [
            19894458,
            19905259
        ]
    ],
    "execute_cost": 10.800999641418457,
    "finish_time": 19905275,
    "limit_cost_by_ms": 9.050666809082031,
    "model_name": "googlenet",
    "recv_time": 19856257,
    "tag": "649",
    "total_cost_by_ms": 49.018001556396484,
    "wait_cost": 38.217002868652344
}
