{
    "child_model_execute_cost_by_ms": [
        8.012999534606934
    ],
    "child_model_run_time": [
        [
            20164995,
            20173008
        ]
    ],
    "execute_cost": 8.012999534606934,
    "finish_time": 20173015,
    "limit_cost_by_ms": 7.429999828338623,
    "model_name": "squeezenetv1",
    "recv_time": 20164831,
    "tag": "666",
    "total_cost_by_ms": 8.184000015258789,
    "wait_cost": 0.17100048065185547
}
