{
    "child_model_execute_cost_by_ms": [
        10.729999542236328
    ],
    "child_model_run_time": [
        [
            20226972,
            20237702
        ]
    ],
    "execute_cost": 10.729999542236328,
    "finish_time": 20237715,
    "limit_cost_by_ms": 9.050666809082031,
    "model_name": "googlenet",
    "recv_time": 20226962,
    "tag": "669",
    "total_cost_by_ms": 10.753000259399414,
    "wait_cost": 0.023000717163085938
}
