{
    "child_model_execute_cost_by_ms": [
        6.714000225067139
    ],
    "child_model_run_time": [
        [
            9906071,
            9912785
        ]
    ],
    "execute_cost": 6.714000225067139,
    "finish_time": 9912796,
    "limit_cost_by_ms": 6.210333347320557,
    "model_name": "yolov2",
    "recv_time": 9905978,
    "tag": "69",
    "total_cost_by_ms": 6.817999839782715,
    "wait_cost": 0.10399961471557617
}
