{
    "child_model_execute_cost_by_ms": [
        8.392999649047852
    ],
    "child_model_run_time": [
        [
            20511762,
            20520155
        ]
    ],
    "execute_cost": 8.392999649047852,
    "finish_time": 20520167,
    "limit_cost_by_ms": 7.429999828338623,
    "model_name": "squeezenetv1",
    "recv_time": 20511628,
    "tag": "686",
    "total_cost_by_ms": 8.538999557495117,
    "wait_cost": 0.14599990844726563
}
