{
    "child_model_execute_cost_by_ms": [
        7.705999851226807
    ],
    "child_model_run_time": [
        [
            20566224,
            20573930
        ]
    ],
    "execute_cost": 7.705999851226807,
    "finish_time": 20573938,
    "limit_cost_by_ms": 6.210333347320557,
    "model_name": "yolov2",
    "recv_time": 20553832,
    "tag": "688",
    "total_cost_by_ms": 20.106000900268555,
    "wait_cost": 12.400001525878906
}
