{
    "child_model_execute_cost_by_ms": [
        7.159999847412109
    ],
    "child_model_run_time": [
        [
            21146923,
            21154083
        ]
    ],
    "execute_cost": 7.159999847412109,
    "finish_time": 21154090,
    "limit_cost_by_ms": 6.210333347320557,
    "model_name": "yolov2",
    "recv_time": 21079893,
    "tag": "721",
    "total_cost_by_ms": 74.1969985961914,
    "wait_cost": 67.03700256347656
}
