{
    "child_model_execute_cost_by_ms": [
        7.160999774932861
    ],
    "child_model_run_time": [
        [
            21611094,
            21618255
        ]
    ],
    "execute_cost": 7.160999774932861,
    "finish_time": 21618262,
    "limit_cost_by_ms": 6.210333347320557,
    "model_name": "yolov2",
    "recv_time": 21611081,
    "tag": "748",
    "total_cost_by_ms": 7.181000232696533,
    "wait_cost": 0.020000457763671875
}
