{
    "child_model_execute_cost_by_ms": [
        6.659999847412109
    ],
    "child_model_run_time": [
        [
            21741470,
            21748130
        ]
    ],
    "execute_cost": 6.659999847412109,
    "finish_time": 21748138,
    "limit_cost_by_ms": 6.210333347320557,
    "model_name": "yolov2",
    "recv_time": 21741389,
    "tag": "756",
    "total_cost_by_ms": 6.749000072479248,
    "wait_cost": 0.08900022506713867
}
