{
    "child_model_execute_cost_by_ms": [
        7.301000118255615
    ],
    "child_model_run_time": [
        [
            21834897,
            21842198
        ]
    ],
    "execute_cost": 7.301000118255615,
    "finish_time": 21842205,
    "limit_cost_by_ms": 6.210333347320557,
    "model_name": "yolov2",
    "recv_time": 21798604,
    "tag": "761",
    "total_cost_by_ms": 43.60100173950195,
    "wait_cost": 36.30000305175781
}
