{
    "child_model_execute_cost_by_ms": [
        8.654000282287598
    ],
    "child_model_run_time": [
        [
            21973119,
            21981773
        ]
    ],
    "execute_cost": 8.654000282287598,
    "finish_time": 21981781,
    "limit_cost_by_ms": 7.429999828338623,
    "model_name": "squeezenetv1",
    "recv_time": 21967556,
    "tag": "770",
    "total_cost_by_ms": 14.225000381469727,
    "wait_cost": 5.571000099182129
}
