{
    "child_model_execute_cost_by_ms": [
        7.311999797821045
    ],
    "child_model_run_time": [
        [
            23327482,
            23334794
        ]
    ],
    "execute_cost": 7.311999797821045,
    "finish_time": 23334800,
    "limit_cost_by_ms": 6.210333347320557,
    "model_name": "yolov2",
    "recv_time": 23271625,
    "tag": "846",
    "total_cost_by_ms": 63.17499923706055,
    "wait_cost": 55.862998962402344
}
