{
    "child_model_execute_cost_by_ms": [
        9.892999649047852
    ],
    "child_model_run_time": [
        [
            23604252,
            23614145
        ]
    ],
    "execute_cost": 9.892999649047852,
    "finish_time": 23614157,
    "limit_cost_by_ms": 9.050666809082031,
    "model_name": "googlenet",
    "recv_time": 23604153,
    "tag": "864",
    "total_cost_by_ms": 10.003999710083008,
    "wait_cost": 0.11100006103515625
}
