{
    "child_model_execute_cost_by_ms": [
        19.42300033569336
    ],
    "child_model_run_time": [
        [
            23697709,
            23717132
        ]
    ],
    "execute_cost": 19.42300033569336,
    "finish_time": 23717145,
    "limit_cost_by_ms": 19.21066665649414,
    "model_name": "resnet50",
    "recv_time": 23692539,
    "tag": "869",
    "total_cost_by_ms": 24.606000900268555,
    "wait_cost": 5.183000564575195
}
