{
    "child_model_execute_cost_by_ms": [
        6.677999973297119
    ],
    "child_model_run_time": [
        [
            10246877,
            10253555
        ]
    ],
    "execute_cost": 6.677999973297119,
    "finish_time": 10253568,
    "limit_cost_by_ms": 6.210333347320557,
    "model_name": "yolov2",
    "recv_time": 10246701,
    "tag": "89",
    "total_cost_by_ms": 6.867000102996826,
    "wait_cost": 0.18900012969970703
}
