{
    "child_model_execute_cost_by_ms": [
        19.639999389648438
    ],
    "child_model_run_time": [
        [
            24122410,
            24142050
        ]
    ],
    "execute_cost": 19.639999389648438,
    "finish_time": 24142057,
    "limit_cost_by_ms": 19.21066665649414,
    "model_name": "resnet50",
    "recv_time": 24122331,
    "tag": "892",
    "total_cost_by_ms": 19.72599983215332,
    "wait_cost": 0.08600044250488281
}
