{
    "child_model_execute_cost_by_ms": [
        10.166999816894531
    ],
    "child_model_run_time": [
        [
            24264639,
            24274806
        ]
    ],
    "execute_cost": 10.166999816894531,
    "finish_time": 24274820,
    "limit_cost_by_ms": 9.050666809082031,
    "model_name": "googlenet",
    "recv_time": 24264469,
    "tag": "900",
    "total_cost_by_ms": 10.35099983215332,
    "wait_cost": 0.18400001525878906
}
