{
    "child_model_execute_cost_by_ms": [
        21.246999740600586
    ],
    "child_model_run_time": [
        [
            24336123,
            24357370
        ]
    ],
    "execute_cost": 21.246999740600586,
    "finish_time": 24357377,
    "limit_cost_by_ms": 19.21066665649414,
    "model_name": "resnet50",
    "recv_time": 24301752,
    "tag": "904",
    "total_cost_by_ms": 55.625,
    "wait_cost": 34.37799835205078
}
