{
    "child_model_execute_cost_by_ms": [
        46.76599884033203
    ],
    "child_model_run_time": [
        [
            25009697,
            25056463
        ]
    ],
    "execute_cost": 46.76599884033203,
    "finish_time": 25056470,
    "limit_cost_by_ms": 47.36066818237305,
    "model_name": "vgg19",
    "recv_time": 24983715,
    "tag": "945",
    "total_cost_by_ms": 72.75499725341797,
    "wait_cost": 25.988998413085938
}
