{
    "child_model_execute_cost_by_ms": [
        7.453000068664551
    ],
    "child_model_run_time": [
        [
            25147619,
            25155072
        ]
    ],
    "execute_cost": 7.453000068664551,
    "finish_time": 25155083,
    "limit_cost_by_ms": 6.210333347320557,
    "model_name": "yolov2",
    "recv_time": 25136044,
    "tag": "951",
    "total_cost_by_ms": 19.038999557495117,
    "wait_cost": 11.585999488830566
}
