{
    "child_model_execute_cost_by_ms": [
        10.324000358581543
    ],
    "child_model_run_time": [
        [
            25271517,
            25281841
        ]
    ],
    "execute_cost": 10.324000358581543,
    "finish_time": 25281852,
    "limit_cost_by_ms": 9.050666809082031,
    "model_name": "googlenet",
    "recv_time": 25271408,
    "tag": "958",
    "total_cost_by_ms": 10.444000244140625,
    "wait_cost": 0.11999988555908203
}
