{
    "child_model_execute_cost_by_ms": [
        7.36299991607666
    ],
    "child_model_run_time": [
        [
            25637883,
            25645246
        ]
    ],
    "execute_cost": 7.36299991607666,
    "finish_time": 25645254,
    "limit_cost_by_ms": 6.210333347320557,
    "model_name": "yolov2",
    "recv_time": 25617098,
    "tag": "979",
    "total_cost_by_ms": 28.1560001373291,
    "wait_cost": 20.792999267578125
}
