{
    "child_model_execute_cost_by_ms": [
        45.74599838256836
    ],
    "child_model_run_time": [
        [
            8936297,
            8982043
        ]
    ],
    "execute_cost": 45.74599838256836,
    "finish_time": 8982049,
    "limit_cost_by_ms": 47.33266830444336,
    "model_name": "vgg19",
    "recv_time": 8936214,
    "tag": "11",
    "total_cost_by_ms": 45.834999084472656,
    "wait_cost": 0.08900070190429688
}
