{
    "child_model_execute_cost_by_ms": [
        19.489999771118164
    ],
    "child_model_run_time": [
        [
            10891548,
            10911038
        ]
    ],
    "execute_cost": 19.489999771118164,
    "finish_time": 10911047,
    "limit_cost_by_ms": 19.144332885742188,
    "model_name": "resnet50",
    "recv_time": 10891505,
    "tag": "120",
    "total_cost_by_ms": 19.54199981689453,
    "wait_cost": 0.05200004577636719
}
