{
    "child_model_execute_cost_by_ms": [
        64.79199981689453
    ],
    "child_model_run_time": [
        [
            10930038,
            10994830
        ]
    ],
    "execute_cost": 64.79199981689453,
    "finish_time": 10994837,
    "limit_cost_by_ms": 19.144332885742188,
    "model_name": "resnet50",
    "recv_time": 10930021,
    "tag": "123",
    "total_cost_by_ms": 64.81600189208984,
    "wait_cost": 0.0240020751953125
}
