{
    "child_model_execute_cost_by_ms": [
        15.026000022888184
    ],
    "child_model_run_time": [
        [
            10997524,
            11012550
        ]
    ],
    "execute_cost": 15.026000022888184,
    "finish_time": 11012555,
    "limit_cost_by_ms": 6.166666507720947,
    "model_name": "yolov2",
    "recv_time": 10997507,
    "tag": "126",
    "total_cost_by_ms": 15.04800033569336,
    "wait_cost": 0.02200031280517578
}
