{
    "child_model_execute_cost_by_ms": [
        45.137001037597656
    ],
    "child_model_run_time": [
        [
            11032263,
            11077400
        ]
    ],
    "execute_cost": 45.137001037597656,
    "finish_time": 11077406,
    "limit_cost_by_ms": 47.33266830444336,
    "model_name": "vgg19",
    "recv_time": 11032161,
    "tag": "128",
    "total_cost_by_ms": 45.244998931884766,
    "wait_cost": 0.10799789428710938
}
