{
    "child_model_execute_cost_by_ms": [
        66.5989990234375
    ],
    "child_model_run_time": [
        [
            11479130,
            11545729
        ]
    ],
    "execute_cost": 66.5989990234375,
    "finish_time": 11545733,
    "limit_cost_by_ms": 19.144332885742188,
    "model_name": "resnet50",
    "recv_time": 11479116,
    "tag": "155",
    "total_cost_by_ms": 66.61699676513672,
    "wait_cost": 0.01799774169921875
}
