{
    "child_model_execute_cost_by_ms": [
        6.5
    ],
    "child_model_run_time": [
        [
            11689181,
            11695681
        ]
    ],
    "execute_cost": 6.5,
    "finish_time": 11695689,
    "limit_cost_by_ms": 6.166666507720947,
    "model_name": "yolov2",
    "recv_time": 11689089,
    "tag": "165",
    "total_cost_by_ms": 6.599999904632568,
    "wait_cost": 0.09999990463256836
}
