{
    "child_model_execute_cost_by_ms": [
        45.358001708984375
    ],
    "child_model_run_time": [
        [
            11734006,
            11779364
        ]
    ],
    "execute_cost": 45.358001708984375,
    "finish_time": 11779371,
    "limit_cost_by_ms": 47.33266830444336,
    "model_name": "vgg19",
    "recv_time": 11733990,
    "tag": "169",
    "total_cost_by_ms": 45.38100051879883,
    "wait_cost": 0.022998809814453125
}
