{
    "child_model_execute_cost_by_ms": [
        19.610000610351563
    ],
    "child_model_run_time": [
        [
            11918030,
            11937640
        ]
    ],
    "execute_cost": 19.610000610351563,
    "finish_time": 11937648,
    "limit_cost_by_ms": 19.144332885742188,
    "model_name": "resnet50",
    "recv_time": 11917944,
    "tag": "179",
    "total_cost_by_ms": 19.70400047302246,
    "wait_cost": 0.09399986267089844
}
