{
    "child_model_execute_cost_by_ms": [
        8.190999984741211
    ],
    "child_model_run_time": [
        [
            12414349,
            12422540
        ]
    ],
    "execute_cost": 8.190999984741211,
    "finish_time": 12422550,
    "limit_cost_by_ms": 7.302666664123535,
    "model_name": "squeezenetv1",
    "recv_time": 12414308,
    "tag": "208",
    "total_cost_by_ms": 8.241999626159668,
    "wait_cost": 0.05099964141845703
}
