{
    "child_model_execute_cost_by_ms": [
        24.731000900268555
    ],
    "child_model_run_time": [
        [
            12588206,
            12612937
        ]
    ],
    "execute_cost": 24.731000900268555,
    "finish_time": 12612941,
    "limit_cost_by_ms": 6.166666507720947,
    "model_name": "yolov2",
    "recv_time": 12588186,
    "tag": "218",
    "total_cost_by_ms": 24.7549991607666,
    "wait_cost": 0.023998260498046875
}
