{
    "child_model_execute_cost_by_ms": [
        8.180000305175781
    ],
    "child_model_run_time": [
        [
            13125233,
            13133413
        ]
    ],
    "execute_cost": 8.180000305175781,
    "finish_time": 13133422,
    "limit_cost_by_ms": 7.302666664123535,
    "model_name": "squeezenetv1",
    "recv_time": 13125150,
    "tag": "248",
    "total_cost_by_ms": 8.272000312805176,
    "wait_cost": 0.09200000762939453
}
