{
    "child_model_execute_cost_by_ms": [
        68.86399841308594
    ],
    "child_model_run_time": [
        [
            13142641,
            13211505
        ]
    ],
    "execute_cost": 68.86399841308594,
    "finish_time": 13211512,
    "limit_cost_by_ms": 6.166666507720947,
    "model_name": "yolov2",
    "recv_time": 13142624,
    "tag": "250",
    "total_cost_by_ms": 68.88800048828125,
    "wait_cost": 0.0240020751953125
}
