{
    "child_model_execute_cost_by_ms": [
        8.24899959564209
    ],
    "child_model_run_time": [
        [
            13474696,
            13482945
        ]
    ],
    "execute_cost": 8.24899959564209,
    "finish_time": 13482955,
    "limit_cost_by_ms": 7.302666664123535,
    "model_name": "squeezenetv1",
    "recv_time": 13474616,
    "tag": "268",
    "total_cost_by_ms": 8.33899974822998,
    "wait_cost": 0.09000015258789063
}
