{
    "child_model_execute_cost_by_ms": [
        6.202000141143799
    ],
    "child_model_run_time": [
        [
            9259400,
            9265602
        ]
    ],
    "execute_cost": 6.202000141143799,
    "finish_time": 9265607,
    "limit_cost_by_ms": 6.166666507720947,
    "model_name": "yolov2",
    "recv_time": 9259309,
    "tag": "28",
    "total_cost_by_ms": 6.297999858856201,
    "wait_cost": 0.09599971771240234
}
