{
    "child_model_execute_cost_by_ms": [
        71.05599975585938
    ],
    "child_model_run_time": [
        [
            13618060,
            13689116
        ]
    ],
    "execute_cost": 71.05599975585938,
    "finish_time": 13689124,
    "limit_cost_by_ms": 6.166666507720947,
    "model_name": "yolov2",
    "recv_time": 13618015,
    "tag": "279",
    "total_cost_by_ms": 71.10900115966797,
    "wait_cost": 0.05300140380859375
}
