{
    "child_model_execute_cost_by_ms": [
        31.895000457763672
    ],
    "child_model_run_time": [
        [
            13789750,
            13821645
        ]
    ],
    "execute_cost": 31.895000457763672,
    "finish_time": 13821653,
    "limit_cost_by_ms": 19.144332885742188,
    "model_name": "resnet50",
    "recv_time": 13789734,
    "tag": "286",
    "total_cost_by_ms": 31.91900062561035,
    "wait_cost": 0.024000167846679688
}
