{
    "child_model_execute_cost_by_ms": [
        33.430999755859375
    ],
    "child_model_run_time": [
        [
            13915442,
            13948873
        ]
    ],
    "execute_cost": 33.430999755859375,
    "finish_time": 13948877,
    "limit_cost_by_ms": 19.144332885742188,
    "model_name": "resnet50",
    "recv_time": 13915361,
    "tag": "293",
    "total_cost_by_ms": 33.51599884033203,
    "wait_cost": 0.08499908447265625
}
