{
    "child_model_execute_cost_by_ms": [
        45.02000045776367
    ],
    "child_model_run_time": [
        [
            13964579,
            14009599
        ]
    ],
    "execute_cost": 45.02000045776367,
    "finish_time": 14009606,
    "limit_cost_by_ms": 47.33266830444336,
    "model_name": "vgg19",
    "recv_time": 13964559,
    "tag": "296",
    "total_cost_by_ms": 45.047000885009766,
    "wait_cost": 0.02700042724609375
}
