{
    "child_model_execute_cost_by_ms": [
        6.521999835968018
    ],
    "child_model_run_time": [
        [
            14055523,
            14062045
        ]
    ],
    "execute_cost": 6.521999835968018,
    "finish_time": 14062052,
    "limit_cost_by_ms": 6.166666507720947,
    "model_name": "yolov2",
    "recv_time": 14055510,
    "tag": "300",
    "total_cost_by_ms": 6.541999816894531,
    "wait_cost": 0.019999980926513672
}
