{
    "child_model_execute_cost_by_ms": [
        13.92199993133545
    ],
    "child_model_run_time": [
        [
            14293450,
            14307372
        ]
    ],
    "execute_cost": 13.92199993133545,
    "finish_time": 14307380,
    "limit_cost_by_ms": 6.166666507720947,
    "model_name": "yolov2",
    "recv_time": 14293356,
    "tag": "313",
    "total_cost_by_ms": 14.02400016784668,
    "wait_cost": 0.10200023651123047
}
