{
    "child_model_execute_cost_by_ms": [
        19.677000045776367
    ],
    "child_model_run_time": [
        [
            14406174,
            14425851
        ]
    ],
    "execute_cost": 19.677000045776367,
    "finish_time": 14425852,
    "limit_cost_by_ms": 19.144332885742188,
    "model_name": "resnet50",
    "recv_time": 14406158,
    "tag": "319",
    "total_cost_by_ms": 19.694000244140625,
    "wait_cost": 0.017000198364257813
}
