{
    "child_model_execute_cost_by_ms": [
        25.23699951171875
    ],
    "child_model_run_time": [
        [
            14899558,
            14924795
        ]
    ],
    "execute_cost": 25.23699951171875,
    "finish_time": 14924799,
    "limit_cost_by_ms": 8.869333267211914,
    "model_name": "googlenet",
    "recv_time": 14899510,
    "tag": "347",
    "total_cost_by_ms": 25.288999557495117,
    "wait_cost": 0.05200004577636719
}
