{
    "child_model_execute_cost_by_ms": [
        6.933000087738037
    ],
    "child_model_run_time": [
        [
            14991349,
            14998282
        ]
    ],
    "execute_cost": 6.933000087738037,
    "finish_time": 14998290,
    "limit_cost_by_ms": 6.166666507720947,
    "model_name": "yolov2",
    "recv_time": 14991250,
    "tag": "351",
    "total_cost_by_ms": 7.039999961853027,
    "wait_cost": 0.10699987411499023
}
