{
    "child_model_execute_cost_by_ms": [
        8.35200023651123
    ],
    "child_model_run_time": [
        [
            15259022,
            15267374
        ]
    ],
    "execute_cost": 8.35200023651123,
    "finish_time": 15267383,
    "limit_cost_by_ms": 7.302666664123535,
    "model_name": "squeezenetv1",
    "recv_time": 15258983,
    "tag": "366",
    "total_cost_by_ms": 8.399999618530273,
    "wait_cost": 0.04799938201904297
}
