{
    "child_model_execute_cost_by_ms": [
        34.44300079345703
    ],
    "child_model_run_time": [
        [
            15270572,
            15305015
        ]
    ],
    "execute_cost": 34.44300079345703,
    "finish_time": 15305021,
    "limit_cost_by_ms": 6.166666507720947,
    "model_name": "yolov2",
    "recv_time": 15270480,
    "tag": "368",
    "total_cost_by_ms": 34.54100036621094,
    "wait_cost": 0.09799957275390625
}
