{
    "child_model_execute_cost_by_ms": [
        19.44700050354004
    ],
    "child_model_run_time": [
        [
            15489630,
            15509077
        ]
    ],
    "execute_cost": 19.44700050354004,
    "finish_time": 15509080,
    "limit_cost_by_ms": 19.144332885742188,
    "model_name": "resnet50",
    "recv_time": 15489609,
    "tag": "379",
    "total_cost_by_ms": 19.47100067138672,
    "wait_cost": 0.024000167846679688
}
