{
    "child_model_execute_cost_by_ms": [
        8.190999984741211
    ],
    "child_model_run_time": [
        [
            15516442,
            15524633
        ]
    ],
    "execute_cost": 8.190999984741211,
    "finish_time": 15524642,
    "limit_cost_by_ms": 7.302666664123535,
    "model_name": "squeezenetv1",
    "recv_time": 15516354,
    "tag": "381",
    "total_cost_by_ms": 8.288000106811523,
    "wait_cost": 0.0970001220703125
}
