{
    "child_model_execute_cost_by_ms": [
        20.242000579833984
    ],
    "child_model_run_time": [
        [
            15707606,
            15727848
        ]
    ],
    "execute_cost": 20.242000579833984,
    "finish_time": 15727856,
    "limit_cost_by_ms": 19.144332885742188,
    "model_name": "resnet50",
    "recv_time": 15707592,
    "tag": "391",
    "total_cost_by_ms": 20.263999938964844,
    "wait_cost": 0.021999359130859375
}
