{
    "child_model_execute_cost_by_ms": [
        57.61899948120117
    ],
    "child_model_run_time": [
        [
            15901079,
            15958698
        ]
    ],
    "execute_cost": 57.61899948120117,
    "finish_time": 15958704,
    "limit_cost_by_ms": 6.166666507720947,
    "model_name": "yolov2",
    "recv_time": 15901027,
    "tag": "404",
    "total_cost_by_ms": 57.676998138427734,
    "wait_cost": 0.0579986572265625
}
