{
    "child_model_execute_cost_by_ms": [
        30.76300048828125
    ],
    "child_model_run_time": [
        [
            15962954,
            15993717
        ]
    ],
    "execute_cost": 30.76300048828125,
    "finish_time": 15993723,
    "limit_cost_by_ms": 8.869333267211914,
    "model_name": "googlenet",
    "recv_time": 15962856,
    "tag": "406",
    "total_cost_by_ms": 30.867000579833984,
    "wait_cost": 0.10400009155273438
}
