{
    "child_model_execute_cost_by_ms": [
        29.14900016784668
    ],
    "child_model_run_time": [
        [
            9554127,
            9583276
        ]
    ],
    "execute_cost": 29.14900016784668,
    "finish_time": 9583279,
    "limit_cost_by_ms": 6.166666507720947,
    "model_name": "yolov2",
    "recv_time": 9554113,
    "tag": "45",
    "total_cost_by_ms": 29.166000366210938,
    "wait_cost": 0.017000198364257813
}
