{
    "child_model_execute_cost_by_ms": [
        20.125999450683594
    ],
    "child_model_run_time": [
        [
            17076805,
            17096931
        ]
    ],
    "execute_cost": 20.125999450683594,
    "finish_time": 17096939,
    "limit_cost_by_ms": 19.144332885742188,
    "model_name": "resnet50",
    "recv_time": 17076707,
    "tag": "467",
    "total_cost_by_ms": 20.23200035095215,
    "wait_cost": 0.10600090026855469
}
