{
    "child_model_execute_cost_by_ms": [
        6.866000175476074
    ],
    "child_model_run_time": [
        [
            17195068,
            17201934
        ]
    ],
    "execute_cost": 6.866000175476074,
    "finish_time": 17201940,
    "limit_cost_by_ms": 6.166666507720947,
    "model_name": "yolov2",
    "recv_time": 17195056,
    "tag": "473",
    "total_cost_by_ms": 6.883999824523926,
    "wait_cost": 0.017999649047851563
}
