{
    "child_model_execute_cost_by_ms": [
        19.339000701904297
    ],
    "child_model_run_time": [
        [
            17202272,
            17221611
        ]
    ],
    "execute_cost": 19.339000701904297,
    "finish_time": 17221618,
    "limit_cost_by_ms": 19.144332885742188,
    "model_name": "resnet50",
    "recv_time": 17202255,
    "tag": "474",
    "total_cost_by_ms": 19.363000869750977,
    "wait_cost": 0.024000167846679688
}
