{
    "child_model_execute_cost_by_ms": [
        6.775000095367432
    ],
    "child_model_run_time": [
        [
            17317852,
            17324627
        ]
    ],
    "execute_cost": 6.775000095367432,
    "finish_time": 17324636,
    "limit_cost_by_ms": 6.166666507720947,
    "model_name": "yolov2",
    "recv_time": 17317830,
    "tag": "480",
    "total_cost_by_ms": 6.806000232696533,
    "wait_cost": 0.031000137329101563
}
