{
    "child_model_execute_cost_by_ms": [
        86.06999969482422
    ],
    "child_model_run_time": [
        [
            17601577,
            17687647
        ]
    ],
    "execute_cost": 86.06999969482422,
    "finish_time": 17687654,
    "limit_cost_by_ms": 8.869333267211914,
    "model_name": "googlenet",
    "recv_time": 17601471,
    "tag": "497",
    "total_cost_by_ms": 86.18299865722656,
    "wait_cost": 0.11299896240234375
}
