{
    "child_model_execute_cost_by_ms": [
        38.104000091552734
    ],
    "child_model_run_time": [
        [
            9660193,
            9698297
        ]
    ],
    "execute_cost": 38.104000091552734,
    "finish_time": 9698302,
    "limit_cost_by_ms": 8.869333267211914,
    "model_name": "googlenet",
    "recv_time": 9660175,
    "tag": "51",
    "total_cost_by_ms": 38.12699890136719,
    "wait_cost": 0.022998809814453125
}
