{
    "child_model_execute_cost_by_ms": [
        20.364999771118164
    ],
    "child_model_run_time": [
        [
            17788467,
            17808832
        ]
    ],
    "execute_cost": 20.364999771118164,
    "finish_time": 17808839,
    "limit_cost_by_ms": 6.166666507720947,
    "model_name": "yolov2",
    "recv_time": 17788368,
    "tag": "506",
    "total_cost_by_ms": 20.47100067138672,
    "wait_cost": 0.10600090026855469
}
