{
    "child_model_execute_cost_by_ms": [
        55.76900100708008
    ],
    "child_model_run_time": [
        [
            18222205,
            18277974
        ]
    ],
    "execute_cost": 55.76900100708008,
    "finish_time": 18277981,
    "limit_cost_by_ms": 7.302666664123535,
    "model_name": "squeezenetv1",
    "recv_time": 18222191,
    "tag": "530",
    "total_cost_by_ms": 55.790000915527344,
    "wait_cost": 0.020999908447265625
}
