{
    "child_model_execute_cost_by_ms": [
        6.882999897003174
    ],
    "child_model_run_time": [
        [
            18300848,
            18307731
        ]
    ],
    "execute_cost": 6.882999897003174,
    "finish_time": 18307738,
    "limit_cost_by_ms": 6.166666507720947,
    "model_name": "yolov2",
    "recv_time": 18300779,
    "tag": "533",
    "total_cost_by_ms": 6.959000110626221,
    "wait_cost": 0.07600021362304688
}
