{
    "child_model_execute_cost_by_ms": [
        41.20000076293945
    ],
    "child_model_run_time": [
        [
            18358961,
            18400161
        ]
    ],
    "execute_cost": 41.20000076293945,
    "finish_time": 18400168,
    "limit_cost_by_ms": 6.166666507720947,
    "model_name": "yolov2",
    "recv_time": 18358944,
    "tag": "538",
    "total_cost_by_ms": 41.2239990234375,
    "wait_cost": 0.023998260498046875
}
