{
    "child_model_execute_cost_by_ms": [
        10.979999542236328
    ],
    "child_model_run_time": [
        [
            18400544,
            18411524
        ]
    ],
    "execute_cost": 10.979999542236328,
    "finish_time": 18411530,
    "limit_cost_by_ms": 8.869333267211914,
    "model_name": "googlenet",
    "recv_time": 18400532,
    "tag": "539",
    "total_cost_by_ms": 10.998000144958496,
    "wait_cost": 0.01800060272216797
}
