{
    "child_model_execute_cost_by_ms": [
        8.199000358581543
    ],
    "child_model_run_time": [
        [
            18439317,
            18447516
        ]
    ],
    "execute_cost": 8.199000358581543,
    "finish_time": 18447523,
    "limit_cost_by_ms": 7.302666664123535,
    "model_name": "squeezenetv1",
    "recv_time": 18439231,
    "tag": "542",
    "total_cost_by_ms": 8.291999816894531,
    "wait_cost": 0.09299945831298828
}
