{
    "child_model_execute_cost_by_ms": [
        10.430000305175781
    ],
    "child_model_run_time": [
        [
            18782213,
            18792643
        ]
    ],
    "execute_cost": 10.430000305175781,
    "finish_time": 18792653,
    "limit_cost_by_ms": 8.869333267211914,
    "model_name": "googlenet",
    "recv_time": 18782196,
    "tag": "560",
    "total_cost_by_ms": 10.456999778747559,
    "wait_cost": 0.026999473571777344
}
