{
    "child_model_execute_cost_by_ms": [
        10.109999656677246
    ],
    "child_model_run_time": [
        [
            19620017,
            19630127
        ]
    ],
    "execute_cost": 10.109999656677246,
    "finish_time": 19630133,
    "limit_cost_by_ms": 8.869333267211914,
    "model_name": "googlenet",
    "recv_time": 19620007,
    "tag": "606",
    "total_cost_by_ms": 10.12600040435791,
    "wait_cost": 0.016000747680664063
}
