{
    "child_model_execute_cost_by_ms": [
        6.517000198364258
    ],
    "child_model_run_time": [
        [
            19759135,
            19765652
        ]
    ],
    "execute_cost": 6.517000198364258,
    "finish_time": 19765660,
    "limit_cost_by_ms": 6.166666507720947,
    "model_name": "yolov2",
    "recv_time": 19758982,
    "tag": "614",
    "total_cost_by_ms": 6.677999973297119,
    "wait_cost": 0.16099977493286133
}
