{
    "child_model_execute_cost_by_ms": [
        44.80699920654297
    ],
    "child_model_run_time": [
        [
            19879053,
            19923860
        ]
    ],
    "execute_cost": 44.80699920654297,
    "finish_time": 19923867,
    "limit_cost_by_ms": 47.33266830444336,
    "model_name": "vgg19",
    "recv_time": 19878978,
    "tag": "621",
    "total_cost_by_ms": 44.888999938964844,
    "wait_cost": 0.082000732421875
}
