{
    "child_model_execute_cost_by_ms": [
        44.94499969482422
    ],
    "child_model_run_time": [
        [
            19899379,
            19944324
        ]
    ],
    "execute_cost": 44.94499969482422,
    "finish_time": 19944331,
    "limit_cost_by_ms": 6.166666507720947,
    "model_name": "yolov2",
    "recv_time": 19899226,
    "tag": "623",
    "total_cost_by_ms": 45.10499954223633,
    "wait_cost": 0.15999984741210938
}
