{
    "child_model_execute_cost_by_ms": [
        8.515000343322754
    ],
    "child_model_run_time": [
        [
            19965490,
            19974005
        ]
    ],
    "execute_cost": 8.515000343322754,
    "finish_time": 19974013,
    "limit_cost_by_ms": 7.302666664123535,
    "model_name": "squeezenetv1",
    "recv_time": 19965448,
    "tag": "625",
    "total_cost_by_ms": 8.5649995803833,
    "wait_cost": 0.049999237060546875
}
