{
    "child_model_execute_cost_by_ms": [
        19.423999786376953
    ],
    "child_model_run_time": [
        [
            20207617,
            20227041
        ]
    ],
    "execute_cost": 19.423999786376953,
    "finish_time": 20227045,
    "limit_cost_by_ms": 19.144332885742188,
    "model_name": "resnet50",
    "recv_time": 20207518,
    "tag": "640",
    "total_cost_by_ms": 19.527000427246094,
    "wait_cost": 0.10300064086914063
}
