{
    "child_model_execute_cost_by_ms": [
        22.384000778198242
    ],
    "child_model_run_time": [
        [
            20259152,
            20281536
        ]
    ],
    "execute_cost": 22.384000778198242,
    "finish_time": 20281544,
    "limit_cost_by_ms": 6.166666507720947,
    "model_name": "yolov2",
    "recv_time": 20259037,
    "tag": "642",
    "total_cost_by_ms": 22.506999969482422,
    "wait_cost": 0.12299919128417969
}
