{
    "child_model_execute_cost_by_ms": [
        8.645000457763672
    ],
    "child_model_run_time": [
        [
            9950294,
            9958939
        ]
    ],
    "execute_cost": 8.645000457763672,
    "finish_time": 9958942,
    "limit_cost_by_ms": 7.302666664123535,
    "model_name": "squeezenetv1",
    "recv_time": 9950268,
    "tag": "66",
    "total_cost_by_ms": 8.673999786376953,
    "wait_cost": 0.02899932861328125
}
