{
    "child_model_execute_cost_by_ms": [
        21.91900062561035
    ],
    "child_model_run_time": [
        [
            20743945,
            20765864
        ]
    ],
    "execute_cost": 21.91900062561035,
    "finish_time": 20765869,
    "limit_cost_by_ms": 6.166666507720947,
    "model_name": "yolov2",
    "recv_time": 20743823,
    "tag": "669",
    "total_cost_by_ms": 22.04599952697754,
    "wait_cost": 0.1269989013671875
}
