{
    "child_model_execute_cost_by_ms": [
        8.491999626159668
    ],
    "child_model_run_time": [
        [
            20779988,
            20788480
        ]
    ],
    "execute_cost": 8.491999626159668,
    "finish_time": 20788483,
    "limit_cost_by_ms": 7.302666664123535,
    "model_name": "squeezenetv1",
    "recv_time": 20779906,
    "tag": "671",
    "total_cost_by_ms": 8.57699966430664,
    "wait_cost": 0.08500003814697266
}
