{
    "child_model_execute_cost_by_ms": [
        47.81399917602539
    ],
    "child_model_run_time": [
        [
            20814901,
            20862715
        ]
    ],
    "execute_cost": 47.81399917602539,
    "finish_time": 20862720,
    "limit_cost_by_ms": 47.33266830444336,
    "model_name": "vgg19",
    "recv_time": 20814691,
    "tag": "674",
    "total_cost_by_ms": 48.02899932861328,
    "wait_cost": 0.21500015258789063
}
