{
    "child_model_execute_cost_by_ms": [
        22.707000732421875
    ],
    "child_model_run_time": [
        [
            20879612,
            20902319
        ]
    ],
    "execute_cost": 22.707000732421875,
    "finish_time": 20902326,
    "limit_cost_by_ms": 6.166666507720947,
    "model_name": "yolov2",
    "recv_time": 20879491,
    "tag": "677",
    "total_cost_by_ms": 22.834999084472656,
    "wait_cost": 0.12799835205078125
}
