{
    "child_model_execute_cost_by_ms": [
        34.05799865722656
    ],
    "child_model_run_time": [
        [
            21007408,
            21041466
        ]
    ],
    "execute_cost": 34.05799865722656,
    "finish_time": 21041468,
    "limit_cost_by_ms": 8.869333267211914,
    "model_name": "googlenet",
    "recv_time": 21007402,
    "tag": "685",
    "total_cost_by_ms": 34.066001892089844,
    "wait_cost": 0.00800323486328125
}
