{
    "child_model_execute_cost_by_ms": [
        23.847000122070313
    ],
    "child_model_run_time": [
        [
            10056321,
            10080168
        ]
    ],
    "execute_cost": 23.847000122070313,
    "finish_time": 10080174,
    "limit_cost_by_ms": 7.302666664123535,
    "model_name": "squeezenetv1",
    "recv_time": 10056206,
    "tag": "73",
    "total_cost_by_ms": 23.968000411987305,
    "wait_cost": 0.12100028991699219
}
