{
    "child_model_execute_cost_by_ms": [
        8.821000099182129
    ],
    "child_model_run_time": [
        [
            22307615,
            22316436
        ]
    ],
    "execute_cost": 8.821000099182129,
    "finish_time": 22316439,
    "limit_cost_by_ms": 7.302666664123535,
    "model_name": "squeezenetv1",
    "recv_time": 22307506,
    "tag": "756",
    "total_cost_by_ms": 8.932999610900879,
    "wait_cost": 0.11199951171875
}
