{
    "child_model_execute_cost_by_ms": [
        56.21900177001953
    ],
    "child_model_run_time": [
        [
            22350761,
            22406980
        ]
    ],
    "execute_cost": 56.21900177001953,
    "finish_time": 22406986,
    "limit_cost_by_ms": 8.869333267211914,
    "model_name": "googlenet",
    "recv_time": 22350754,
    "tag": "760",
    "total_cost_by_ms": 56.231998443603516,
    "wait_cost": 0.012996673583984375
}
