{
    "child_model_execute_cost_by_ms": [
        8.390999794006348
    ],
    "child_model_run_time": [
        [
            22429673,
            22438064
        ]
    ],
    "execute_cost": 8.390999794006348,
    "finish_time": 22438073,
    "limit_cost_by_ms": 7.302666664123535,
    "model_name": "squeezenetv1",
    "recv_time": 22429658,
    "tag": "763",
    "total_cost_by_ms": 8.414999961853027,
    "wait_cost": 0.024000167846679688
}
