{
    "child_model_execute_cost_by_ms": [
        7.5970001220703125
    ],
    "child_model_run_time": [
        [
            22529203,
            22536800
        ]
    ],
    "execute_cost": 7.5970001220703125,
    "finish_time": 22536804,
    "limit_cost_by_ms": 6.166666507720947,
    "model_name": "yolov2",
    "recv_time": 22529104,
    "tag": "768",
    "total_cost_by_ms": 7.699999809265137,
    "wait_cost": 0.10299968719482422
}
