{
    "child_model_execute_cost_by_ms": [
        40.922000885009766
    ],
    "child_model_run_time": [
        [
            22967320,
            23008242
        ]
    ],
    "execute_cost": 40.922000885009766,
    "finish_time": 23008250,
    "limit_cost_by_ms": 19.144332885742188,
    "model_name": "resnet50",
    "recv_time": 22967219,
    "tag": "793",
    "total_cost_by_ms": 41.03099822998047,
    "wait_cost": 0.10899734497070313
}
