{
    "child_model_execute_cost_by_ms": [
        8.432000160217285
    ],
    "child_model_run_time": [
        [
            23367242,
            23375674
        ]
    ],
    "execute_cost": 8.432000160217285,
    "finish_time": 23375683,
    "limit_cost_by_ms": 7.302666664123535,
    "model_name": "squeezenetv1",
    "recv_time": 23367224,
    "tag": "815",
    "total_cost_by_ms": 8.458999633789063,
    "wait_cost": 0.026999473571777344
}
