{
    "child_model_execute_cost_by_ms": [
        19.783000946044922
    ],
    "child_model_run_time": [
        [
            23375809,
            23395592
        ]
    ],
    "execute_cost": 19.783000946044922,
    "finish_time": 23395600,
    "limit_cost_by_ms": 19.144332885742188,
    "model_name": "resnet50",
    "recv_time": 23375796,
    "tag": "816",
    "total_cost_by_ms": 19.804000854492188,
    "wait_cost": 0.020999908447265625
}
