{
    "child_model_execute_cost_by_ms": [
        8.319999694824219
    ],
    "child_model_run_time": [
        [
            23481601,
            23489921
        ]
    ],
    "execute_cost": 8.319999694824219,
    "finish_time": 23489929,
    "limit_cost_by_ms": 7.302666664123535,
    "model_name": "squeezenetv1",
    "recv_time": 23481455,
    "tag": "821",
    "total_cost_by_ms": 8.473999977111816,
    "wait_cost": 0.15400028228759766
}
