{
    "child_model_execute_cost_by_ms": [
        12.36299991607666
    ],
    "child_model_run_time": [
        [
            10297442,
            10309805
        ]
    ],
    "execute_cost": 12.36299991607666,
    "finish_time": 10309810,
    "limit_cost_by_ms": 7.302666664123535,
    "model_name": "squeezenetv1",
    "recv_time": 10297434,
    "tag": "85",
    "total_cost_by_ms": 12.37600040435791,
    "wait_cost": 0.01300048828125
}
