{
    "child_model_execute_cost_by_ms": [
        9.359000205993652
    ],
    "child_model_run_time": [
        [
            23849181,
            23858540
        ]
    ],
    "execute_cost": 9.359000205993652,
    "finish_time": 23858547,
    "limit_cost_by_ms": 8.869333267211914,
    "model_name": "googlenet",
    "recv_time": 23849176,
    "tag": "843",
    "total_cost_by_ms": 9.371000289916992,
    "wait_cost": 0.012000083923339844
}
