{
    "child_model_execute_cost_by_ms": [
        6.5
    ],
    "child_model_run_time": [
        [
            23978489,
            23984989
        ]
    ],
    "execute_cost": 6.5,
    "finish_time": 23984995,
    "limit_cost_by_ms": 6.166666507720947,
    "model_name": "yolov2",
    "recv_time": 23978412,
    "tag": "850",
    "total_cost_by_ms": 6.583000183105469,
    "wait_cost": 0.08300018310546875
}
