{
    "child_model_execute_cost_by_ms": [
        44.96200180053711
    ],
    "child_model_run_time": [
        [
            23985629,
            24030591
        ]
    ],
    "execute_cost": 44.96200180053711,
    "finish_time": 24030598,
    "limit_cost_by_ms": 47.33266830444336,
    "model_name": "vgg19",
    "recv_time": 23985452,
    "tag": "851",
    "total_cost_by_ms": 45.145999908447266,
    "wait_cost": 0.18399810791015625
}
