{
    "child_model_execute_cost_by_ms": [
        44.95000076293945
    ],
    "child_model_run_time": [
        [
            24116330,
            24161280
        ]
    ],
    "execute_cost": 44.95000076293945,
    "finish_time": 24161286,
    "limit_cost_by_ms": 8.869333267211914,
    "model_name": "googlenet",
    "recv_time": 24116323,
    "tag": "859",
    "total_cost_by_ms": 44.9630012512207,
    "wait_cost": 0.01300048828125
}
