{
    "child_model_execute_cost_by_ms": [
        8.791999816894531
    ],
    "child_model_run_time": [
        [
            24297324,
            24306116
        ]
    ],
    "execute_cost": 8.791999816894531,
    "finish_time": 24306122,
    "limit_cost_by_ms": 7.302666664123535,
    "model_name": "squeezenetv1",
    "recv_time": 24296120,
    "tag": "868",
    "total_cost_by_ms": 10.001999855041504,
    "wait_cost": 1.2100000381469727
}
