{
    "child_model_execute_cost_by_ms": [
        12.027000427246094
    ],
    "child_model_run_time": [
        [
            24660564,
            24672591
        ]
    ],
    "execute_cost": 12.027000427246094,
    "finish_time": 24672597,
    "limit_cost_by_ms": 7.302666664123535,
    "model_name": "squeezenetv1",
    "recv_time": 24660450,
    "tag": "888",
    "total_cost_by_ms": 12.147000312805176,
    "wait_cost": 0.11999988555908203
}
