{
    "child_model_execute_cost_by_ms": [
        49.34400177001953
    ],
    "child_model_run_time": [
        [
            24683734,
            24733078
        ]
    ],
    "execute_cost": 49.34400177001953,
    "finish_time": 24733084,
    "limit_cost_by_ms": 8.869333267211914,
    "model_name": "googlenet",
    "recv_time": 24683729,
    "tag": "891",
    "total_cost_by_ms": 49.35499954223633,
    "wait_cost": 0.010997772216796875
}
