{
    "child_model_execute_cost_by_ms": [
        73.47100067138672
    ],
    "child_model_run_time": [
        [
            25272718,
            25346189
        ]
    ],
    "execute_cost": 73.47100067138672,
    "finish_time": 25346194,
    "limit_cost_by_ms": 19.144332885742188,
    "model_name": "resnet50",
    "recv_time": 25272559,
    "tag": "924",
    "total_cost_by_ms": 73.63500213623047,
    "wait_cost": 0.16400146484375
}
