{
    "child_model_execute_cost_by_ms": [
        18.80500030517578
    ],
    "child_model_run_time": [
        [
            25337587,
            25356392
        ]
    ],
    "execute_cost": 18.80500030517578,
    "finish_time": 25356397,
    "limit_cost_by_ms": 8.869333267211914,
    "model_name": "googlenet",
    "recv_time": 25337578,
    "tag": "926",
    "total_cost_by_ms": 18.819000244140625,
    "wait_cost": 0.01399993896484375
}
