{
    "child_model_execute_cost_by_ms": [
        55.46500015258789
    ],
    "child_model_run_time": [
        [
            25856898,
            25912363
        ]
    ],
    "execute_cost": 55.46500015258789,
    "finish_time": 25912372,
    "limit_cost_by_ms": 6.166666507720947,
    "model_name": "yolov2",
    "recv_time": 25856883,
    "tag": "957",
    "total_cost_by_ms": 55.48899841308594,
    "wait_cost": 0.023998260498046875
}
