{
    "child_model_execute_cost_by_ms": [
        29.30900001525879
    ],
    "child_model_run_time": [
        [
            26154163,
            26183472
        ]
    ],
    "execute_cost": 29.30900001525879,
    "finish_time": 26183479,
    "limit_cost_by_ms": 6.166666507720947,
    "model_name": "yolov2",
    "recv_time": 26154137,
    "tag": "972",
    "total_cost_by_ms": 29.341999053955078,
    "wait_cost": 0.03299903869628906
}
