{
    "child_model_execute_cost_by_ms": [
        18.618999481201172
    ],
    "child_model_run_time": [
        [
            26207943,
            26226562
        ]
    ],
    "execute_cost": 18.618999481201172,
    "finish_time": 26226566,
    "limit_cost_by_ms": 6.166666507720947,
    "model_name": "yolov2",
    "recv_time": 26207752,
    "tag": "975",
    "total_cost_by_ms": 18.81399917602539,
    "wait_cost": 0.19499969482421875
}
