{
    "child_model_execute_cost_by_ms": [
        7.085999965667725
    ],
    "child_model_run_time": [
        [
            26677234,
            26684320
        ]
    ],
    "execute_cost": 7.085999965667725,
    "finish_time": 26684328,
    "limit_cost_by_ms": 6.166666507720947,
    "model_name": "yolov2",
    "recv_time": 26677169,
    "tag": "999",
    "total_cost_by_ms": 7.158999919891357,
    "wait_cost": 0.07299995422363281
}
