name,min,avg,max
vgg19,1.0,1.0470746400499966,1.6683075573546542
resnet50,1.0024759945958346,1.8755564665312097,3.881115941619767
yolov2,1.0245782940198644,4.114421183211167,12.057670563505097
googlenet,1.0614432278688324,2.9760113803699295,8.112277474231085
squeezenetv1,1.0819357579226592,3.366234517785893,10.41095835965057
total,1.0,2.5917377952981866,12.057670563505097
