name,Std. Deviation of RR
vgg19,0.1070632336732356
resnet50,0.8940426751901884
yolov2,3.0555929742607284
googlenet,1.9114650614474062
squeezenetv1,2.4331730400524125
total,2.220257203827591
