{
    "child_model_execute_cost_by_ms": [
        7.39900016784668
    ],
    "child_model_run_time": [
        [
            10710205,
            10717604
        ]
    ],
    "execute_cost": 7.39900016784668,
    "finish_time": 10717619,
    "limit_cost_by_ms": 6.035333156585693,
    "model_name": "yolov2",
    "recv_time": 10670086,
    "tag": "102",
    "total_cost_by_ms": 47.53300094604492,
    "wait_cost": 40.134002685546875
}
