{
    "child_model_execute_cost_by_ms": [
        20.827999114990234
    ],
    "child_model_run_time": [
        [
            10781740,
            10802568
        ]
    ],
    "execute_cost": 20.827999114990234,
    "finish_time": 10802577,
    "limit_cost_by_ms": 18.8526668548584,
    "model_name": "resnet50",
    "recv_time": 10756955,
    "tag": "106",
    "total_cost_by_ms": 45.62200164794922,
    "wait_cost": 24.794002532958984
}
