{
    "child_model_execute_cost_by_ms": [
        44.45399856567383
    ],
    "child_model_run_time": [
        [
            10818684,
            10863138
        ]
    ],
    "execute_cost": 44.45399856567383,
    "finish_time": 10863150,
    "limit_cost_by_ms": 46.31633377075195,
    "model_name": "vgg19",
    "recv_time": 10818637,
    "tag": "109",
    "total_cost_by_ms": 44.51300048828125,
    "wait_cost": 0.059001922607421875
}
