{
    "child_model_execute_cost_by_ms": [
        6.679999828338623
    ],
    "child_model_run_time": [
        [
            10893369,
            10900049
        ]
    ],
    "execute_cost": 6.679999828338623,
    "finish_time": 10900060,
    "limit_cost_by_ms": 6.035333156585693,
    "model_name": "yolov2",
    "recv_time": 10875447,
    "tag": "112",
    "total_cost_by_ms": 24.613000869750977,
    "wait_cost": 17.933000564575195
}
