{
    "child_model_execute_cost_by_ms": [
        45.20100021362305
    ],
    "child_model_run_time": [
        [
            10908674,
            10953875
        ]
    ],
    "execute_cost": 45.20100021362305,
    "finish_time": 10953882,
    "limit_cost_by_ms": 46.31633377075195,
    "model_name": "vgg19",
    "recv_time": 10891653,
    "tag": "114",
    "total_cost_by_ms": 62.229000091552734,
    "wait_cost": 17.027999877929688
}
