{
    "child_model_execute_cost_by_ms": [
        6.85699987411499
    ],
    "child_model_run_time": [
        [
            11494345,
            11501202
        ]
    ],
    "execute_cost": 6.85699987411499,
    "finish_time": 11501209,
    "limit_cost_by_ms": 6.035333156585693,
    "model_name": "yolov2",
    "recv_time": 11493952,
    "tag": "142",
    "total_cost_by_ms": 7.256999969482422,
    "wait_cost": 0.40000009536743164
}
