{
    "child_model_execute_cost_by_ms": [
        8.295999526977539
    ],
    "child_model_run_time": [
        [
            11501591,
            11509887
        ]
    ],
    "execute_cost": 8.295999526977539,
    "finish_time": 11509899,
    "limit_cost_by_ms": 7.226666450500488,
    "model_name": "squeezenetv1",
    "recv_time": 11501571,
    "tag": "143",
    "total_cost_by_ms": 8.32800006866455,
    "wait_cost": 0.03200054168701172
}
