{
    "child_model_execute_cost_by_ms": [
        8.85200023651123
    ],
    "child_model_run_time": [
        [
            11636870,
            11645722
        ]
    ],
    "execute_cost": 8.85200023651123,
    "finish_time": 11645731,
    "limit_cost_by_ms": 7.226666450500488,
    "model_name": "squeezenetv1",
    "recv_time": 11607721,
    "tag": "149",
    "total_cost_by_ms": 38.0099983215332,
    "wait_cost": 29.157997131347656
}
