{
    "child_model_execute_cost_by_ms": [
        43.75899887084961
    ],
    "child_model_run_time": [
        [
            11963473,
            12007232
        ]
    ],
    "execute_cost": 43.75899887084961,
    "finish_time": 12007238,
    "limit_cost_by_ms": 46.31633377075195,
    "model_name": "vgg19",
    "recv_time": 11963443,
    "tag": "166",
    "total_cost_by_ms": 43.79499816894531,
    "wait_cost": 0.035999298095703125
}
