{
    "child_model_execute_cost_by_ms": [
        44.025001525878906
    ],
    "child_model_run_time": [
        [
            12350512,
            12394537
        ]
    ],
    "execute_cost": 44.025001525878906,
    "finish_time": 12394542,
    "limit_cost_by_ms": 46.31633377075195,
    "model_name": "vgg19",
    "recv_time": 12350427,
    "tag": "186",
    "total_cost_by_ms": 44.1150016784668,
    "wait_cost": 0.09000015258789063
}
