{
    "child_model_execute_cost_by_ms": [
        44.31399917602539
    ],
    "child_model_run_time": [
        [
            12734327,
            12778641
        ]
    ],
    "execute_cost": 44.31399917602539,
    "finish_time": 12778649,
    "limit_cost_by_ms": 46.31633377075195,
    "model_name": "vgg19",
    "recv_time": 12734149,
    "tag": "206",
    "total_cost_by_ms": 44.5,
    "wait_cost": 0.18600082397460938
}
