{
    "child_model_execute_cost_by_ms": [
        8.062999725341797
    ],
    "child_model_run_time": [
        [
            13023178,
            13031241
        ]
    ],
    "execute_cost": 8.062999725341797,
    "finish_time": 13031247,
    "limit_cost_by_ms": 7.226666450500488,
    "model_name": "squeezenetv1",
    "recv_time": 13001739,
    "tag": "220",
    "total_cost_by_ms": 29.507999420166016,
    "wait_cost": 21.44499969482422
}
