{
    "child_model_execute_cost_by_ms": [
        7.635000228881836
    ],
    "child_model_run_time": [
        [
            13114910,
            13122545
        ]
    ],
    "execute_cost": 7.635000228881836,
    "finish_time": 13122553,
    "limit_cost_by_ms": 7.226666450500488,
    "model_name": "squeezenetv1",
    "recv_time": 13114795,
    "tag": "225",
    "total_cost_by_ms": 7.757999897003174,
    "wait_cost": 0.12299966812133789
}
