{
    "child_model_execute_cost_by_ms": [
        7.328999996185303
    ],
    "child_model_run_time": [
        [
            13712371,
            13719700
        ]
    ],
    "execute_cost": 7.328999996185303,
    "finish_time": 13719715,
    "limit_cost_by_ms": 6.035333156585693,
    "model_name": "yolov2",
    "recv_time": 13697955,
    "tag": "254",
    "total_cost_by_ms": 21.760000228881836,
    "wait_cost": 14.430999755859375
}
