{
    "child_model_execute_cost_by_ms": [
        7.288000106811523
    ],
    "child_model_run_time": [
        [
            13815283,
            13822571
        ]
    ],
    "execute_cost": 7.288000106811523,
    "finish_time": 13822579,
    "limit_cost_by_ms": 6.035333156585693,
    "model_name": "yolov2",
    "recv_time": 13807517,
    "tag": "260",
    "total_cost_by_ms": 15.062000274658203,
    "wait_cost": 7.77400016784668
}
