{
    "child_model_execute_cost_by_ms": [
        44.33100128173828
    ],
    "child_model_run_time": [
        [
            14056908,
            14101239
        ]
    ],
    "execute_cost": 44.33100128173828,
    "finish_time": 14101246,
    "limit_cost_by_ms": 46.31633377075195,
    "model_name": "vgg19",
    "recv_time": 14056864,
    "tag": "273",
    "total_cost_by_ms": 44.38199996948242,
    "wait_cost": 0.050998687744140625
}
