{
    "child_model_execute_cost_by_ms": [
        9.946999549865723
    ],
    "child_model_run_time": [
        [
            14635300,
            14645247
        ]
    ],
    "execute_cost": 9.946999549865723,
    "finish_time": 14645253,
    "limit_cost_by_ms": 8.819999694824219,
    "model_name": "googlenet",
    "recv_time": 14635199,
    "tag": "301",
    "total_cost_by_ms": 10.053999900817871,
    "wait_cost": 0.10700035095214844
}
