{
    "child_model_execute_cost_by_ms": [
        8.031000137329102
    ],
    "child_model_run_time": [
        [
            14645287,
            14653318
        ]
    ],
    "execute_cost": 8.031000137329102,
    "finish_time": 14653324,
    "limit_cost_by_ms": 7.226666450500488,
    "model_name": "squeezenetv1",
    "recv_time": 14639470,
    "tag": "302",
    "total_cost_by_ms": 13.854000091552734,
    "wait_cost": 5.822999954223633
}
