{
    "child_model_execute_cost_by_ms": [
        6.639999866485596
    ],
    "child_model_run_time": [
        [
            15491030,
            15497670
        ]
    ],
    "execute_cost": 6.639999866485596,
    "finish_time": 15497684,
    "limit_cost_by_ms": 6.035333156585693,
    "model_name": "yolov2",
    "recv_time": 15490927,
    "tag": "345",
    "total_cost_by_ms": 6.756999969482422,
    "wait_cost": 0.11700010299682617
}
