{
    "child_model_execute_cost_by_ms": [
        7.38100004196167
    ],
    "child_model_run_time": [
        [
            15626086,
            15633467
        ]
    ],
    "execute_cost": 7.38100004196167,
    "finish_time": 15633476,
    "limit_cost_by_ms": 6.035333156585693,
    "model_name": "yolov2",
    "recv_time": 15602607,
    "tag": "351",
    "total_cost_by_ms": 30.868999481201172,
    "wait_cost": 23.487998962402344
}
