{
    "child_model_execute_cost_by_ms": [
        6.551000118255615
    ],
    "child_model_run_time": [
        [
            15718083,
            15724634
        ]
    ],
    "execute_cost": 6.551000118255615,
    "finish_time": 15724643,
    "limit_cost_by_ms": 6.035333156585693,
    "model_name": "yolov2",
    "recv_time": 15717913,
    "tag": "356",
    "total_cost_by_ms": 6.730000019073486,
    "wait_cost": 0.1789999008178711
}
