{
    "child_model_execute_cost_by_ms": [
        9.845000267028809
    ],
    "child_model_run_time": [
        [
            9430161,
            9440006
        ]
    ],
    "execute_cost": 9.845000267028809,
    "finish_time": 9440016,
    "limit_cost_by_ms": 8.819999694824219,
    "model_name": "googlenet",
    "recv_time": 9429997,
    "tag": "39",
    "total_cost_by_ms": 10.019000053405762,
    "wait_cost": 0.17399978637695313
}
