{
    "child_model_execute_cost_by_ms": [
        8.302000045776367
    ],
    "child_model_run_time": [
        [
            17004129,
            17012431
        ]
    ],
    "execute_cost": 8.302000045776367,
    "finish_time": 17012441,
    "limit_cost_by_ms": 7.226666450500488,
    "model_name": "squeezenetv1",
    "recv_time": 16983521,
    "tag": "420",
    "total_cost_by_ms": 28.920000076293945,
    "wait_cost": 20.618000030517578
}
