{
    "child_model_execute_cost_by_ms": [
        11.019000053405762
    ],
    "child_model_run_time": [
        [
            17310629,
            17321648
        ]
    ],
    "execute_cost": 11.019000053405762,
    "finish_time": 17321661,
    "limit_cost_by_ms": 8.819999694824219,
    "model_name": "googlenet",
    "recv_time": 17306675,
    "tag": "436",
    "total_cost_by_ms": 14.986000061035156,
    "wait_cost": 3.9670000076293945
}
