{
    "child_model_execute_cost_by_ms": [
        44.0989990234375
    ],
    "child_model_run_time": [
        [
            17790865,
            17834964
        ]
    ],
    "execute_cost": 44.0989990234375,
    "finish_time": 17834972,
    "limit_cost_by_ms": 46.31633377075195,
    "model_name": "vgg19",
    "recv_time": 17790704,
    "tag": "461",
    "total_cost_by_ms": 44.268001556396484,
    "wait_cost": 0.16900253295898438
}
