{
    "child_model_execute_cost_by_ms": [
        7.541999816894531
    ],
    "child_model_run_time": [
        [
            18073133,
            18080675
        ]
    ],
    "execute_cost": 7.541999816894531,
    "finish_time": 18080690,
    "limit_cost_by_ms": 6.035333156585693,
    "model_name": "yolov2",
    "recv_time": 18047726,
    "tag": "474",
    "total_cost_by_ms": 32.9640007019043,
    "wait_cost": 25.422000885009766
}
