{
    "child_model_execute_cost_by_ms": [
        45.08000183105469
    ],
    "child_model_run_time": [
        [
            18501425,
            18546505
        ]
    ],
    "execute_cost": 45.08000183105469,
    "finish_time": 18546514,
    "limit_cost_by_ms": 46.31633377075195,
    "model_name": "vgg19",
    "recv_time": 18501340,
    "tag": "497",
    "total_cost_by_ms": 45.17399978637695,
    "wait_cost": 0.09399795532226563
}
