{
    "child_model_execute_cost_by_ms": [
        44.94499969482422
    ],
    "child_model_run_time": [
        [
            18649272,
            18694217
        ]
    ],
    "execute_cost": 44.94499969482422,
    "finish_time": 18694223,
    "limit_cost_by_ms": 46.31633377075195,
    "model_name": "vgg19",
    "recv_time": 18649120,
    "tag": "504",
    "total_cost_by_ms": 45.10300064086914,
    "wait_cost": 0.15800094604492188
}
