{
    "child_model_execute_cost_by_ms": [
        7.355000019073486
    ],
    "child_model_run_time": [
        [
            18702549,
            18709904
        ]
    ],
    "execute_cost": 7.355000019073486,
    "finish_time": 18709913,
    "limit_cost_by_ms": 6.035333156585693,
    "model_name": "yolov2",
    "recv_time": 18653064,
    "tag": "506",
    "total_cost_by_ms": 56.8489990234375,
    "wait_cost": 49.49399948120117
}
