{
    "child_model_execute_cost_by_ms": [
        19.072999954223633
    ],
    "child_model_run_time": [
        [
            18710351,
            18729424
        ]
    ],
    "execute_cost": 19.072999954223633,
    "finish_time": 18729435,
    "limit_cost_by_ms": 18.8526668548584,
    "model_name": "resnet50",
    "recv_time": 18710236,
    "tag": "507",
    "total_cost_by_ms": 19.198999404907227,
    "wait_cost": 0.12599945068359375
}
