{
    "child_model_execute_cost_by_ms": [
        44.51300048828125
    ],
    "child_model_run_time": [
        [
            18801047,
            18845560
        ]
    ],
    "execute_cost": 44.51300048828125,
    "finish_time": 18845566,
    "limit_cost_by_ms": 46.31633377075195,
    "model_name": "vgg19",
    "recv_time": 18800887,
    "tag": "512",
    "total_cost_by_ms": 44.67900085449219,
    "wait_cost": 0.1660003662109375
}
