{
    "child_model_execute_cost_by_ms": [
        7.3429999351501465
    ],
    "child_model_run_time": [
        [
            18876670,
            18884013
        ]
    ],
    "execute_cost": 7.3429999351501465,
    "finish_time": 18884023,
    "limit_cost_by_ms": 6.035333156585693,
    "model_name": "yolov2",
    "recv_time": 18871191,
    "tag": "515",
    "total_cost_by_ms": 12.831999778747559,
    "wait_cost": 5.488999843597412
}
