{
    "child_model_execute_cost_by_ms": [
        19.39900016784668
    ],
    "child_model_run_time": [
        [
            19536174,
            19555573
        ]
    ],
    "execute_cost": 19.39900016784668,
    "finish_time": 19555589,
    "limit_cost_by_ms": 18.8526668548584,
    "model_name": "resnet50",
    "recv_time": 19536156,
    "tag": "551",
    "total_cost_by_ms": 19.433000564575195,
    "wait_cost": 0.034000396728515625
}
