{
    "child_model_execute_cost_by_ms": [
        45.39799880981445
    ],
    "child_model_run_time": [
        [
            19555721,
            19601119
        ]
    ],
    "execute_cost": 45.39799880981445,
    "finish_time": 19601128,
    "limit_cost_by_ms": 46.31633377075195,
    "model_name": "vgg19",
    "recv_time": 19543129,
    "tag": "552",
    "total_cost_by_ms": 57.999000549316406,
    "wait_cost": 12.601001739501953
}
