{
    "child_model_execute_cost_by_ms": [
        44.95399856567383
    ],
    "child_model_run_time": [
        [
            19618971,
            19663925
        ]
    ],
    "execute_cost": 44.95399856567383,
    "finish_time": 19663938,
    "limit_cost_by_ms": 46.31633377075195,
    "model_name": "vgg19",
    "recv_time": 19618760,
    "tag": "555",
    "total_cost_by_ms": 45.178001403808594,
    "wait_cost": 0.22400283813476563
}
