{
    "child_model_execute_cost_by_ms": [
        8.494000434875488
    ],
    "child_model_run_time": [
        [
            19664067,
            19672561
        ]
    ],
    "execute_cost": 8.494000434875488,
    "finish_time": 19672567,
    "limit_cost_by_ms": 7.226666450500488,
    "model_name": "squeezenetv1",
    "recv_time": 19640007,
    "tag": "556",
    "total_cost_by_ms": 32.560001373291016,
    "wait_cost": 24.066001892089844
}
