{
    "child_model_execute_cost_by_ms": [
        7.2270002365112305
    ],
    "child_model_run_time": [
        [
            19748775,
            19756002
        ]
    ],
    "execute_cost": 7.2270002365112305,
    "finish_time": 19756010,
    "limit_cost_by_ms": 6.035333156585693,
    "model_name": "yolov2",
    "recv_time": 19720593,
    "tag": "560",
    "total_cost_by_ms": 35.41699981689453,
    "wait_cost": 28.189998626708984
}
