{
    "child_model_execute_cost_by_ms": [
        7.144000053405762
    ],
    "child_model_run_time": [
        [
            20045507,
            20052651
        ]
    ],
    "execute_cost": 7.144000053405762,
    "finish_time": 20052660,
    "limit_cost_by_ms": 6.035333156585693,
    "model_name": "yolov2",
    "recv_time": 20032394,
    "tag": "575",
    "total_cost_by_ms": 20.266000747680664,
    "wait_cost": 13.122000694274902
}
