{
    "child_model_execute_cost_by_ms": [
        19.007999420166016
    ],
    "child_model_run_time": [
        [
            20061719,
            20080727
        ]
    ],
    "execute_cost": 19.007999420166016,
    "finish_time": 20080735,
    "limit_cost_by_ms": 18.8526668548584,
    "model_name": "resnet50",
    "recv_time": 20061668,
    "tag": "577",
    "total_cost_by_ms": 19.066999435424805,
    "wait_cost": 0.05900001525878906
}
