{
    "child_model_execute_cost_by_ms": [
        7.0
    ],
    "child_model_run_time": [
        [
            20143460,
            20150460
        ]
    ],
    "execute_cost": 7.0,
    "finish_time": 20150465,
    "limit_cost_by_ms": 6.035333156585693,
    "model_name": "yolov2",
    "recv_time": 20138223,
    "tag": "581",
    "total_cost_by_ms": 12.241999626159668,
    "wait_cost": 5.241999626159668
}
