{
    "child_model_execute_cost_by_ms": [
        45.29899978637695
    ],
    "child_model_run_time": [
        [
            20766596,
            20811895
        ]
    ],
    "execute_cost": 45.29899978637695,
    "finish_time": 20811903,
    "limit_cost_by_ms": 46.31633377075195,
    "model_name": "vgg19",
    "recv_time": 20766559,
    "tag": "613",
    "total_cost_by_ms": 45.34400177001953,
    "wait_cost": 0.045001983642578125
}
