{
    "child_model_execute_cost_by_ms": [
        8.142000198364258
    ],
    "child_model_run_time": [
        [
            21499256,
            21507398
        ]
    ],
    "execute_cost": 8.142000198364258,
    "finish_time": 21507406,
    "limit_cost_by_ms": 7.226666450500488,
    "model_name": "squeezenetv1",
    "recv_time": 21451483,
    "tag": "648",
    "total_cost_by_ms": 55.92300033569336,
    "wait_cost": 47.78099822998047
}
