{
    "child_model_execute_cost_by_ms": [
        7.296999931335449
    ],
    "child_model_run_time": [
        [
            21655441,
            21662738
        ]
    ],
    "execute_cost": 7.296999931335449,
    "finish_time": 21662744,
    "limit_cost_by_ms": 6.035333156585693,
    "model_name": "yolov2",
    "recv_time": 21651317,
    "tag": "656",
    "total_cost_by_ms": 11.427000045776367,
    "wait_cost": 4.130000114440918
}
