{
    "child_model_execute_cost_by_ms": [
        18.95400047302246
    ],
    "child_model_run_time": [
        [
            22038280,
            22057234
        ]
    ],
    "execute_cost": 18.95400047302246,
    "finish_time": 22057247,
    "limit_cost_by_ms": 18.8526668548584,
    "model_name": "resnet50",
    "recv_time": 22038183,
    "tag": "675",
    "total_cost_by_ms": 19.06399917602539,
    "wait_cost": 0.10999870300292969
}
