{
    "child_model_execute_cost_by_ms": [
        8.286999702453613
    ],
    "child_model_run_time": [
        [
            22212135,
            22220422
        ]
    ],
    "execute_cost": 8.286999702453613,
    "finish_time": 22220429,
    "limit_cost_by_ms": 7.226666450500488,
    "model_name": "squeezenetv1",
    "recv_time": 22209322,
    "tag": "684",
    "total_cost_by_ms": 11.107000350952148,
    "wait_cost": 2.820000648498535
}
