{
    "child_model_execute_cost_by_ms": [
        10.217000007629395
    ],
    "child_model_run_time": [
        [
            22675488,
            22685705
        ]
    ],
    "execute_cost": 10.217000007629395,
    "finish_time": 22685716,
    "limit_cost_by_ms": 8.819999694824219,
    "model_name": "googlenet",
    "recv_time": 22661951,
    "tag": "707",
    "total_cost_by_ms": 23.764999389648438,
    "wait_cost": 13.547999382019043
}
