{
    "child_model_execute_cost_by_ms": [
        7.932000160217285
    ],
    "child_model_run_time": [
        [
            22894536,
            22902468
        ]
    ],
    "execute_cost": 7.932000160217285,
    "finish_time": 22902475,
    "limit_cost_by_ms": 7.226666450500488,
    "model_name": "squeezenetv1",
    "recv_time": 22894408,
    "tag": "718",
    "total_cost_by_ms": 8.067000389099121,
    "wait_cost": 0.13500022888183594
}
