{
    "child_model_execute_cost_by_ms": [
        6.453000068664551
    ],
    "child_model_run_time": [
        [
            23226801,
            23233254
        ]
    ],
    "execute_cost": 6.453000068664551,
    "finish_time": 23233262,
    "limit_cost_by_ms": 6.035333156585693,
    "model_name": "yolov2",
    "recv_time": 23226794,
    "tag": "735",
    "total_cost_by_ms": 6.4679999351501465,
    "wait_cost": 0.014999866485595703
}
