{
    "child_model_execute_cost_by_ms": [
        7.205999851226807
    ],
    "child_model_run_time": [
        [
            23896609,
            23903815
        ]
    ],
    "execute_cost": 7.205999851226807,
    "finish_time": 23903822,
    "limit_cost_by_ms": 6.035333156585693,
    "model_name": "yolov2",
    "recv_time": 23865593,
    "tag": "767",
    "total_cost_by_ms": 38.229000091552734,
    "wait_cost": 31.023000717163086
}
