{
    "child_model_execute_cost_by_ms": [
        43.770999908447266
    ],
    "child_model_run_time": [
        [
            10202305,
            10246076
        ]
    ],
    "execute_cost": 43.770999908447266,
    "finish_time": 10246087,
    "limit_cost_by_ms": 46.31633377075195,
    "model_name": "vgg19",
    "recv_time": 10202189,
    "tag": "78",
    "total_cost_by_ms": 43.89799880981445,
    "wait_cost": 0.1269989013671875
}
