{
    "child_model_execute_cost_by_ms": [
        6.633999824523926
    ],
    "child_model_run_time": [
        [
            23990157,
            23996791
        ]
    ],
    "execute_cost": 6.633999824523926,
    "finish_time": 23996799,
    "limit_cost_by_ms": 6.035333156585693,
    "model_name": "yolov2",
    "recv_time": 23990151,
    "tag": "772",
    "total_cost_by_ms": 6.6479997634887695,
    "wait_cost": 0.01399993896484375
}
