{
    "child_model_execute_cost_by_ms": [
        10.763999938964844
    ],
    "child_model_run_time": [
        [
            24142837,
            24153601
        ]
    ],
    "execute_cost": 10.763999938964844,
    "finish_time": 24153610,
    "limit_cost_by_ms": 8.819999694824219,
    "model_name": "googlenet",
    "recv_time": 24140254,
    "tag": "780",
    "total_cost_by_ms": 13.355999946594238,
    "wait_cost": 2.5920000076293945
}
