{
    "child_model_execute_cost_by_ms": [
        45.319000244140625
    ],
    "child_model_run_time": [
        [
            24245838,
            24291157
        ]
    ],
    "execute_cost": 45.319000244140625,
    "finish_time": 24291165,
    "limit_cost_by_ms": 46.31633377075195,
    "model_name": "vgg19",
    "recv_time": 24242776,
    "tag": "786",
    "total_cost_by_ms": 48.388999938964844,
    "wait_cost": 3.0699996948242188
}
