{
    "child_model_execute_cost_by_ms": [
        9.684000015258789
    ],
    "child_model_run_time": [
        [
            24464765,
            24474449
        ]
    ],
    "execute_cost": 9.684000015258789,
    "finish_time": 24474457,
    "limit_cost_by_ms": 8.819999694824219,
    "model_name": "googlenet",
    "recv_time": 24445004,
    "tag": "796",
    "total_cost_by_ms": 29.452999114990234,
    "wait_cost": 19.768999099731445
}
