{
    "child_model_execute_cost_by_ms": [
        7.89900016784668
    ],
    "child_model_run_time": [
        [
            24536568,
            24544467
        ]
    ],
    "execute_cost": 7.89900016784668,
    "finish_time": 24544471,
    "limit_cost_by_ms": 7.226666450500488,
    "model_name": "squeezenetv1",
    "recv_time": 24532152,
    "tag": "800",
    "total_cost_by_ms": 12.319000244140625,
    "wait_cost": 4.420000076293945
}
