{
    "child_model_execute_cost_by_ms": [
        10.003000259399414
    ],
    "child_model_run_time": [
        [
            24763286,
            24773289
        ]
    ],
    "execute_cost": 10.003000259399414,
    "finish_time": 24773294,
    "limit_cost_by_ms": 8.819999694824219,
    "model_name": "googlenet",
    "recv_time": 24747831,
    "tag": "811",
    "total_cost_by_ms": 25.46299934387207,
    "wait_cost": 15.459999084472656
}
