{
    "child_model_execute_cost_by_ms": [
        8.109999656677246
    ],
    "child_model_run_time": [
        [
            24826257,
            24834367
        ]
    ],
    "execute_cost": 8.109999656677246,
    "finish_time": 24834374,
    "limit_cost_by_ms": 7.226666450500488,
    "model_name": "squeezenetv1",
    "recv_time": 24821281,
    "tag": "814",
    "total_cost_by_ms": 13.093000411987305,
    "wait_cost": 4.983000755310059
}
