{
    "child_model_execute_cost_by_ms": [
        19.468000411987305
    ],
    "child_model_run_time": [
        [
            24834457,
            24853925
        ]
    ],
    "execute_cost": 19.468000411987305,
    "finish_time": 24853940,
    "limit_cost_by_ms": 18.8526668548584,
    "model_name": "resnet50",
    "recv_time": 24821372,
    "tag": "815",
    "total_cost_by_ms": 32.56800079345703,
    "wait_cost": 13.100000381469727
}
