{
    "child_model_execute_cost_by_ms": [
        44.16999816894531
    ],
    "child_model_run_time": [
        [
            25074052,
            25118222
        ]
    ],
    "execute_cost": 44.16999816894531,
    "finish_time": 25118230,
    "limit_cost_by_ms": 46.31633377075195,
    "model_name": "vgg19",
    "recv_time": 25073975,
    "tag": "827",
    "total_cost_by_ms": 44.255001068115234,
    "wait_cost": 0.08500289916992188
}
