{
    "child_model_execute_cost_by_ms": [
        8.161999702453613
    ],
    "child_model_run_time": [
        [
            25385926,
            25394088
        ]
    ],
    "execute_cost": 8.161999702453613,
    "finish_time": 25394097,
    "limit_cost_by_ms": 7.226666450500488,
    "model_name": "squeezenetv1",
    "recv_time": 25369764,
    "tag": "842",
    "total_cost_by_ms": 24.33300018310547,
    "wait_cost": 16.171001434326172
}
