{
    "child_model_execute_cost_by_ms": [
        44.053001403808594
    ],
    "child_model_run_time": [
        [
            25457762,
            25501815
        ]
    ],
    "execute_cost": 44.053001403808594,
    "finish_time": 25501824,
    "limit_cost_by_ms": 46.31633377075195,
    "model_name": "vgg19",
    "recv_time": 25457742,
    "tag": "846",
    "total_cost_by_ms": 44.082000732421875,
    "wait_cost": 0.02899932861328125
}
