{
    "child_model_execute_cost_by_ms": [
        7.307000160217285
    ],
    "child_model_run_time": [
        [
            25887357,
            25894664
        ]
    ],
    "execute_cost": 7.307000160217285,
    "finish_time": 25894674,
    "limit_cost_by_ms": 6.035333156585693,
    "model_name": "yolov2",
    "recv_time": 25852948,
    "tag": "866",
    "total_cost_by_ms": 41.72600173950195,
    "wait_cost": 34.419002532958984
}
