{
    "child_model_execute_cost_by_ms": [
        10.097999572753906
    ],
    "child_model_run_time": [
        [
            10429617,
            10439715
        ]
    ],
    "execute_cost": 10.097999572753906,
    "finish_time": 10439723,
    "limit_cost_by_ms": 8.819999694824219,
    "model_name": "googlenet",
    "recv_time": 10429517,
    "tag": "89",
    "total_cost_by_ms": 10.206000328063965,
    "wait_cost": 0.1080007553100586
}
