{
    "child_model_execute_cost_by_ms": [
        8.498000144958496
    ],
    "child_model_run_time": [
        [
            10491249,
            10499747
        ]
    ],
    "execute_cost": 8.498000144958496,
    "finish_time": 10499758,
    "limit_cost_by_ms": 7.226666450500488,
    "model_name": "squeezenetv1",
    "recv_time": 10491152,
    "tag": "92",
    "total_cost_by_ms": 8.605999946594238,
    "wait_cost": 0.10799980163574219
}
