{
    "child_model_execute_cost_by_ms": [
        10.293999671936035
    ],
    "child_model_run_time": [
        [
            27070503,
            27080797
        ]
    ],
    "execute_cost": 10.293999671936035,
    "finish_time": 27080810,
    "limit_cost_by_ms": 8.819999694824219,
    "model_name": "googlenet",
    "recv_time": 27070465,
    "tag": "926",
    "total_cost_by_ms": 10.345000267028809,
    "wait_cost": 0.05100059509277344
}
