{
    "child_model_execute_cost_by_ms": [
        44.119998931884766
    ],
    "child_model_run_time": [
        [
            10519847,
            10563967
        ]
    ],
    "execute_cost": 44.119998931884766,
    "finish_time": 10563979,
    "limit_cost_by_ms": 46.31633377075195,
    "model_name": "vgg19",
    "recv_time": 10519808,
    "tag": "94",
    "total_cost_by_ms": 44.17100143432617,
    "wait_cost": 0.05100250244140625
}
