{
    "child_model_execute_cost_by_ms": [
        46.321998596191406
    ],
    "child_model_run_time": [
        [
            27161686,
            27208008
        ]
    ],
    "execute_cost": 46.321998596191406,
    "finish_time": 27208018,
    "limit_cost_by_ms": 46.31633377075195,
    "model_name": "vgg19",
    "recv_time": 27158720,
    "tag": "931",
    "total_cost_by_ms": 49.29800033569336,
    "wait_cost": 2.976001739501953
}
