{
    "child_model_execute_cost_by_ms": [
        8.435999870300293
    ],
    "child_model_run_time": [
        [
            27271408,
            27279844
        ]
    ],
    "execute_cost": 8.435999870300293,
    "finish_time": 27279853,
    "limit_cost_by_ms": 7.226666450500488,
    "model_name": "squeezenetv1",
    "recv_time": 27248962,
    "tag": "935",
    "total_cost_by_ms": 30.891000747680664,
    "wait_cost": 22.455001831054688
}
