{
    "child_model_execute_cost_by_ms": [
        10.064000129699707
    ],
    "child_model_run_time": [
        [
            27608288,
            27618352
        ]
    ],
    "execute_cost": 10.064000129699707,
    "finish_time": 27618363,
    "limit_cost_by_ms": 8.819999694824219,
    "model_name": "googlenet",
    "recv_time": 27608108,
    "tag": "953",
    "total_cost_by_ms": 10.255000114440918,
    "wait_cost": 0.19099998474121094
}
