{
    "child_model_execute_cost_by_ms": [
        19.496000289916992
    ],
    "child_model_run_time": [
        [
            27756088,
            27775584
        ]
    ],
    "execute_cost": 19.496000289916992,
    "finish_time": 27775594,
    "limit_cost_by_ms": 18.8526668548584,
    "model_name": "resnet50",
    "recv_time": 27756074,
    "tag": "960",
    "total_cost_by_ms": 19.520000457763672,
    "wait_cost": 0.024000167846679688
}
