{
    "child_model_execute_cost_by_ms": [
        7.289999961853027
    ],
    "child_model_run_time": [
        [
            28130643,
            28137933
        ]
    ],
    "execute_cost": 7.289999961853027,
    "finish_time": 28137939,
    "limit_cost_by_ms": 6.035333156585693,
    "model_name": "yolov2",
    "recv_time": 28100716,
    "tag": "978",
    "total_cost_by_ms": 37.222999572753906,
    "wait_cost": 29.932998657226563
}
