{
    "child_model_execute_cost_by_ms": [
        8.291000366210938
    ],
    "child_model_run_time": [
        [
            28214113,
            28222404
        ]
    ],
    "execute_cost": 8.291000366210938,
    "finish_time": 28222417,
    "limit_cost_by_ms": 7.226666450500488,
    "model_name": "squeezenetv1",
    "recv_time": 28186764,
    "tag": "982",
    "total_cost_by_ms": 35.65299987792969,
    "wait_cost": 27.36199951171875
}
