{
    "child_model_execute_cost_by_ms": [
        20.156999588012695
    ],
    "child_model_run_time": [
        [
            28436233,
            28456390
        ]
    ],
    "execute_cost": 20.156999588012695,
    "finish_time": 28456399,
    "limit_cost_by_ms": 18.8526668548584,
    "model_name": "resnet50",
    "recv_time": 28398526,
    "tag": "994",
    "total_cost_by_ms": 57.87300109863281,
    "wait_cost": 37.71600341796875
}
