name,min,avg,max
resnet50,1.0,1.525516264076276,4.776785760703823
vgg19,1.0,1.0794786740326483,1.7710922624812027
yolov2,1.0,2.6655487818317845,8.77309065689463
googlenet,1.0095784779018975,2.2256971690120553,6.965354461139179
squeezenetv1,1.0289959722180626,2.0036067647136044,8.44349386171443
total,1.0,1.9515967621015673,8.77309065689463
