name,Std. Deviation of RR
resnet50,0.8414877596257248
vgg19,0.15494019666039952
yolov2,2.003155322297639
googlenet,1.5174218337171923
squeezenetv1,1.5224187036778998
total,1.5114581864798586
