name,min,avg,max
squeezenetv1,1.0445957442526523,2.5022180420864153,4.65401071170992
googlenet,1.0597108359147431,2.327524912221715,5.403589256715708
vgg19,1.1713128974343114,1.7521744892045736,2.5925366748415706
yolov2,1.1792477714799825,2.7380426207583612,4.973051959188345
resnet50,1.1904479609055787,1.9318049376832014,3.3979507871683774
total,1.0445957442526523,2.169594191419527,5.403589256715708
