name,Std. Deviation of RR
squeezenetv1,0.9537842015282797
googlenet,0.8905597736739844
vgg19,0.35549535953920836
yolov2,0.9926537740579551
resnet50,0.5262250591991506
total,0.8160551622139575
