name,min,avg,max
yolov2,1.0350839393993976,2.41351919493,4.677249249066173
squeezenetv1,1.0471698161940568,2.2622354596136174,4.692019406502377
googlenet,1.0807934433713648,2.23986181227552,5.073397871993906
vgg19,1.0916703713433835,1.6265736341161068,3.3575058225448453
resnet50,1.194511780715284,2.0106682743522173,3.6092518989326856
total,1.0350839393993976,2.082554602202366,5.073397871993906
