name,Std. Deviation of RR
yolov2,0.9523700680957349
squeezenetv1,0.8969647301550923
googlenet,0.9770765997176522
vgg19,0.3818095843003838
resnet50,0.5669733414629946
total,0.8303587403074422
