name,min,avg,max
resnet50,1.0,2.2184957368282068,5.111907493244497
vgg19,1.0,1.1221536497586633,1.9202981804279136
googlenet,1.0019514726492338,2.9671627776285545,10.299567293626996
yolov2,1.0112949573217074,3.5277850565945212,14.236716508010462
squeezenetv1,1.072263979880231,3.3156468170131648,12.75224382379378
total,1.0,2.8051213917006277,14.236716508010462
