{
    "vgg19": {
        "min": 0.006999969482421875,
        "avg": 0.057211894862699196,
        "max": 0.21500396728515625,
        "std": 0.054847148742443924
    },
    "resnet50": {
        "min": 0.007999420166015625,
        "avg": 0.058921173999184055,
        "max": 0.21899986267089844,
        "std": 0.05990602754290516
    },
    "yolov2": {
        "min": 0.008000373840332031,
        "avg": 0.07579447817896666,
        "max": 0.20000028610229492,
        "std": 0.054451462195354246
    },
    "googlenet": {
        "min": 0.010999679565429688,
        "avg": 0.0831578907213713,
        "max": 3.5769996643066406,
        "std": 0.26137815589059876
    },
    "squeezenetv1": {
        "min": 0.011997222900390625,
        "avg": 0.1424526492441733,
        "max": 4.13599967956543,
        "std": 0.4815033165499042
    },
    "total": {
        "min": 0.006999969482421875,
        "avg": 0.08875398969650268,
        "max": 4.13599967956543,
        "std": 0.2728556832598653
    }
}