name,Std. Deviation of RR
resnet50,1.1923069791306014
vgg19,0.17910340634103586
googlenet,2.4828896880980063
yolov2,3.330629528527644
squeezenetv1,2.7960133862030307
total,2.6168888398467987
