name,min,avg,max
vgg19,1.0,1.0499763458838682,1.8822876814766605
resnet50,1.0,1.9679523400660006,4.821331449086398
googlenet,1.0054053268943253,2.7862151451776342,7.298283260905638
squeezenetv1,1.01832912936778,2.4872875463572,7.867313486461251
yolov2,1.0363636167762136,2.96961299283739,8.475201902957304
total,1.0,2.174336247475576,8.475201902957304
