name,Std. Deviation of RR
vgg19,0.13534483988208168
resnet50,1.0578829294015908
googlenet,1.8145894547036343
squeezenetv1,1.7669266075724326
yolov2,2.095540452568593
total,1.6628555870686335
