{
    "child_model_execute_cost_by_ms": [
        8.137999534606934
    ],
    "child_model_run_time": [
        [
            8619156,
            8627294
        ]
    ],
    "execute_cost": 8.137999534606934,
    "finish_time": 8627304,
    "limit_cost_by_ms": 6.184999942779541,
    "model_name": "yolov2",
    "recv_time": 8619140,
    "tag": "2",
    "total_cost_by_ms": 8.163999557495117,
    "wait_cost": 0.026000022888183594
}
