{
    "child_model_execute_cost_by_ms": [
        19.316999435424805
    ],
    "child_model_run_time": [
        [
            10406773,
            10426090
        ]
    ],
    "execute_cost": 19.316999435424805,
    "finish_time": 10426105,
    "limit_cost_by_ms": 19.101667404174805,
    "model_name": "resnet50",
    "recv_time": 10406760,
    "tag": "104",
    "total_cost_by_ms": 19.344999313354492,
    "wait_cost": 0.0279998779296875
}
