{
    "child_model_execute_cost_by_ms": [
        10.206000328063965
    ],
    "child_model_run_time": [
        [
            10518721,
            10528927
        ]
    ],
    "execute_cost": 10.206000328063965,
    "finish_time": 10528937,
    "limit_cost_by_ms": 8.86400032043457,
    "model_name": "googlenet",
    "recv_time": 10518689,
    "tag": "110",
    "total_cost_by_ms": 10.248000144958496,
    "wait_cost": 0.04199981689453125
}
