{
    "child_model_execute_cost_by_ms": [
        19.145000457763672
    ],
    "child_model_run_time": [
        [
            11084038,
            11103183
        ]
    ],
    "execute_cost": 19.145000457763672,
    "finish_time": 11103195,
    "limit_cost_by_ms": 19.101667404174805,
    "model_name": "resnet50",
    "recv_time": 11083970,
    "tag": "143",
    "total_cost_by_ms": 19.225000381469727,
    "wait_cost": 0.07999992370605469
}
