{
    "child_model_execute_cost_by_ms": [
        45.31999969482422
    ],
    "child_model_run_time": [
        [
            11326153,
            11371473
        ]
    ],
    "execute_cost": 45.31999969482422,
    "finish_time": 11371480,
    "limit_cost_by_ms": 47.41033172607422,
    "model_name": "vgg19",
    "recv_time": 11316129,
    "tag": "157",
    "total_cost_by_ms": 55.35100173950195,
    "wait_cost": 10.031002044677734
}
