{
    "child_model_execute_cost_by_ms": [
        7.408999919891357
    ],
    "child_model_run_time": [
        [
            11392323,
            11399732
        ]
    ],
    "execute_cost": 7.408999919891357,
    "finish_time": 11399744,
    "limit_cost_by_ms": 6.184999942779541,
    "model_name": "yolov2",
    "recv_time": 11368018,
    "tag": "159",
    "total_cost_by_ms": 31.72599983215332,
    "wait_cost": 24.316999435424805
}
