{
    "child_model_execute_cost_by_ms": [
        6.390999794006348
    ],
    "child_model_run_time": [
        [
            11518417,
            11524808
        ]
    ],
    "execute_cost": 6.390999794006348,
    "finish_time": 11524816,
    "limit_cost_by_ms": 6.184999942779541,
    "model_name": "yolov2",
    "recv_time": 11518407,
    "tag": "167",
    "total_cost_by_ms": 6.408999919891357,
    "wait_cost": 0.018000125885009766
}
