{
    "child_model_execute_cost_by_ms": [
        9.949999809265137
    ],
    "child_model_run_time": [
        [
            11681141,
            11691091
        ]
    ],
    "execute_cost": 9.949999809265137,
    "finish_time": 11691104,
    "limit_cost_by_ms": 8.86400032043457,
    "model_name": "googlenet",
    "recv_time": 11674631,
    "tag": "178",
    "total_cost_by_ms": 16.472999572753906,
    "wait_cost": 6.5229997634887695
}
