{
    "child_model_execute_cost_by_ms": [
        6.275000095367432
    ],
    "child_model_run_time": [
        [
            11776370,
            11782645
        ]
    ],
    "execute_cost": 6.275000095367432,
    "finish_time": 11782653,
    "limit_cost_by_ms": 6.184999942779541,
    "model_name": "yolov2",
    "recv_time": 11776354,
    "tag": "183",
    "total_cost_by_ms": 6.298999786376953,
    "wait_cost": 0.023999691009521484
}
