{
    "child_model_execute_cost_by_ms": [
        44.67399978637695
    ],
    "child_model_run_time": [
        [
            11791485,
            11836159
        ]
    ],
    "execute_cost": 44.67399978637695,
    "finish_time": 11836171,
    "limit_cost_by_ms": 47.41033172607422,
    "model_name": "vgg19",
    "recv_time": 11791316,
    "tag": "185",
    "total_cost_by_ms": 44.85499954223633,
    "wait_cost": 0.180999755859375
}
