{
    "child_model_execute_cost_by_ms": [
        10.446999549865723
    ],
    "child_model_run_time": [
        [
            11857386,
            11867833
        ]
    ],
    "execute_cost": 10.446999549865723,
    "finish_time": 11867844,
    "limit_cost_by_ms": 8.86400032043457,
    "model_name": "googlenet",
    "recv_time": 11857193,
    "tag": "187",
    "total_cost_by_ms": 10.651000022888184,
    "wait_cost": 0.20400047302246094
}
