{
    "child_model_execute_cost_by_ms": [
        19.299999237060547
    ],
    "child_model_run_time": [
        [
            8955447,
            8974747
        ]
    ],
    "execute_cost": 19.299999237060547,
    "finish_time": 8974761,
    "limit_cost_by_ms": 19.101667404174805,
    "model_name": "resnet50",
    "recv_time": 8955281,
    "tag": "21",
    "total_cost_by_ms": 19.479999542236328,
    "wait_cost": 0.18000030517578125
}
