{
    "child_model_execute_cost_by_ms": [
        6.4019999504089355
    ],
    "child_model_run_time": [
        [
            12199341,
            12205743
        ]
    ],
    "execute_cost": 6.4019999504089355,
    "finish_time": 12205752,
    "limit_cost_by_ms": 6.184999942779541,
    "model_name": "yolov2",
    "recv_time": 12199326,
    "tag": "207",
    "total_cost_by_ms": 6.426000118255615,
    "wait_cost": 0.024000167846679688
}
