{
    "child_model_execute_cost_by_ms": [
        19.34000015258789
    ],
    "child_model_run_time": [
        [
            12206338,
            12225678
        ]
    ],
    "execute_cost": 19.34000015258789,
    "finish_time": 12225693,
    "limit_cost_by_ms": 19.101667404174805,
    "model_name": "resnet50",
    "recv_time": 12206177,
    "tag": "208",
    "total_cost_by_ms": 19.516000747680664,
    "wait_cost": 0.17600059509277344
}
