{
    "child_model_execute_cost_by_ms": [
        46.803001403808594
    ],
    "child_model_run_time": [
        [
            12355110,
            12401913
        ]
    ],
    "execute_cost": 46.803001403808594,
    "finish_time": 12401923,
    "limit_cost_by_ms": 47.41033172607422,
    "model_name": "vgg19",
    "recv_time": 12355099,
    "tag": "217",
    "total_cost_by_ms": 46.82400131225586,
    "wait_cost": 0.020999908447265625
}
