{
    "child_model_execute_cost_by_ms": [
        18.72599983215332
    ],
    "child_model_run_time": [
        [
            12541760,
            12560486
        ]
    ],
    "execute_cost": 18.72599983215332,
    "finish_time": 12560495,
    "limit_cost_by_ms": 19.101667404174805,
    "model_name": "resnet50",
    "recv_time": 12541645,
    "tag": "227",
    "total_cost_by_ms": 18.850000381469727,
    "wait_cost": 0.12400054931640625
}
