{
    "child_model_execute_cost_by_ms": [
        7.247000217437744
    ],
    "child_model_run_time": [
        [
            12864603,
            12871850
        ]
    ],
    "execute_cost": 7.247000217437744,
    "finish_time": 12871857,
    "limit_cost_by_ms": 6.184999942779541,
    "model_name": "yolov2",
    "recv_time": 12836284,
    "tag": "245",
    "total_cost_by_ms": 35.573001861572266,
    "wait_cost": 28.32600212097168
}
