{
    "child_model_execute_cost_by_ms": [
        19.242000579833984
    ],
    "child_model_run_time": [
        [
            12880766,
            12900008
        ]
    ],
    "execute_cost": 19.242000579833984,
    "finish_time": 12900020,
    "limit_cost_by_ms": 19.101667404174805,
    "model_name": "resnet50",
    "recv_time": 12880610,
    "tag": "247",
    "total_cost_by_ms": 19.40999984741211,
    "wait_cost": 0.167999267578125
}
