{
    "child_model_execute_cost_by_ms": [
        6.497000217437744
    ],
    "child_model_run_time": [
        [
            9066133,
            9072630
        ]
    ],
    "execute_cost": 6.497000217437744,
    "finish_time": 9072638,
    "limit_cost_by_ms": 6.184999942779541,
    "model_name": "yolov2",
    "recv_time": 9066038,
    "tag": "27",
    "total_cost_by_ms": 6.599999904632568,
    "wait_cost": 0.10299968719482422
}
