{
    "child_model_execute_cost_by_ms": [
        6.408999919891357
    ],
    "child_model_run_time": [
        [
            13362328,
            13368737
        ]
    ],
    "execute_cost": 6.408999919891357,
    "finish_time": 13368743,
    "limit_cost_by_ms": 6.184999942779541,
    "model_name": "yolov2",
    "recv_time": 13362319,
    "tag": "275",
    "total_cost_by_ms": 6.423999786376953,
    "wait_cost": 0.014999866485595703
}
