{
    "child_model_execute_cost_by_ms": [
        20.937999725341797
    ],
    "child_model_run_time": [
        [
            13423461,
            13444399
        ]
    ],
    "execute_cost": 20.937999725341797,
    "finish_time": 13444409,
    "limit_cost_by_ms": 19.101667404174805,
    "model_name": "resnet50",
    "recv_time": 13416130,
    "tag": "278",
    "total_cost_by_ms": 28.27899932861328,
    "wait_cost": 7.340999603271484
}
