{
    "child_model_execute_cost_by_ms": [
        6.486000061035156
    ],
    "child_model_run_time": [
        [
            13455107,
            13461593
        ]
    ],
    "execute_cost": 6.486000061035156,
    "finish_time": 13461600,
    "limit_cost_by_ms": 6.184999942779541,
    "model_name": "yolov2",
    "recv_time": 13446861,
    "tag": "280",
    "total_cost_by_ms": 14.73900032043457,
    "wait_cost": 8.253000259399414
}
