{
    "child_model_execute_cost_by_ms": [
        11.779000282287598
    ],
    "child_model_run_time": [
        [
            8636848,
            8648627
        ]
    ],
    "execute_cost": 11.779000282287598,
    "finish_time": 8648637,
    "limit_cost_by_ms": 8.86400032043457,
    "model_name": "googlenet",
    "recv_time": 8636686,
    "tag": "4",
    "total_cost_by_ms": 11.951000213623047,
    "wait_cost": 0.17199993133544922
}
