{
    "child_model_execute_cost_by_ms": [
        19.45599937438965
    ],
    "child_model_run_time": [
        [
            13989182,
            14008638
        ]
    ],
    "execute_cost": 19.45599937438965,
    "finish_time": 14008651,
    "limit_cost_by_ms": 19.101667404174805,
    "model_name": "resnet50",
    "recv_time": 13989020,
    "tag": "310",
    "total_cost_by_ms": 19.631000518798828,
    "wait_cost": 0.1750011444091797
}
