{
    "child_model_execute_cost_by_ms": [
        10.185999870300293
    ],
    "child_model_run_time": [
        [
            14229491,
            14239677
        ]
    ],
    "execute_cost": 10.185999870300293,
    "finish_time": 14239685,
    "limit_cost_by_ms": 8.86400032043457,
    "model_name": "googlenet",
    "recv_time": 14200265,
    "tag": "324",
    "total_cost_by_ms": 39.41999816894531,
    "wait_cost": 29.233997344970703
}
