{
    "child_model_execute_cost_by_ms": [
        44.50299835205078
    ],
    "child_model_run_time": [
        [
            14246961,
            14291464
        ]
    ],
    "execute_cost": 44.50299835205078,
    "finish_time": 14291474,
    "limit_cost_by_ms": 47.41033172607422,
    "model_name": "vgg19",
    "recv_time": 14246813,
    "tag": "326",
    "total_cost_by_ms": 44.6609992980957,
    "wait_cost": 0.15800094604492188
}
