{
    "child_model_execute_cost_by_ms": [
        8.175999641418457
    ],
    "child_model_run_time": [
        [
            14665645,
            14673821
        ]
    ],
    "execute_cost": 8.175999641418457,
    "finish_time": 14673827,
    "limit_cost_by_ms": 7.164666652679443,
    "model_name": "squeezenetv1",
    "recv_time": 14657075,
    "tag": "349",
    "total_cost_by_ms": 16.75200080871582,
    "wait_cost": 8.576001167297363
}
