{
    "child_model_execute_cost_by_ms": [
        9.482000350952148
    ],
    "child_model_run_time": [
        [
            14904755,
            14914237
        ]
    ],
    "execute_cost": 9.482000350952148,
    "finish_time": 14914246,
    "limit_cost_by_ms": 8.86400032043457,
    "model_name": "googlenet",
    "recv_time": 14904742,
    "tag": "363",
    "total_cost_by_ms": 9.503999710083008,
    "wait_cost": 0.021999359130859375
}
