{
    "child_model_execute_cost_by_ms": [
        45.2140007019043
    ],
    "child_model_run_time": [
        [
            15283296,
            15328510
        ]
    ],
    "execute_cost": 45.2140007019043,
    "finish_time": 15328520,
    "limit_cost_by_ms": 47.41033172607422,
    "model_name": "vgg19",
    "recv_time": 15270033,
    "tag": "386",
    "total_cost_by_ms": 58.48699951171875,
    "wait_cost": 13.272998809814453
}
