{
    "child_model_execute_cost_by_ms": [
        10.543000221252441
    ],
    "child_model_run_time": [
        [
            15569000,
            15579543
        ]
    ],
    "execute_cost": 10.543000221252441,
    "finish_time": 15579550,
    "limit_cost_by_ms": 8.86400032043457,
    "model_name": "googlenet",
    "recv_time": 15541358,
    "tag": "401",
    "total_cost_by_ms": 38.19200134277344,
    "wait_cost": 27.649002075195313
}
