{
    "child_model_execute_cost_by_ms": [
        8.388999938964844
    ],
    "child_model_run_time": [
        [
            15728825,
            15737214
        ]
    ],
    "execute_cost": 8.388999938964844,
    "finish_time": 15737229,
    "limit_cost_by_ms": 7.164666652679443,
    "model_name": "squeezenetv1",
    "recv_time": 15706274,
    "tag": "411",
    "total_cost_by_ms": 30.954999923706055,
    "wait_cost": 22.56599998474121
}
