{
    "child_model_execute_cost_by_ms": [
        8.38599967956543
    ],
    "child_model_run_time": [
        [
            15903372,
            15911758
        ]
    ],
    "execute_cost": 8.38599967956543,
    "finish_time": 15911770,
    "limit_cost_by_ms": 7.164666652679443,
    "model_name": "squeezenetv1",
    "recv_time": 15903272,
    "tag": "420",
    "total_cost_by_ms": 8.498000144958496,
    "wait_cost": 0.1120004653930664
}
