{
    "child_model_execute_cost_by_ms": [
        7.050000190734863
    ],
    "child_model_run_time": [
        [
            16126797,
            16133847
        ]
    ],
    "execute_cost": 7.050000190734863,
    "finish_time": 16133856,
    "limit_cost_by_ms": 6.184999942779541,
    "model_name": "yolov2",
    "recv_time": 16126704,
    "tag": "433",
    "total_cost_by_ms": 7.1519999504089355,
    "wait_cost": 0.10199975967407227
}
