{
    "child_model_execute_cost_by_ms": [
        9.529999732971191
    ],
    "child_model_run_time": [
        [
            16274393,
            16283923
        ]
    ],
    "execute_cost": 9.529999732971191,
    "finish_time": 16283932,
    "limit_cost_by_ms": 8.86400032043457,
    "model_name": "googlenet",
    "recv_time": 16274378,
    "tag": "442",
    "total_cost_by_ms": 9.553999900817871,
    "wait_cost": 0.024000167846679688
}
