{
    "child_model_execute_cost_by_ms": [
        8.182999610900879
    ],
    "child_model_run_time": [
        [
            16403438,
            16411621
        ]
    ],
    "execute_cost": 8.182999610900879,
    "finish_time": 16411631,
    "limit_cost_by_ms": 7.164666652679443,
    "model_name": "squeezenetv1",
    "recv_time": 16403271,
    "tag": "450",
    "total_cost_by_ms": 8.359999656677246,
    "wait_cost": 0.1770000457763672
}
