{
    "child_model_execute_cost_by_ms": [
        7.5960001945495605
    ],
    "child_model_run_time": [
        [
            9472163,
            9479759
        ]
    ],
    "execute_cost": 7.5960001945495605,
    "finish_time": 9479775,
    "limit_cost_by_ms": 6.184999942779541,
    "model_name": "yolov2",
    "recv_time": 9431287,
    "tag": "49",
    "total_cost_by_ms": 48.487998962402344,
    "wait_cost": 40.891998291015625
}
