{
    "child_model_execute_cost_by_ms": [
        8.008000373840332
    ],
    "child_model_run_time": [
        [
            17281769,
            17289777
        ]
    ],
    "execute_cost": 8.008000373840332,
    "finish_time": 17289787,
    "limit_cost_by_ms": 7.164666652679443,
    "model_name": "squeezenetv1",
    "recv_time": 17281748,
    "tag": "500",
    "total_cost_by_ms": 8.038999557495117,
    "wait_cost": 0.030999183654785156
}
