{
    "child_model_execute_cost_by_ms": [
        6.520999908447266
    ],
    "child_model_run_time": [
        [
            17749432,
            17755953
        ]
    ],
    "execute_cost": 6.520999908447266,
    "finish_time": 17755963,
    "limit_cost_by_ms": 6.184999942779541,
    "model_name": "yolov2",
    "recv_time": 17749352,
    "tag": "527",
    "total_cost_by_ms": 6.611000061035156,
    "wait_cost": 0.09000015258789063
}
