{
    "child_model_execute_cost_by_ms": [
        10.057999610900879
    ],
    "child_model_run_time": [
        [
            17982429,
            17992487
        ]
    ],
    "execute_cost": 10.057999610900879,
    "finish_time": 17992496,
    "limit_cost_by_ms": 8.86400032043457,
    "model_name": "googlenet",
    "recv_time": 17966964,
    "tag": "540",
    "total_cost_by_ms": 25.531999588012695,
    "wait_cost": 15.473999977111816
}
