{
    "child_model_execute_cost_by_ms": [
        9.994999885559082
    ],
    "child_model_run_time": [
        [
            18074561,
            18084556
        ]
    ],
    "execute_cost": 9.994999885559082,
    "finish_time": 18084566,
    "limit_cost_by_ms": 8.86400032043457,
    "model_name": "googlenet",
    "recv_time": 18074410,
    "tag": "545",
    "total_cost_by_ms": 10.156000137329102,
    "wait_cost": 0.16100025177001953
}
