{
    "child_model_execute_cost_by_ms": [
        10.482999801635742
    ],
    "child_model_run_time": [
        [
            18499598,
            18510081
        ]
    ],
    "execute_cost": 10.482999801635742,
    "finish_time": 18510091,
    "limit_cost_by_ms": 8.86400032043457,
    "model_name": "googlenet",
    "recv_time": 18499537,
    "tag": "569",
    "total_cost_by_ms": 10.553999900817871,
    "wait_cost": 0.0710000991821289
}
