{
    "child_model_execute_cost_by_ms": [
        45.13800048828125
    ],
    "child_model_run_time": [
        [
            18637277,
            18682415
        ]
    ],
    "execute_cost": 45.13800048828125,
    "finish_time": 18682432,
    "limit_cost_by_ms": 47.41033172607422,
    "model_name": "vgg19",
    "recv_time": 18637263,
    "tag": "578",
    "total_cost_by_ms": 45.16899871826172,
    "wait_cost": 0.03099822998046875
}
