{
    "child_model_execute_cost_by_ms": [
        6.406000137329102
    ],
    "child_model_run_time": [
        [
            9641397,
            9647803
        ]
    ],
    "execute_cost": 6.406000137329102,
    "finish_time": 9647813,
    "limit_cost_by_ms": 6.184999942779541,
    "model_name": "yolov2",
    "recv_time": 9628236,
    "tag": "60",
    "total_cost_by_ms": 19.57699966430664,
    "wait_cost": 13.170999526977539
}
