{
    "child_model_execute_cost_by_ms": [
        9.979000091552734
    ],
    "child_model_run_time": [
        [
            19183455,
            19193434
        ]
    ],
    "execute_cost": 9.979000091552734,
    "finish_time": 19193448,
    "limit_cost_by_ms": 8.86400032043457,
    "model_name": "googlenet",
    "recv_time": 19183440,
    "tag": "609",
    "total_cost_by_ms": 10.008000373840332,
    "wait_cost": 0.029000282287597656
}
