{
    "child_model_execute_cost_by_ms": [
        8.430000305175781
    ],
    "child_model_run_time": [
        [
            19193533,
            19201963
        ]
    ],
    "execute_cost": 8.430000305175781,
    "finish_time": 19201975,
    "limit_cost_by_ms": 7.164666652679443,
    "model_name": "squeezenetv1",
    "recv_time": 19190380,
    "tag": "610",
    "total_cost_by_ms": 11.595000267028809,
    "wait_cost": 3.1649999618530273
}
