{
    "child_model_execute_cost_by_ms": [
        9.913999557495117
    ],
    "child_model_run_time": [
        [
            19304766,
            19314680
        ]
    ],
    "execute_cost": 9.913999557495117,
    "finish_time": 19314691,
    "limit_cost_by_ms": 8.86400032043457,
    "model_name": "googlenet",
    "recv_time": 19304756,
    "tag": "616",
    "total_cost_by_ms": 9.9350004196167,
    "wait_cost": 0.02100086212158203
}
