{
    "child_model_execute_cost_by_ms": [
        6.6529998779296875
    ],
    "child_model_run_time": [
        [
            19854932,
            19861585
        ]
    ],
    "execute_cost": 6.6529998779296875,
    "finish_time": 19861595,
    "limit_cost_by_ms": 6.184999942779541,
    "model_name": "yolov2",
    "recv_time": 19845833,
    "tag": "647",
    "total_cost_by_ms": 15.76200008392334,
    "wait_cost": 9.109000205993652
}
