{
    "child_model_execute_cost_by_ms": [
        44.395999908447266
    ],
    "child_model_run_time": [
        [
            19870557,
            19914953
        ]
    ],
    "execute_cost": 44.395999908447266,
    "finish_time": 19914964,
    "limit_cost_by_ms": 47.41033172607422,
    "model_name": "vgg19",
    "recv_time": 19870536,
    "tag": "649",
    "total_cost_by_ms": 44.428001403808594,
    "wait_cost": 0.032001495361328125
}
