{
    "child_model_execute_cost_by_ms": [
        8.20300006866455
    ],
    "child_model_run_time": [
        [
            19954074,
            19962277
        ]
    ],
    "execute_cost": 8.20300006866455,
    "finish_time": 19962289,
    "limit_cost_by_ms": 7.164666652679443,
    "model_name": "squeezenetv1",
    "recv_time": 19954061,
    "tag": "653",
    "total_cost_by_ms": 8.227999687194824,
    "wait_cost": 0.024999618530273438
}
