{
    "child_model_execute_cost_by_ms": [
        19.47599983215332
    ],
    "child_model_run_time": [
        [
            20048885,
            20068361
        ]
    ],
    "execute_cost": 19.47599983215332,
    "finish_time": 20068369,
    "limit_cost_by_ms": 19.101667404174805,
    "model_name": "resnet50",
    "recv_time": 20048797,
    "tag": "658",
    "total_cost_by_ms": 19.57200050354004,
    "wait_cost": 0.09600067138671875
}
