{
    "child_model_execute_cost_by_ms": [
        7.770999908447266
    ],
    "child_model_run_time": [
        [
            20134269,
            20142040
        ]
    ],
    "execute_cost": 7.770999908447266,
    "finish_time": 20142055,
    "limit_cost_by_ms": 6.184999942779541,
    "model_name": "yolov2",
    "recv_time": 20103280,
    "tag": "662",
    "total_cost_by_ms": 38.775001525878906,
    "wait_cost": 31.00400161743164
}
