{
    "child_model_execute_cost_by_ms": [
        6.874000072479248
    ],
    "child_model_run_time": [
        [
            20202451,
            20209325
        ]
    ],
    "execute_cost": 6.874000072479248,
    "finish_time": 20209337,
    "limit_cost_by_ms": 6.184999942779541,
    "model_name": "yolov2",
    "recv_time": 20202437,
    "tag": "667",
    "total_cost_by_ms": 6.900000095367432,
    "wait_cost": 0.026000022888183594
}
