{
    "child_model_execute_cost_by_ms": [
        10.286999702453613
    ],
    "child_model_run_time": [
        [
            20379879,
            20390166
        ]
    ],
    "execute_cost": 10.286999702453613,
    "finish_time": 20390176,
    "limit_cost_by_ms": 8.86400032043457,
    "model_name": "googlenet",
    "recv_time": 20379768,
    "tag": "676",
    "total_cost_by_ms": 10.407999992370605,
    "wait_cost": 0.12100028991699219
}
