{
    "child_model_execute_cost_by_ms": [
        7.355999946594238
    ],
    "child_model_run_time": [
        [
            20502757,
            20510113
        ]
    ],
    "execute_cost": 7.355999946594238,
    "finish_time": 20510122,
    "limit_cost_by_ms": 6.184999942779541,
    "model_name": "yolov2",
    "recv_time": 20494551,
    "tag": "683",
    "total_cost_by_ms": 15.571000099182129,
    "wait_cost": 8.21500015258789
}
