{
    "child_model_execute_cost_by_ms": [
        19.202999114990234
    ],
    "child_model_run_time": [
        [
            20631210,
            20650413
        ]
    ],
    "execute_cost": 19.202999114990234,
    "finish_time": 20650425,
    "limit_cost_by_ms": 19.101667404174805,
    "model_name": "resnet50",
    "recv_time": 20631118,
    "tag": "691",
    "total_cost_by_ms": 19.30699920654297,
    "wait_cost": 0.10400009155273438
}
