{
    "child_model_execute_cost_by_ms": [
        7.046000003814697
    ],
    "child_model_run_time": [
        [
            20959735,
            20966781
        ]
    ],
    "execute_cost": 7.046000003814697,
    "finish_time": 20966790,
    "limit_cost_by_ms": 6.184999942779541,
    "model_name": "yolov2",
    "recv_time": 20959641,
    "tag": "709",
    "total_cost_by_ms": 7.14900016784668,
    "wait_cost": 0.10300016403198242
}
