{
    "child_model_execute_cost_by_ms": [
        8.225000381469727
    ],
    "child_model_run_time": [
        [
            9852831,
            9861056
        ]
    ],
    "execute_cost": 8.225000381469727,
    "finish_time": 9861069,
    "limit_cost_by_ms": 7.164666652679443,
    "model_name": "squeezenetv1",
    "recv_time": 9852687,
    "tag": "72",
    "total_cost_by_ms": 8.381999969482422,
    "wait_cost": 0.1569995880126953
}
