{
    "child_model_execute_cost_by_ms": [
        9.998000144958496
    ],
    "child_model_run_time": [
        [
            21201011,
            21211009
        ]
    ],
    "execute_cost": 9.998000144958496,
    "finish_time": 21211020,
    "limit_cost_by_ms": 8.86400032043457,
    "model_name": "googlenet",
    "recv_time": 21200909,
    "tag": "723",
    "total_cost_by_ms": 10.111000061035156,
    "wait_cost": 0.11299991607666016
}
