{
    "child_model_execute_cost_by_ms": [
        8.019000053405762
    ],
    "child_model_run_time": [
        [
            21556765,
            21564784
        ]
    ],
    "execute_cost": 8.019000053405762,
    "finish_time": 21564792,
    "limit_cost_by_ms": 7.164666652679443,
    "model_name": "squeezenetv1",
    "recv_time": 21556750,
    "tag": "744",
    "total_cost_by_ms": 8.041999816894531,
    "wait_cost": 0.02299976348876953
}
