{
    "child_model_execute_cost_by_ms": [
        45.066001892089844
    ],
    "child_model_run_time": [
        [
            21571868,
            21616934
        ]
    ],
    "execute_cost": 45.066001892089844,
    "finish_time": 21616948,
    "limit_cost_by_ms": 47.41033172607422,
    "model_name": "vgg19",
    "recv_time": 21565505,
    "tag": "746",
    "total_cost_by_ms": 51.44300079345703,
    "wait_cost": 6.3769989013671875
}
