{
    "child_model_execute_cost_by_ms": [
        8.230999946594238
    ],
    "child_model_run_time": [
        [
            21649372,
            21657603
        ]
    ],
    "execute_cost": 8.230999946594238,
    "finish_time": 21657616,
    "limit_cost_by_ms": 7.164666652679443,
    "model_name": "squeezenetv1",
    "recv_time": 21649277,
    "tag": "749",
    "total_cost_by_ms": 8.33899974822998,
    "wait_cost": 0.10799980163574219
}
