{
    "child_model_execute_cost_by_ms": [
        21.382999420166016
    ],
    "child_model_run_time": [
        [
            21729496,
            21750879
        ]
    ],
    "execute_cost": 21.382999420166016,
    "finish_time": 21750893,
    "limit_cost_by_ms": 19.101667404174805,
    "model_name": "resnet50",
    "recv_time": 21720198,
    "tag": "753",
    "total_cost_by_ms": 30.69499969482422,
    "wait_cost": 9.312000274658203
}
