{
    "child_model_execute_cost_by_ms": [
        10.968000411987305
    ],
    "child_model_run_time": [
        [
            21750951,
            21761919
        ]
    ],
    "execute_cost": 10.968000411987305,
    "finish_time": 21761936,
    "limit_cost_by_ms": 8.86400032043457,
    "model_name": "googlenet",
    "recv_time": 21724285,
    "tag": "754",
    "total_cost_by_ms": 37.6510009765625,
    "wait_cost": 26.683000564575195
}
