{
    "child_model_execute_cost_by_ms": [
        6.4730000495910645
    ],
    "child_model_run_time": [
        [
            21771292,
            21777765
        ]
    ],
    "execute_cost": 6.4730000495910645,
    "finish_time": 21777774,
    "limit_cost_by_ms": 6.184999942779541,
    "model_name": "yolov2",
    "recv_time": 21771279,
    "tag": "756",
    "total_cost_by_ms": 6.494999885559082,
    "wait_cost": 0.021999835968017578
}
