{
    "child_model_execute_cost_by_ms": [
        9.149999618530273
    ],
    "child_model_run_time": [
        [
            21854772,
            21863922
        ]
    ],
    "execute_cost": 9.149999618530273,
    "finish_time": 21863934,
    "limit_cost_by_ms": 7.164666652679443,
    "model_name": "squeezenetv1",
    "recv_time": 21834298,
    "tag": "760",
    "total_cost_by_ms": 29.63599967956543,
    "wait_cost": 20.486000061035156
}
