{
    "child_model_execute_cost_by_ms": [
        7.10699987411499
    ],
    "child_model_run_time": [
        [
            21978836,
            21985943
        ]
    ],
    "execute_cost": 7.10699987411499,
    "finish_time": 21985952,
    "limit_cost_by_ms": 6.184999942779541,
    "model_name": "yolov2",
    "recv_time": 21978788,
    "tag": "767",
    "total_cost_by_ms": 7.164000034332275,
    "wait_cost": 0.057000160217285156
}
