{
    "child_model_execute_cost_by_ms": [
        8.23900032043457
    ],
    "child_model_run_time": [
        [
            22110591,
            22118830
        ]
    ],
    "execute_cost": 8.23900032043457,
    "finish_time": 22118840,
    "limit_cost_by_ms": 7.164666652679443,
    "model_name": "squeezenetv1",
    "recv_time": 22110572,
    "tag": "775",
    "total_cost_by_ms": 8.267999649047852,
    "wait_cost": 0.02899932861328125
}
