{
    "child_model_execute_cost_by_ms": [
        20.238000869750977
    ],
    "child_model_run_time": [
        [
            23619651,
            23639889
        ]
    ],
    "execute_cost": 20.238000869750977,
    "finish_time": 23639900,
    "limit_cost_by_ms": 19.101667404174805,
    "model_name": "resnet50",
    "recv_time": 23619647,
    "tag": "860",
    "total_cost_by_ms": 20.253000259399414,
    "wait_cost": 0.0149993896484375
}
