{
    "child_model_execute_cost_by_ms": [
        7.660999774932861
    ],
    "child_model_run_time": [
        [
            23743698,
            23751359
        ]
    ],
    "execute_cost": 7.660999774932861,
    "finish_time": 23751371,
    "limit_cost_by_ms": 6.184999942779541,
    "model_name": "yolov2",
    "recv_time": 23708904,
    "tag": "867",
    "total_cost_by_ms": 42.46699905395508,
    "wait_cost": 34.805999755859375
}
