{
    "child_model_execute_cost_by_ms": [
        8.887999534606934
    ],
    "child_model_run_time": [
        [
            23976789,
            23985677
        ]
    ],
    "execute_cost": 8.887999534606934,
    "finish_time": 23985689,
    "limit_cost_by_ms": 7.164666652679443,
    "model_name": "squeezenetv1",
    "recv_time": 23940228,
    "tag": "880",
    "total_cost_by_ms": 45.46099853515625,
    "wait_cost": 36.572998046875
}
