{
    "child_model_execute_cost_by_ms": [
        6.7170000076293945
    ],
    "child_model_run_time": [
        [
            23995800,
            24002517
        ]
    ],
    "execute_cost": 6.7170000076293945,
    "finish_time": 24002526,
    "limit_cost_by_ms": 6.184999942779541,
    "model_name": "yolov2",
    "recv_time": 23995693,
    "tag": "882",
    "total_cost_by_ms": 6.833000183105469,
    "wait_cost": 0.11600017547607422
}
