{
    "child_model_execute_cost_by_ms": [
        9.317000389099121
    ],
    "child_model_run_time": [
        [
            24143367,
            24152684
        ]
    ],
    "execute_cost": 9.317000389099121,
    "finish_time": 24152692,
    "limit_cost_by_ms": 8.86400032043457,
    "model_name": "googlenet",
    "recv_time": 24127812,
    "tag": "891",
    "total_cost_by_ms": 24.8799991607666,
    "wait_cost": 15.56299877166748
}
