{
    "child_model_execute_cost_by_ms": [
        9.663000106811523
    ],
    "child_model_run_time": [
        [
            24234010,
            24243673
        ]
    ],
    "execute_cost": 9.663000106811523,
    "finish_time": 24243682,
    "limit_cost_by_ms": 8.86400032043457,
    "model_name": "googlenet",
    "recv_time": 24234002,
    "tag": "896",
    "total_cost_by_ms": 9.680000305175781,
    "wait_cost": 0.017000198364257813
}
