{
    "child_model_execute_cost_by_ms": [
        19.05500030517578
    ],
    "child_model_run_time": [
        [
            8752076,
            8771131
        ]
    ],
    "execute_cost": 19.05500030517578,
    "finish_time": 8771141,
    "limit_cost_by_ms": 19.101667404174805,
    "model_name": "resnet50",
    "recv_time": 8752062,
    "tag": "10",
    "total_cost_by_ms": 19.07900047302246,
    "wait_cost": 0.024000167846679688
}
