{
    "child_model_execute_cost_by_ms": [
        19.468000411987305
    ],
    "child_model_run_time": [
        [
            24342677,
            24362145
        ]
    ],
    "execute_cost": 19.468000411987305,
    "finish_time": 24362155,
    "limit_cost_by_ms": 19.101667404174805,
    "model_name": "resnet50",
    "recv_time": 24342588,
    "tag": "903",
    "total_cost_by_ms": 19.566999435424805,
    "wait_cost": 0.0989990234375
}
