{
    "child_model_execute_cost_by_ms": [
        45.263999938964844
    ],
    "child_model_run_time": [
        [
            24482462,
            24527726
        ]
    ],
    "execute_cost": 45.263999938964844,
    "finish_time": 24527734,
    "limit_cost_by_ms": 47.41033172607422,
    "model_name": "vgg19",
    "recv_time": 24482450,
    "tag": "911",
    "total_cost_by_ms": 45.284000396728516,
    "wait_cost": 0.020000457763671875
}
