{
    "child_model_execute_cost_by_ms": [
        10.13700008392334
    ],
    "child_model_run_time": [
        [
            24778876,
            24789013
        ]
    ],
    "execute_cost": 10.13700008392334,
    "finish_time": 24789021,
    "limit_cost_by_ms": 8.86400032043457,
    "model_name": "googlenet",
    "recv_time": 24778869,
    "tag": "927",
    "total_cost_by_ms": 10.152000427246094,
    "wait_cost": 0.015000343322753906
}
