{
    "child_model_execute_cost_by_ms": [
        45.0
    ],
    "child_model_run_time": [
        [
            24918470,
            24963470
        ]
    ],
    "execute_cost": 45.0,
    "finish_time": 24963478,
    "limit_cost_by_ms": 47.41033172607422,
    "model_name": "vgg19",
    "recv_time": 24918372,
    "tag": "936",
    "total_cost_by_ms": 45.10599899291992,
    "wait_cost": 0.10599899291992188
}
