{
    "child_model_execute_cost_by_ms": [
        7.605000019073486
    ],
    "child_model_run_time": [
        [
            24963594,
            24971199
        ]
    ],
    "execute_cost": 7.605000019073486,
    "finish_time": 24971212,
    "limit_cost_by_ms": 6.184999942779541,
    "model_name": "yolov2",
    "recv_time": 24948568,
    "tag": "937",
    "total_cost_by_ms": 22.643999099731445,
    "wait_cost": 15.038999557495117
}
