name,min,avg,max
vgg19,1.0,1.1045286870135225,1.778134888018598
resnet50,1.0,1.911839971413171,4.968014078724511
yolov2,1.0,2.32128384850088,8.57088880270054
googlenet,1.0001464183433906,2.1974487576589325,7.766701745625045
squeezenetv1,1.0241040663921794,2.355987670902396,8.492586752245796
total,1.0,2.060604453428972,8.57088880270054
