{
    "squeezenetv1": {
        "min": 0.008999824523925781,
        "avg": 8.983346415316964,
        "max": 53.987998962402344,
        "std": 13.528798651699212
    },
    "yolov2": {
        "min": 0.010000228881835938,
        "avg": 7.9114387346350625,
        "max": 47.236000061035156,
        "std": 12.27249689148795
    },
    "googlenet": {
        "min": 0.012000083923339844,
        "avg": 9.970410537719726,
        "max": 60.79100036621094,
        "std": 15.417246971905307
    },
    "resnet50": {
        "min": 0.01399993896484375,
        "avg": 16.642513011631213,
        "max": 72.5679931640625,
        "std": 20.907927163065175
    },
    "vgg19": {
        "min": 0.019001007080078125,
        "avg": 5.376490232960278,
        "max": 37.57999801635742,
        "std": 9.223754343328128
    },
    "total": {
        "min": 0.008999824523925781,
        "avg": 9.519253994464874,
        "max": 72.5679931640625,
        "std": 14.80687948135968
    }
}