name,Std. Deviation of RR
vgg19,0.19067727536945916
resnet50,1.120179439554991
yolov2,1.9751385075377605
googlenet,1.7235544698945113
squeezenetv1,1.87585516997242
total,1.6783500373696387
