name,min,avg,max
googlenet,1.0,2.1139139535756453,4.855799176413839
squeezenetv1,1.0563010180793113,2.3190571804574214,4.9318024589467555
yolov2,1.1511737640680197,2.5328447819493674,4.590483010323733
vgg19,1.1618431542760592,1.6047996302721192,2.3851083137536944
resnet50,1.1884416128170319,2.006040823233901,3.4212633908162426
total,1.0,2.0840762486803093,4.9318024589467555
