name,Std. Deviation of RR
googlenet,0.9116440410021357
squeezenetv1,0.9728606432932708
yolov2,0.9779543417768763
vgg19,0.36368432253387234
resnet50,0.609484796140532
total,0.8566170303102909
