name,Std. Deviation of RR
DLIR,0.8207241998933399
BNST,1.6783500373696387
FIFO,2.159595586420667
OYST,0.8351571138453927
PARALLEL,2.6168888398467987
