name,Max RR
DLIR,5.195553695509305
BNST,8.57088880270054
FIFO,11.368608923803341
OYST,4.903991186565347
PARALLEL,14.236716508010462
