name,Average RR
DLIR,1.9317113025703279
BNST,2.060604453428972
FIFO,2.3581424457505302
OYST,1.928667935470493
PARALLEL,2.8051213917006277
