name,Average RR, Max RR
DLIR,1.9317113025703279,5.195553695509305
BNST,2.060604453428972,8.57088880270054
FIFO,2.3581424457505302,11.368608923803341
OYST,1.928667935470493,4.903991186565347
PARALLEL,2.8051213917006277,14.236716508010462
