name,min,avg,max
squeezenetv1,1.052788287206481,2.4339923514568538,4.843800655476827
googlenet,1.06881004276399,2.194261544108779,5.742828336811107
yolov2,1.1611239502498956,2.640635715537178,4.837264159281493
vgg19,1.1687845828922432,1.7715949986857344,4.383648452852565
resnet50,1.217794286927854,1.8814748689231928,3.499538110495535
total,1.052788287206481,2.1117206752222075,5.742828336811107
