name,Std. Deviation of RR
squeezenetv1,0.8970395920038251
googlenet,0.8822401898055641
yolov2,1.0141304627431336
vgg19,0.45148118910442375
resnet50,0.5031388457308947
total,0.8006215229266956
