name,min,avg,max
googlenet,1.0631351074497541,2.1035000989729262,4.456851331335491
squeezenetv1,1.0670513773374062,2.022101576275077,4.722176505489852
yolov2,1.112461475753437,2.2681526512524606,4.760654714185538
vgg19,1.160880743329417,1.6081783820677997,2.3395468811464903
resnet50,1.1942612354601865,1.71771422154317,3.2446853304133527
total,1.0631351074497541,1.9440389218617633,4.760654714185538
