name,Std. Deviation of RR
googlenet,0.8883744435386836
squeezenetv1,0.8981337448190188
yolov2,0.9538188301619629
vgg19,0.3457286039756748
resnet50,0.5029080656168087
total,0.7959650188492063
