name,min,avg,max
vgg19,1.0,1.0990726959646613,1.8610217433081984
resnet50,1.0,2.1323067660053394,4.7718154483874695
yolov2,1.023916859947938,4.571569609853329,13.218645610475741
googlenet,1.031082069733134,3.931333520807733,9.989395582074911
squeezenetv1,1.0386906442956467,4.285398205900541,12.092380991028238
total,1.0,2.908952454071669,13.218645610475741
