name,Std. Deviation of RR
vgg19,0.1442946268265444
resnet50,1.064797520516355
yolov2,3.189278718295755
googlenet,2.5246143767222256
squeezenetv1,2.731514179176835
total,2.4589805777191795
