name,min,avg,max
vgg19,1.0,1.0908335424729156,1.7654704419107563
resnet50,1.0,1.6403949621847687,4.684480887970048
yolov2,1.000054429672036,3.504700592170237,13.456480089953015
googlenet,1.0450755679999157,3.174823386887976,10.27203104374468
squeezenetv1,1.072738905343405,3.2018513528345243,10.097106625003361
total,1.0,2.518501783496027,13.456480089953015
