name,Std. Deviation of RR
vgg19,0.14570993389116907
resnet50,0.8869095427332341
yolov2,3.2521935198162795
googlenet,2.334517299506864
squeezenetv1,2.4829187911271506
total,2.320530892789046
