name,min,avg,max
squeezenetv1,1.0151299246479757,2.0325179053566558,5.099412714962639
googlenet,1.0204685397610918,1.9092288045315895,3.906984615052261
yolov2,1.1004360063265601,2.210724800991851,4.608305074368266
vgg19,1.163583305388107,1.7441663506436054,2.374254183360262
resnet50,1.1996044929364167,1.8040122539372032,3.3334200986881455
total,1.0151299246479757,1.9524925840227934,5.099412714962639
