name,Std. Deviation of RR
squeezenetv1,1.0462285353418308
googlenet,0.8050452581953035
yolov2,0.9629074132505364
vgg19,0.339741515518881
resnet50,0.5242711110043221
total,0.7993238564685092
